permutation,seed,vmse
1,101,3.0301061920487005
1,202,3.1177296912264123
1,303,3.1079344683441192
1,404,3.1560894119790692
1,505,3.796012925130632
2,101,1.5716921463050584
2,202,1.8394666716986134
2,303,2.4331451952286987
2,404,2.299280275968581
2,505,2.1874901008695975
3,101,3.22159657952707
3,202,4.32253192475257
3,303,2.9115422574861665
3,404,2.879120425278949
3,505,3.493071625752068
4,101,5.087673772755291
4,202,4.3734190368491985
4,303,4.4457928640118896
4,404,3.6171457697201634
4,505,4.095086557933652
5,101,3.6053951178093095
5,202,2.9986053814964926
5,303,3.677092716062331
5,404,2.47266688682484
5,505,2.540444682952437
6,101,1.780247433151802
6,202,1.8568784457556151
6,303,1.9274445325703704
6,404,1.641967762650933
6,505,1.3576367580575142
7,101,3.457593819535626
7,202,3.4022288489550383
7,303,3.215239932776794
7,404,3.4796429856014517
7,505,4.421182393272952
8,101,3.553526594282158
8,202,2.8367293402475835
8,303,3.918917981234491
8,404,2.7521155673426483
8,505,2.731127890040271
9,101,6.702116358065218
9,202,5.782977864043751
9,303,5.958287370000168
9,404,4.079890047898999
9,505,4.642613045284403
10,101,2.5259161163792094
10,202,2.981257345882035
10,303,5.358179085031839
10,404,2.868873177094118
10,505,2.873929483605647
11,101,2.573993396325326
11,202,2.5442112269024575
11,303,2.336106736526012
11,404,2.4822259462119174
11,505,2.9050144045406694
12,101,3.126401095020043
12,202,2.9007558660763153
12,303,2.413809884975068
12,404,2.133677550179343
12,505,2.7290475927397595
13,101,2.3477723257481053
13,202,2.1651522334684907
13,303,3.459479707075907
13,404,2.9727139823565554
13,505,3.071657655462958
14,101,3.0700167208571125
14,202,2.0229246123024947
14,303,2.6601429846033224
14,404,2.2718671490071034
14,505,2.739273223908885
15,101,4.534102573719334
15,202,4.448369124420678
15,303,4.4361458616857
15,404,3.0102783340649686
15,505,4.228036169432526
16,101,4.244616961929823
16,202,4.3360000448667995
16,303,4.686683854332092
16,404,2.971639746383183
16,505,3.85597564722225
17,101,4.949838524264795
17,202,5.993830825119681
17,303,5.063894138490167
17,404,4.311499088953512
17,505,4.948343857005863
18,101,1.5548252861751704
18,202,2.6199168464913773
18,303,1.72858551229865
18,404,1.3830392684368482
18,505,1.9070536589733007
19,101,3.898037012809368
19,202,3.7281739408271495
19,303,3.193074317122676
19,404,3.5901710086131846
19,505,4.122855770854396
20,101,1.7232376524431183
20,202,1.6661713443500341
20,303,1.4398679483601036
20,404,1.316929049125389
20,505,1.934778697520253
21,101,1.9494245574414641
21,202,2.1439289624238946
21,303,2.2661509097914805
21,404,2.3546767441857215
21,505,2.149562605680555
22,101,4.775908597243216
22,202,4.084416974985707
22,303,3.8784517090287767
22,404,3.599191894482215
22,505,3.602682784214636
23,101,1.8518109745026878
23,202,1.7627367725061562
23,303,2.2510115652188767
23,404,2.0604497177566907
23,505,1.7059453766761026
24,101,2.1356280031451673
24,202,2.5862315120571653
24,303,2.457106059720884
24,404,2.0148370107343054
24,505,2.3034290498167564
25,101,1.2416385662966631
25,202,1.4690964120879533
25,303,1.2004638891813597
25,404,1.1575554962640575
25,505,1.1211287554514655
26,101,3.6609169506480197
26,202,3.822567849473307
26,303,3.7430466482901883
26,404,3.978986775607819
26,505,3.8945262020384206
27,101,2.3553316671089366
27,202,3.444580522607014
27,303,3.325152071798767
27,404,2.7483108425612968
27,505,3.1324453625340496
28,101,2.501719308674448
28,202,2.4899552134304916
28,303,3.1302515487719704
28,404,2.4267080000130026
28,505,2.728211499293108
29,101,1.551938052905304
29,202,1.5049394603691022
29,303,1.8200928464194233
29,404,1.2862575710942066
29,505,1.508349497751337
30,101,5.492747770723621
30,202,4.886422993974055
30,303,4.787966980149887
30,404,4.586485538625173
30,505,4.773065494483322
31,101,5.404516000194774
31,202,5.506960501928159
31,303,3.9778492877421914
31,404,4.116593787793856
31,505,4.480436884539939
32,101,1.6385632811458921
32,202,1.5030758436447558
32,303,1.8637320759203932
32,404,1.505976548483755
32,505,1.87387645781899
33,101,2.8182668059929563
33,202,2.6883149485417004
33,303,2.5465299195255167
33,404,2.4760618864118173
33,505,2.251422880201232
34,101,1.7227183570459346
34,202,1.7603965890604194
34,303,1.9374044429850439
34,404,1.4724739987743283
34,505,1.5997235302827026
35,101,3.8026351652852384
35,202,3.3983472745957286
35,303,5.686773317833202
35,404,2.9573074037780955
35,505,3.308072749672897
36,101,1.9687208048808824
36,202,2.4122047474391204
36,303,2.084026484809244
36,404,1.9585732165716894
36,505,1.915269521857484
37,101,2.006661656016746
37,202,2.2041268904112123
37,303,4.16585795866224
37,404,2.09220465024402
37,505,2.428405302045586
38,101,4.434617100146969
38,202,6.0571324035043
38,303,3.792991322869303
38,404,3.2434889382074252
38,505,4.1256855599655164
39,101,4.228541977247758
39,202,3.3816124380620605
39,303,4.140159318620453
39,404,2.777303036206015
39,505,2.187002852380834
40,101,4.363498293453713
40,202,3.300264673344724
40,303,4.169350338639571
40,404,3.005214964895035
40,505,2.836220702885176
41,101,2.586472558775343
41,202,2.4737699448545456
41,303,2.5953555356038307
41,404,2.0302991655253337
41,505,2.0976384632590777
42,101,1.3545179395863507
42,202,1.3898595936354075
42,303,1.8858625829878346
42,404,1.2704031621645828
42,505,1.4608573506583742
43,101,2.3744957919024836
43,202,2.218196089737857
43,303,2.4113600503953183
43,404,2.0323302356056527
43,505,2.0836140723800542
44,101,1.6498011863802322
44,202,1.6729636934402567
44,303,2.0245148550148064
44,404,1.604823427969
44,505,1.221358696561349
45,101,1.8483658956972886
45,202,1.8163317386356017
45,303,1.8726052556015569
45,404,1.7565038711841106
45,505,2.1361315624998016
46,101,2.0731632896302608
46,202,1.5594736265374953
46,303,3.0140135988703802
46,404,2.398702133582363
46,505,2.0474491934438737
47,101,2.8658512645802907
47,202,2.8564476861087384
47,303,3.605909804410886
47,404,2.332305308851083
47,505,2.5639860476786023
48,101,2.1848554055832485
48,202,1.9597125640734145
48,303,2.473927792621353
48,404,1.6095777698333904
48,505,2.2850569120542743
49,101,2.9524622151625426
49,202,2.9010417129770314
49,303,2.049300364615258
49,404,2.9846277183355943
49,505,2.735668683951973
50,101,4.012746640362209
50,202,3.0156744191905913
50,303,3.6144134119741076
50,404,2.1570211504394496
50,505,2.7422276611618503
51,101,2.194236513341357
51,202,2.511684561103635
51,303,2.1976534781395385
51,404,2.2206070775334315
51,505,2.258028995887953
52,101,2.880374326125196
52,202,2.6582053351452912
52,303,2.6735393372855016
52,404,2.680956727962732
52,505,2.8551374951057187
53,101,3.368746823456569
53,202,3.557197532157145
53,303,2.9786654898619176
53,404,3.2336918470389096
53,505,3.5131388582139516
54,101,4.652428308694974
54,202,3.70563130736304
54,303,3.7444883526240837
54,404,3.046646923217313
54,505,3.18451024936091
55,101,3.7088607970726284
55,202,3.4916404812030817
55,303,3.4045905918621027
55,404,2.7431808431581888
55,505,2.8357065594788313
56,101,3.8065378265350125
56,202,3.3502936748914602
56,303,3.0312267546313607
56,404,3.4835522442060864
56,505,3.600682991743442
57,101,3.044068330071745
57,202,3.0160590070807114
57,303,2.7580689558039473
57,404,2.5864942982540184
57,505,2.918917180611171
58,101,2.2138061075764153
58,202,2.7346092589885314
58,303,2.130052578471837
58,404,2.0532665781171935
58,505,1.845292165866385
59,101,3.351457504271969
59,202,4.885238153050216
59,303,7.442070829964014
59,404,3.268816191069687
59,505,2.974502184876305
60,101,3.440751120218719
60,202,3.1086389373853875
60,303,2.211287659993786
60,404,2.391756809694979
60,505,3.883154939471806
61,101,1.3989484141580268
61,202,1.3245193215746527
61,303,1.6080795927455436
61,404,1.1825574940614112
61,505,1.6222829457786776
62,101,1.5787240957642483
62,202,1.8992329225811788
62,303,2.792797169537261
62,404,1.5057305333916697
62,505,1.5958378199902703
63,101,2.032249229467892
63,202,2.2256751371135572
63,303,2.0696626969422156
63,404,2.3722312801345
63,505,2.214319199589928
64,101,4.9542955563509805
64,202,4.416192602158527
64,303,3.688705251322724
64,404,3.1475823340382507
64,505,5.262582543001713
65,101,1.7873875216145991
65,202,1.9329625525229066
65,303,2.118785580660398
65,404,1.9398971858973582
65,505,1.8933343393084319
66,101,3.2601399805028204
66,202,3.2108276645692895
66,303,3.3155429744985723
66,404,1.9141730001077295
66,505,2.3041667589711192
67,101,1.8872387480413582
67,202,1.7302002032622845
67,303,1.4616895950738482
67,404,1.3763176504923726
67,505,1.6900666869145016
68,101,3.791022800740454
68,202,3.1351017678205255
68,303,3.1462794760101835
68,404,2.924931452357468
68,505,3.9352694604669676
69,101,1.8804802332583976
69,202,1.8877040462124397
69,303,1.9282696699451383
69,404,2.103439187417289
69,505,2.0331504081387606
70,101,2.7933318389368975
70,202,2.8406360387307874
70,303,2.966901161927628
70,404,2.6604279356117018
70,505,3.7290057832558716
71,101,3.10384267402365
71,202,2.6592445522962946
71,303,3.0453044371115334
71,404,2.294533907130723
71,505,2.0433722105111807
72,101,1.9562180846469763
72,202,2.1906708874368244
72,303,1.8431195209700237
72,404,2.1803460098859246
72,505,2.1925581236861706
73,101,2.3767552378425467
73,202,1.7445155925653526
73,303,2.5909893847946055
73,404,1.7667113516679933
73,505,2.183161931330067
74,101,1.624447983805444
74,202,1.4242115525676797
74,303,1.9058155985736984
74,404,1.6092468775790303
74,505,1.947583663818959
75,101,2.558137632410738
75,202,2.2053879985261613
75,303,3.18351409477141
75,404,2.1373452603880247
75,505,2.21533675593418
76,101,2.6750310701916216
76,202,2.523409306356332
76,303,3.0703549870189955
76,404,2.9634296568523504
76,505,2.917151021516151
77,101,1.53627704678904
77,202,1.7490236988229526
77,303,2.2419207479371646
77,404,1.5127840028443669
77,505,2.0466735285396624
78,101,3.156254011504014
78,202,3.3656359640176734
78,303,3.4387279119695213
78,404,3.8614906460669527
78,505,3.739934785744132
79,101,1.8945070559345807
79,202,1.956227150778577
79,303,2.087186327062457
79,404,2.208469201819742
79,505,2.4150480383460087
80,101,4.669013713476847
80,202,5.809362718309649
80,303,3.8526093689719993
80,404,4.176595468786847
80,505,5.102124825167775
81,101,3.329819179781145
81,202,3.4013775162864315
81,303,3.3406332100531433
81,404,2.4947247656767515
81,505,3.198704509978412
82,101,4.4555127059922714
82,202,4.630305423251997
82,303,4.694122609315269
82,404,3.44742787021909
82,505,4.418550077959313
83,101,5.496836619428852
83,202,5.841569643798561
83,303,4.174559564469183
83,404,4.488118504941478
83,505,5.811984591897012
84,101,2.847408323601684
84,202,3.036446817137348
84,303,2.949373382152101
84,404,3.653109803413255
84,505,3.0426135877593676
85,101,5.781232822619807
85,202,6.445478388705221
85,303,5.631706339722008
85,404,4.632414612554431
85,505,4.9925741769789385
86,101,1.2170674407884636
86,202,1.5747985050000803
86,303,1.647289690329925
86,404,1.3566973668419449
86,505,1.3057877732171876
87,101,2.3714827560542684
87,202,1.9881559155620703
87,303,1.6735908132958832
87,404,1.8619610282291523
87,505,2.0290888096606103
88,101,3.4623516979521187
88,202,3.1213992238539023
88,303,4.267755146857127
88,404,2.1760182145193814
88,505,3.8390256254142656
89,101,1.364366506369602
89,202,1.7374807584562033
89,303,1.6153425257797325
89,404,1.388637677010105
89,505,1.4866526527829427
90,101,2.9059191684253296
90,202,2.614375311074108
90,303,3.2702011123547767
90,404,2.7887288836193154
90,505,2.843312734190121
91,101,5.648023940679702
91,202,6.035125548963787
91,303,6.477927374657799
91,404,4.191767918938281
91,505,4.973383734415499
92,101,1.8561222970738673
92,202,1.9385906016468606
92,303,2.62266433775836
92,404,1.998413772174377
92,505,2.205522757242751
93,101,4.405742506501119
93,202,4.024626476200336
93,303,3.735692732474267
93,404,3.617646023211236
93,505,4.11459649575472
94,101,3.129490910403922
94,202,3.1830353523364767
94,303,2.3842965105789196
94,404,2.5898907783532703
94,505,2.9643160152935115
95,101,2.916558268532636
95,202,3.0479815527462772
95,303,2.9573766182746977
95,404,3.4531184933527275
95,505,2.8987695350436042
96,101,3.1840309810957312
96,202,4.886267944621176
96,303,2.7891375458681624
96,404,2.2093513488042174
96,505,3.346276604358172
97,101,1.7751675925534056
97,202,1.870621032116229
97,303,1.627757092218533
97,404,1.7789832561782322
97,505,2.2776357271608436
98,101,2.4999564822005595
98,202,1.620738522620064
98,303,1.6927011971516037
98,404,2.327172449588694
98,505,2.1016041520210846
99,101,4.784218484882886
99,202,5.5718226680696
99,303,4.798535277003726
99,404,4.867343675911663
99,505,5.302249082533244
100,101,4.854198306299268
100,202,6.776658911085931
100,303,4.373904160659488
100,404,4.1106566385608545
100,505,4.913071605336589
101,101,2.6718263430242617
101,202,2.2300959581638082
101,303,2.1140596234363387
101,404,2.62459443364407
101,505,2.946745496134777
102,101,3.666721194948605
102,202,3.658016735310366
102,303,3.2627371801098257
102,404,2.493302754754662
102,505,2.9253816805599113
103,101,3.945213638906374
103,202,3.178139140062724
103,303,5.781397264793906
103,404,2.8035176908845783
103,505,2.667598224101921
104,101,3.8815864066521093
104,202,4.88827139424481
104,303,3.891655889990062
104,404,3.1936355981394957
104,505,3.4858124573786293
105,101,1.9461716655169903
105,202,2.208195338420783
105,303,1.9024699244628305
105,404,1.4483250398333323
105,505,1.324615450067333
106,101,1.7397259051858858
106,202,1.9889816639703293
106,303,2.1918206734123404
106,404,1.7760048994121476
106,505,1.9677591757796715
107,101,3.8413639284981453
107,202,3.548135970843434
107,303,4.730720976886618
107,404,2.4912330559070575
107,505,2.232036299572913
108,101,2.785110072565515
108,202,2.7230620988082896
108,303,3.12300490444826
108,404,2.915683087036145
108,505,2.7529426007687143
109,101,3.514551682112327
109,202,3.771539964907983
109,303,4.489261305047332
109,404,3.659152079116138
109,505,4.050577955232363
110,101,2.286757298341166
110,202,2.976280159318941
110,303,2.784306264195509
110,404,2.15739078134762
110,505,1.8473395314460792
111,101,3.6693881172875553
111,202,2.8485462388214646
111,303,2.6799480189119698
111,404,2.5632255667003876
111,505,2.987685336418056
112,101,4.191319363768831
112,202,4.191631291438245
112,303,4.462528489851664
112,404,3.1870712188700687
112,505,3.867971453440971
113,101,2.878751303035047
113,202,2.942028989638404
113,303,2.828137403658461
113,404,2.3353284347934253
113,505,3.397932051727972
114,101,2.083970854435139
114,202,1.425723377576509
114,303,1.78264739966551
114,404,1.6487699325287675
114,505,1.7498777004834447
115,101,1.8910551380545384
115,202,1.8963303655833934
115,303,1.9009613868090538
115,404,1.7877314294224012
115,505,1.9365160588196144
116,101,2.4370633905287393
116,202,2.733165526309181
116,303,2.6574198945977154
116,404,2.417037005587476
116,505,2.9036307570652387
117,101,1.8716923827608842
117,202,2.095278088639371
117,303,2.7578379708251743
117,404,1.943207703933053
117,505,1.8744292383648253
118,101,2.561635506155963
118,202,2.205837790048685
118,303,2.4390391548396075
118,404,2.6135954306493145
118,505,2.6561654763480456
119,101,2.720440191580658
119,202,3.1257151084379977
119,303,3.2349057288522114
119,404,3.08537570444304
119,505,2.605978068935423
120,101,2.4282869682744606
120,202,3.1298155247873254
120,303,2.778635752495298
120,404,2.44023427817484
120,505,2.5483107348913197
121,101,4.044249351456228
121,202,3.47154553017325
121,303,3.090907736045095
121,404,3.048027529440282
121,505,2.7505134936436355
122,101,2.21780771057089
122,202,2.2231648567547944
122,303,2.295645865928595
122,404,1.8420768490760442
122,505,2.175159446633452
123,101,2.694944983393099
123,202,2.948846285305701
123,303,3.1248494010599623
123,404,3.3708789005286213
123,505,2.2284920010886475
124,101,3.4956992179737525
124,202,3.2534248337069007
124,303,4.646638419280233
124,404,2.3579891159187207
124,505,3.793248356605994
125,101,3.5231421968216594
125,202,4.526094571607209
125,303,2.882279052941424
125,404,2.8599871663999514
125,505,3.3091246752984036
126,101,1.1162189168534158
126,202,1.5917914412622052
126,303,1.6950300817307675
126,404,1.3494126022297106
126,505,1.3042816762756315
127,101,2.9840876707428676
127,202,2.300380667809211
127,303,3.2861562876890447
127,404,1.9238449258048458
127,505,2.4607274083582835
128,101,1.382252787575936
128,202,1.6785988551073086
128,303,1.798358995798991
128,404,1.5359169201670277
128,505,1.5061101765635394
129,101,3.1451370926339504
129,202,3.1825370003211204
129,303,3.0467444014914355
129,404,2.9404966650292375
129,505,2.46515974445893
130,101,3.8641194978480993
130,202,4.150156835781131
130,303,2.9856701998256643
130,404,3.478484274489333
130,505,4.62959084695231
131,101,3.0021130527426263
131,202,2.5250994477897595
131,303,3.0205930227330153
131,404,2.5481373546801906
131,505,2.0725525196727514
132,101,1.909690839455939
132,202,2.5191398321026135
132,303,2.4686247767589813
132,404,2.358268482903235
132,505,2.5082832616819943
133,101,2.4946066859075664
133,202,2.8615594193472034
133,303,2.796082157042927
133,404,2.5993435117759836
133,505,2.689748932295763
134,101,2.4476046821954585
134,202,2.3097309074774306
134,303,2.772157861114855
134,404,2.5342030728381455
134,505,2.7008061577118094
135,101,1.9195981408355631
135,202,2.513071797128458
135,303,1.7481382010564668
135,404,2.109029429901463
135,505,2.0020300807018367
136,101,2.374396237838942
136,202,2.851472000604096
136,303,2.0572627367423575
136,404,2.1104846672481146
136,505,2.5699162313465727
137,101,5.251398645633626
137,202,5.224365467448992
137,303,6.121083951580882
137,404,4.750448982055719
137,505,3.529342329628743
138,101,2.725681900454362
138,202,3.1090823698658827
138,303,2.0943188736307694
138,404,2.35324205537548
138,505,3.1795556300415453
139,101,3.250067000944776
139,202,3.601654347630149
139,303,2.8952015074365516
139,404,2.2308697274648392
139,505,2.827287378866554
140,101,2.516448686541051
140,202,2.4627443431739504
140,303,2.264142567718157
140,404,2.432265934820835
140,505,2.9925133704782247
141,101,3.2226044062246353
141,202,3.087815688014757
141,303,2.779794851895406
141,404,3.058760902733036
141,505,3.9981585724629394
142,101,2.354170023575339
142,202,2.117627940160798
142,303,2.3594413727791665
142,404,2.18781952300977
142,505,2.3273072737121505
143,101,4.673029617508566
143,202,4.455694423481148
143,303,4.280165728732193
143,404,4.064241060508756
143,505,4.696940606100878
144,101,2.3280760638384854
144,202,2.5578030869646633
144,303,2.0836367050618163
144,404,1.9018742333120562
144,505,2.8517604727898234
145,101,2.3951460997820044
145,202,2.7060217120860472
145,303,2.1278357506667147
145,404,2.0766556904383684
145,505,1.9951808852756057
146,101,3.6487067629854044
146,202,3.408833148078834
146,303,3.702664942722266
146,404,2.517503914317855
146,505,1.8877505792781808
147,101,1.8462333830340145
147,202,1.885710284137498
147,303,2.1633180775923266
147,404,1.372544236980449
147,505,2.0778865051916933
148,101,4.1700389054369715
148,202,4.0442834103833745
148,303,4.3398137395697844
148,404,3.3570262907919055
148,505,3.629856893861065
149,101,3.903051011561387
149,202,2.8423718174123462
149,303,2.873555439412909
149,404,2.1523069497565146
149,505,2.225533267496331
150,101,2.662654603012042
150,202,2.626384643310477
150,303,2.550576590650386
150,404,2.582316413618769
150,505,3.2125178448313125
151,101,3.8723066690348174
151,202,3.5723265072754447
151,303,4.174205678979098
151,404,3.224949594895112
151,505,3.806448613546137
152,101,2.081515022965545
152,202,1.800500545950085
152,303,1.4647796635579653
152,404,1.5993137733659901
152,505,1.694964443244241
153,101,2.897228345902651
153,202,3.3634859788579217
153,303,3.641348340413158
153,404,2.8467825577516073
153,505,2.936545760179505
154,101,1.6485587378796343
154,202,1.9483221463913876
154,303,1.605919794122987
154,404,1.953613013982637
154,505,1.5275328153094452
155,101,3.9053801218902953
155,202,4.159988576897213
155,303,5.197703707393288
155,404,3.238024372260071
155,505,3.7327341799406506
156,101,3.8618694297189244
156,202,2.962663138566766
156,303,3.6673699714989536
156,404,3.339146478283082
156,505,3.20654429295652
157,101,2.6220356169101873
157,202,2.891652490666145
157,303,3.1428922226713256
157,404,2.3737278246072147
157,505,2.49318108360588
158,101,2.920223641896457
158,202,3.1137081597726155
158,303,2.65777927261968
158,404,2.963508463685379
158,505,3.2534597612906295
159,101,4.427450865667461
159,202,3.721320211589946
159,303,3.9011070621487596
159,404,3.240680177824617
159,505,3.525098259437838
160,101,3.0286914032688212
160,202,3.2899474202234775
160,303,2.534636776233123
160,404,2.8091061061544482
160,505,2.3406437088160894
161,101,4.647397859465294
161,202,4.038061478220619
161,303,3.8596541143121814
161,404,3.5603581892775793
161,505,4.172214902207755
162,101,2.0480422000165497
162,202,2.3609601495411536
162,303,2.9535011879565025
162,404,2.2125758416766175
162,505,2.026977777644545
163,101,3.624239547655428
163,202,3.529924886449623
163,303,3.5354625192748177
163,404,2.9389955505342
163,505,3.712867025087462
164,101,3.124359921352754
164,202,2.9501090014753886
164,303,3.4348456927986275
164,404,2.9180129673930932
164,505,3.032513622245714
165,101,4.3610440923702765
165,202,4.878835948944267
165,303,4.201265102561505
165,404,3.747102577037811
165,505,5.008892008783288
166,101,1.0205664375395314
166,202,1.0637840844811224
166,303,1.2556613256542246
166,404,1.1605073642920516
166,505,1.1114645541723915
167,101,3.3908313162686436
167,202,3.5163355506159037
167,303,3.270993778903554
167,404,2.679525307645904
167,505,2.7860383518646112
168,101,2.115531815721181
168,202,1.670666047663307
168,303,2.008449224409019
168,404,1.6898495578408403
168,505,1.5873121261398646
169,101,2.7408590969679967
169,202,2.596596068707946
169,303,3.2154885313244232
169,404,2.182767311516719
169,505,2.9185134744478685
170,101,2.6997379814894193
170,202,2.5896183227712566
170,303,2.4970217080737886
170,404,2.4625018066609
170,505,2.861480960418191
171,101,4.51138027399072
171,202,4.451115440910731
171,303,3.648142235425228
171,404,3.8642423323884025
171,505,4.273143302944276
172,101,1.4849575172067417
172,202,1.6574314612776246
172,303,1.609568435815542
172,404,1.8976347351428469
172,505,1.3929878420836805
173,101,2.8944688844962463
173,202,2.669720591504976
173,303,4.167761107363179
173,404,3.031094442530831
173,505,2.5981165521935434
174,101,3.313847076992028
174,202,4.494455222667008
174,303,3.0649045953793475
174,404,3.0974907799013858
174,505,3.214359081961514
175,101,1.5666348166199318
175,202,1.5195351135600292
175,303,1.5090906804657904
175,404,1.4186527236096598
175,505,1.637372518226964
176,101,1.6740695497981746
176,202,1.7279556240765472
176,303,1.9488290521523948
176,404,1.6442471215461245
176,505,1.5460722005233907
177,101,2.5578237496321314
177,202,2.8581012735248077
177,303,2.628375792520534
177,404,2.935554423700567
177,505,2.4849488884781863
178,101,2.931052592144543
178,202,3.6065327403478022
178,303,3.4164153693053834
178,404,3.5569148978864007
178,505,3.6260135420643635
179,101,4.104671127744461
179,202,3.319202719241483
179,303,5.4824262238077965
179,404,3.8169447251381268
179,505,4.540816189871891
180,101,2.3387867762967254
180,202,2.380045439470831
180,303,1.972744473503069
180,404,2.1520472656970715
180,505,2.653349827014639
181,101,2.793447031499733
181,202,2.1811831082420787
181,303,2.481083723639054
181,404,2.76329997907016
181,505,1.8904898370761956
182,101,3.7999004002903476
182,202,3.4182742172616623
182,303,4.374693522317407
182,404,3.032108861725426
182,505,3.9940007706086096
183,101,3.756845309607881
183,202,3.381686133869404
183,303,3.4098685559131514
183,404,2.8069180270067884
183,505,3.140514307390009
184,101,3.972269659003005
184,202,5.072581286928629
184,303,2.888469462593318
184,404,2.821605808171096
184,505,3.8926703604951376
185,101,3.4654710232027304
185,202,4.515990522111249
185,303,3.75757394065995
185,404,3.3122124158304347
185,505,3.402573041716563
186,101,3.3526028618364627
186,202,2.6697743756288808
186,303,2.967521672153967
186,404,2.250489480436919
186,505,3.2429554439822965
187,101,1.5626627019611956
187,202,1.5411234557178344
187,303,1.0758756726489025
187,404,1.2393427164100204
187,505,1.2756272298850233
188,101,4.08617535848819
188,202,3.7620057922766423
188,303,4.202327468404757
188,404,2.794595190151444
188,505,2.685848849263157
189,101,1.2279097777164611
189,202,1.3321961250646863
189,303,1.5555248779740714
189,404,1.327780529493936
189,505,1.4847565872602544
190,101,2.1023083671623395
190,202,1.9369574190251742
190,303,1.8905019960427067
190,404,1.7431219540441467
190,505,1.7745601390087298
191,101,1.7840144736461516
191,202,2.0136209162425294
191,303,3.714231011093968
191,404,2.1262681621756494
191,505,1.7098201685423173
192,101,3.036827042009926
192,202,2.7100343863147853
192,303,3.597290691753643
192,404,2.256109703692173
192,505,2.9957909162821053
193,101,2.8861650464803366
193,202,2.0666488507195435
193,303,2.3814228337755785
193,404,2.19774798869837
193,505,2.4147382728882056
194,101,2.717152256213747
194,202,3.236059415365728
194,303,2.918042867254876
194,404,2.4919190042388513
194,505,3.519615289426867
195,101,1.7949868878463937
195,202,1.8627412745223606
195,303,1.7273127483893804
195,404,1.9609670094442688
195,505,2.0958670199718905
196,101,1.684785743108798
196,202,1.7301289424334452
196,303,1.6181836705004078
196,404,2.123443084852772
196,505,1.4149725842112046
197,101,1.4237960520757125
197,202,1.3437510105441768
197,303,1.5788590308524908
197,404,1.2133064388191237
197,505,1.5176337735107515
198,101,4.078751569463007
198,202,3.794282752419078
198,303,3.2405670666967996
198,404,3.711830246769722
198,505,4.2883398641947945
199,101,5.94768840726108
199,202,6.416770872948737
199,303,7.464247141047306
199,404,3.9661885506987193
199,505,5.598244087739222
200,101,5.171144529930122
200,202,3.9677880149756737
200,303,4.782180735551267
200,404,4.015503508499601
200,505,4.347383253355753
201,101,4.590061878892111
201,202,3.8283053810385885
201,303,5.477506699118702
201,404,3.390170772703052
201,505,3.6964706721878846
202,101,3.587723240205703
202,202,3.4529862934436037
202,303,3.043148183067848
202,404,3.037605407617317
202,505,3.0446007506839003
203,101,2.625466509764429
203,202,2.9821327586953315
203,303,3.598176557828768
203,404,2.462073934283329
203,505,3.1760488538826923
204,101,5.615796023280606
204,202,4.08449413239247
204,303,4.618703917779666
204,404,4.4521019238674215
204,505,5.430342658273512
205,101,1.435954211538399
205,202,1.597784467056531
205,303,1.5383145576317891
205,404,1.9652085256492964
205,505,1.3750058970767571
206,101,3.1513605096094266
206,202,3.163896854737672
206,303,2.74209937804506
206,404,2.7843748161096373
206,505,3.432673757933398
207,101,1.40433819866727
207,202,1.3644909018855804
207,303,1.4774645228261294
207,404,1.1650124699702065
207,505,1.4405338520315856
208,101,5.68404901896012
208,202,4.997603225130653
208,303,3.3468620600231196
208,404,3.2915433511427343
208,505,6.3199325041254415
209,101,2.7122819271865954
209,202,3.2554536215096856
209,303,2.9741809142197693
209,404,2.9881185624239333
209,505,3.689922987477056
210,101,1.7596263872184545
210,202,1.7460051451074412
210,303,1.5452612499049927
210,404,2.0101214853260743
210,505,1.9026574796376476
211,101,5.9416808300923165
211,202,4.674888106625333
211,303,4.760079857656053
211,404,4.045085187957949
211,505,3.9122029925209936
212,101,1.7887403451900934
212,202,2.6484133831441223
212,303,1.8492129225830913
212,404,1.9957261808816347
212,505,2.083988065700987
213,101,4.610288943731016
213,202,4.528926627071119
213,303,6.311567757000053
213,404,4.750831615601332
213,505,4.715536335639982
214,101,2.12441271319457
214,202,2.188123762259981
214,303,1.997898833558025
214,404,1.912983451689037
214,505,2.3839902328073412
215,101,1.40882429445984
215,202,1.5030080999421225
215,303,1.5755356769224387
215,404,1.402943142524113
215,505,1.6949173961451922
216,101,4.231999606513326
216,202,4.064914310331685
216,303,6.651977289089211
216,404,3.4840698300727584
216,505,3.8725684134865515
217,101,3.4813235444237867
217,202,6.123379018452799
217,303,3.872746360758287
217,404,3.663378421637545
217,505,5.107750145029493
218,101,6.091493546973027
218,202,3.1578009423106113
218,303,5.222184243508348
218,404,2.7065008443795193
218,505,4.018488227672992
219,101,3.2754236404020567
219,202,3.268808674062408
219,303,3.3040763099727957
219,404,3.7482391958834733
219,505,3.5931518317292634
220,101,2.375018675671776
220,202,2.193127086974449
220,303,3.7821961368533343
220,404,2.6266500385083975
220,505,2.2065101691094733
221,101,1.5794688959245167
221,202,2.161980583135956
221,303,1.8057966170357598
221,404,1.6795995375320585
221,505,1.5099790885304776
222,101,2.01694755271094
222,202,1.719015357056064
222,303,1.6105839073704227
222,404,1.2656735538347659
222,505,1.3601592166667158
223,101,2.832070252537661
223,202,2.6909727277283597
223,303,1.9357290985262467
223,404,2.1428400366756
223,505,2.3963322463635452
224,101,3.8783786974032832
224,202,3.8524999653399346
224,303,4.241939641589688
224,404,3.013289797116906
224,505,3.7544627395220207
225,101,2.8563415959204383
225,202,3.244454335822658
225,303,3.276696442353615
225,404,2.87797400809753
225,505,3.0342233474386555
226,101,1.4799733602637735
226,202,1.6402407430782433
226,303,1.411690696525585
226,404,1.53061534352049
226,505,1.909600920275013
227,101,3.251526221114079
227,202,3.484632718275807
227,303,3.5749105100646807
227,404,2.6077232450933803
227,505,3.4658242205036442
228,101,5.235319357194617
228,202,3.208910736203511
228,303,4.201823510110495
228,404,3.510646203765649
228,505,3.5862723682436592
229,101,4.439106740229164
229,202,5.5879801611290825
229,303,5.176038064525571
229,404,4.138565558326862
229,505,5.740191799046112
230,101,2.956767476874384
230,202,2.9042936426535504
230,303,2.9489622849277843
230,404,2.9521804211562572
230,505,3.334655462161196
231,101,2.9207596093475843
231,202,2.041963189746037
231,303,2.5782889185790645
231,404,1.899846242539718
231,505,1.9731984671558687
232,101,2.3547494974086343
232,202,1.822019857822723
232,303,3.17039075365904
232,404,2.4266346258821723
232,505,1.642206337261677
233,101,3.2649947749781907
233,202,2.757029443541387
233,303,1.9508716154935297
233,404,2.3189691270826187
233,505,3.0433329505216467
234,101,2.4567249363264003
234,202,1.9704674422333257
234,303,2.9438362652056274
234,404,3.055398102738248
234,505,1.6906221180282417
235,101,3.2173458224231246
235,202,3.109253922505209
235,303,3.5648069350088605
235,404,2.627212964484939
235,505,4.158742714964526
236,101,3.317395001081744
236,202,3.222518160996762
236,303,3.2451542792258343
236,404,2.7320143681029503
236,505,3.500531870350306
237,101,2.546381037245019
237,202,2.053297025028316
237,303,2.8940642130512
237,404,1.73077470083874
237,505,1.812283190815854
238,101,3.0858343791442433
238,202,3.175360966038303
238,303,2.789829043761191
238,404,2.5719183984756517
238,505,2.864278939446233
239,101,4.366777200391491
239,202,6.317533876747804
239,303,3.6123478524562294
239,404,3.7273089752300765
239,505,4.218873753390173
240,101,2.7322762433987173
240,202,2.227877362149727
240,303,1.8566337317474715
240,404,1.9627039123486587
240,505,2.358430142517248
241,101,4.533549241938677
241,202,6.462072332428945
241,303,5.190196649129784
241,404,4.27175859167561
241,505,4.76020153141355
242,101,3.091441255498947
242,202,2.8040605860352708
242,303,2.9244464591774233
242,404,2.9982488163584207
242,505,3.2798295362946464
243,101,2.0164614462568826
243,202,2.637004558683538
243,303,2.976830550003316
243,404,2.0829796054351593
243,505,2.094086720206846
244,101,3.129998120610737
244,202,2.835837347322459
244,303,3.076770550533821
244,404,3.338469269169235
244,505,3.804810244509999
245,101,4.375961841259381
245,202,4.034733907783366
245,303,2.944761598295024
245,404,2.9039692714280596
245,505,4.127517188247794
246,101,5.036124722112387
246,202,5.510951484849679
246,303,4.120217526053056
246,404,3.7553526890566147
246,505,5.243025942662523
247,101,4.421992485132607
247,202,4.242112279440328
247,303,3.70518971676162
247,404,2.9054465927811775
247,505,3.1662177140181718
248,101,3.019290970980325
248,202,2.8426938629696585
248,303,2.5506905435264264
248,404,2.2959953946964933
248,505,2.0535426782383324
249,101,2.146140732655021
249,202,1.7421813821133136
249,303,2.1631901092296903
249,404,1.9501777190372307
249,505,2.610334109417798
250,101,1.4952913188577501
250,202,1.473145469177247
250,303,1.4437459518133755
250,404,1.3684171120328765
250,505,1.8426155600258802
251,101,2.789019009737214
251,202,2.6099485686777295
251,303,3.0806757092675943
251,404,3.3131797563162686
251,505,3.136555457608731
252,101,2.490175301748685
252,202,2.812237604506564
252,303,2.1972102118321657
252,404,2.3083196088203892
252,505,2.3966247803026586
253,101,3.4510695537419425
253,202,3.7339662475610362
253,303,2.9787387750069945
253,404,3.2829739664333224
253,505,3.1488338457302287
254,101,4.146292992814919
254,202,6.167015622593992
254,303,4.060941608229225
254,404,3.9738538738265357
254,505,5.467550068208944
255,101,3.81582881534137
255,202,3.35360835103039
255,303,3.6126368871053507
255,404,3.38470432373138
255,505,3.7345343161052864
256,101,3.646008450204239
256,202,4.184757326272543
256,303,3.032624826069466
256,404,3.0104143627916944
256,505,3.8252062302578307
257,101,1.267663235741024
257,202,1.2849139766977051
257,303,1.2936224741611975
257,404,1.4367310123514583
257,505,1.5153812623346845
258,101,2.4370924175584077
258,202,1.7468746355012112
258,303,2.1626016230137872
258,404,2.053068110766902
258,505,1.6525988093493948
259,101,3.028968850231508
259,202,3.0459825293947915
259,303,2.0652381038851804
259,404,2.143837651547383
259,505,2.0005993701343514
260,101,2.610152312669595
260,202,2.6957192831633248
260,303,1.7346594234283361
260,404,2.863706924547452
260,505,2.9922355010657538
261,101,6.305470868805845
261,202,5.448219386919856
261,303,4.942436882378009
261,404,5.686834720933786
261,505,5.167688943523178
262,101,1.7617480269905308
262,202,2.3509354191126444
262,303,2.071138303390014
262,404,1.9512574517036778
262,505,1.6990463436568113
263,101,1.8858990864123664
263,202,2.200707152046635
263,303,2.6157193176454814
263,404,2.35876289484702
263,505,2.2930407801203576
264,101,4.662000380019952
264,202,4.716764597565241
264,303,5.084247158912656
264,404,3.923556668802055
264,505,3.9360318366774
265,101,2.413493347605501
265,202,2.3821901633852978
265,303,2.367446927565245
265,404,2.124073181384545
265,505,2.7572129459077535
266,101,3.930399041495157
266,202,3.2306189472370814
266,303,4.070279558492626
266,404,3.237679733821369
266,505,4.163600603241618
267,101,3.3705258310245036
267,202,2.9489074160204742
267,303,3.356827914909065
267,404,3.542219370683525
267,505,3.6089281959643498
268,101,3.796104810759568
268,202,4.40078226252869
268,303,3.91868232660684
268,404,3.612652256624148
268,505,3.980280696012582
269,101,2.53068649883775
269,202,2.747369158194976
269,303,2.1719613431634195
269,404,1.9755304205480724
269,505,2.288948001900489
270,101,2.7528682927422587
270,202,2.649719892416759
270,303,2.197669053429621
270,404,2.6028983622150714
270,505,2.0478413484305045
271,101,5.857070913076744
271,202,4.176370546545204
271,303,5.405073741826613
271,404,3.7723607805156933
271,505,4.313650389635098
272,101,1.9383106802351229
272,202,2.058878683129173
272,303,2.485583426882398
272,404,2.080682519759554
272,505,2.183437065226344
273,101,4.5917886685010405
273,202,5.113826195195023
273,303,3.343129818239453
273,404,3.745198036625853
273,505,4.877930098455866
274,101,2.1573200518239632
274,202,2.308176083123088
274,303,1.9118610608078344
274,404,1.8379166698310074
274,505,2.212460399286278
275,101,1.6826398608289863
275,202,1.5472068757461308
275,303,1.7415949231516623
275,404,1.7893945364034514
275,505,1.7674542494326728
276,101,2.5220049060289202
276,202,2.605735934302834
276,303,3.137093466572064
276,404,2.483424454786753
276,505,2.6325830435493036
277,101,3.1723066989091087
277,202,3.2824334345758466
277,303,2.605416696630508
277,404,2.67473591978692
277,505,2.964869398841938
278,101,2.5717790054480236
278,202,2.9612461555709633
278,303,2.008572513164011
278,404,2.457056159312728
278,505,3.2648528089426176
279,101,2.567002289154412
279,202,2.385394375396383
279,303,2.504915278419666
279,404,2.1129741283210888
279,505,3.034432195450908
280,101,2.749947821075523
280,202,3.333450668526643
280,303,2.5766490606652797
280,404,2.2998107653974036
280,505,2.872574562362839
281,101,2.0627434073072197
281,202,2.417638511728959
281,303,2.239957790081335
281,404,2.2795864791598066
281,505,2.227112113300718
282,101,2.0441614664035055
282,202,1.7545614312603288
282,303,1.6233383112037028
282,404,1.6618341418019165
282,505,1.5908294469047366
283,101,3.4629463480036495
283,202,3.314025147375744
283,303,2.893412791675391
283,404,2.719542525668233
283,505,3.054925496850488
284,101,3.241563286978135
284,202,3.5804693493668416
284,303,3.2667853241693434
284,404,3.1090087385540937
284,505,3.2943242966779676
285,101,2.930005700341069
285,202,2.6021443023136452
285,303,2.884790073607533
285,404,2.7788930803517746
285,505,2.7356356278824836
286,101,4.2510277964736165
286,202,3.579589771244667
286,303,4.392710408568837
286,404,3.757757804615428
286,505,5.044956945124181
287,101,1.7980127428323627
287,202,2.011457967886091
287,303,1.9376880731295012
287,404,2.5238647913401877
287,505,2.004560250786943
288,101,3.893197293776798
288,202,3.3833004739493986
288,303,4.908550162482232
288,404,3.176734039318316
288,505,3.5222557501553924
289,101,3.2480109746616455
289,202,3.0518569313155957
289,303,2.7199226916084
289,404,3.1606462618886346
289,505,2.7964299788928093
290,101,4.854522967104291
290,202,5.382161816465054
290,303,4.9385910261209345
290,404,3.1016263405812747
290,505,3.5331336688083628
291,101,2.6043080650140067
291,202,2.667488020024166
291,303,3.0599180134111923
291,404,2.4700935659127286
291,505,2.430890030866541
292,101,3.660190240302565
292,202,3.430218737227883
292,303,4.046806051888614
292,404,3.877172571544994
292,505,3.72851487144363
293,101,3.41564166545002
293,202,2.7153852559100633
293,303,2.300424470567892
293,404,2.8471362257593396
293,505,2.6513715994490443
294,101,4.477806016339223
294,202,4.585992017397507
294,303,3.3539963146497893
294,404,3.5503073853655343
294,505,3.9261907961924862
295,101,2.0160461147223527
295,202,2.214227461196338
295,303,2.0632627042874754
295,404,1.730454822451886
295,505,2.3353226697769363
296,101,2.62615910434785
296,202,2.5111781506639765
296,303,2.8711476848870525
296,404,2.35046229479502
296,505,2.520939716635249
297,101,2.995720752777766
297,202,2.604568197240053
297,303,2.8456572672036025
297,404,3.1175421044702287
297,505,2.6631659187801375
298,101,5.957843839474438
298,202,5.5648193178174825
298,303,6.848802441528192
298,404,4.159240387509631
298,505,4.874067158906778
299,101,1.2969182858861779
299,202,1.4095050115449044
299,303,1.275415900018186
299,404,1.2659222814783542
299,505,1.2086812172881207
300,101,2.026230343681749
300,202,2.1294811976313137
300,303,2.6229896197655935
300,404,1.8943990986456225
300,505,2.0523180502397036
301,101,3.8440864228336156
301,202,3.5606991200686786
301,303,4.3990226671783486
301,404,2.8259091586950826
301,505,3.75441030295554
302,101,2.2816658719961236
302,202,2.2426622659239603
302,303,2.9483655605052785
302,404,1.9889321136197546
302,505,2.3117335481383265
303,101,2.6374317628491983
303,202,2.3593435545246804
303,303,2.7448479920708775
303,404,2.346031935326205
303,505,2.7906155308314697
304,101,2.538699588060743
304,202,2.409225993263358
304,303,2.3596054173651235
304,404,2.2893410824241953
304,505,2.245303682286858
305,101,2.755383807836207
305,202,3.0720486502310695
305,303,3.1244506694459124
305,404,2.5409565868414967
305,505,2.6298993672251574
306,101,3.8205162965154287
306,202,5.991854247486656
306,303,3.4525115411999767
306,404,3.4506604633776954
306,505,5.566145676800805
307,101,4.056239177352969
307,202,5.006762031191237
307,303,3.1004642061899608
307,404,3.6311148289585264
307,505,4.975482711503101
308,101,3.836507521137318
308,202,4.075730738419003
308,303,4.593485704965613
308,404,2.244902320800507
308,505,2.1383029467433534
309,101,3.6074212137228097
309,202,5.696577096599906
309,303,4.162768432696983
309,404,3.486816021268473
309,505,5.155479731795838
310,101,2.8185736157120833
310,202,3.287682002253067
310,303,2.487158313195121
310,404,2.6345131279594343
310,505,3.00847553505805
311,101,3.1183741485566707
311,202,2.841517229874625
311,303,3.206102017602012
311,404,3.0535033167012835
311,505,2.6031983273519845
312,101,5.254294542735967
312,202,4.885492723140981
312,303,6.586562944196087
312,404,4.177510135314519
312,505,4.6772758825839835
313,101,2.5895649606196596
313,202,2.381501423968193
313,303,2.7825225880063846
313,404,2.7801200533090746
313,505,2.229761096438329
314,101,2.862851223268086
314,202,2.8780894512440174
314,303,2.801765267232874
314,404,2.2588378544587067
314,505,2.4299724867118053
315,101,2.928839947361551
315,202,3.1511214237846548
315,303,2.687998211213198
315,404,3.2709784849036865
315,505,4.137093855157158
316,101,2.0189063381772083
316,202,2.7048852382968414
316,303,2.693449496387423
316,404,1.7822675778672479
316,505,1.6571076983580246
317,101,5.434785040172233
317,202,4.020956477190075
317,303,3.9530371606780452
317,404,3.028433875935697
317,505,3.7880885877810138
318,101,3.4158758704203858
318,202,2.6183211957761103
318,303,3.724115845917625
318,404,3.0258319792634834
318,505,2.4605538403559057
319,101,2.1932809820080554
319,202,2.2288245500675377
319,303,2.0093483505519614
319,404,2.2101605840312164
319,505,2.001416585046769
320,101,3.0692992694381562
320,202,5.007271358367422
320,303,2.708607691605199
320,404,2.937371777103483
320,505,3.8656422748436956
321,101,1.6981815769948783
321,202,1.6465071557337627
321,303,1.5543042234338476
321,404,1.6683272125711057
321,505,1.8384936105231613
322,101,3.705664793182253
322,202,3.7974851541042827
322,303,2.5549811366765005
322,404,2.9418038665962443
322,505,3.873483385744663
323,101,1.569442383854729
323,202,1.4948292836738528
323,303,1.5271285866568343
323,404,1.3847529845745155
323,505,1.3936107861576355
324,101,1.466403068258382
324,202,2.387932417930214
324,303,2.552035457701319
324,404,1.845818985224115
324,505,1.978654942211007
325,101,2.4954189604974437
325,202,2.3338321793375973
325,303,2.4048446118374924
325,404,1.8954026892223874
325,505,2.397178864225128
326,101,3.57456434402506
326,202,3.9993096744886154
326,303,4.292433647952137
326,404,3.3698963041735177
326,505,3.073489640661556
327,101,3.217095075500195
327,202,2.9078486694495322
327,303,4.471983109013476
327,404,3.227176839572419
327,505,2.8917629589270906
328,101,5.236949900172487
328,202,6.06160885093217
328,303,4.046224191243047
328,404,4.305883406676529
328,505,5.883704260735028
329,101,3.6676686454607315
329,202,3.0579717020465225
329,303,3.02810071222899
329,404,2.5641299296310973
329,505,2.9961180018664564
330,101,6.345674976396356
330,202,5.978581521661951
330,303,6.430018643449702
330,404,3.7587060293495895
330,505,4.121447690231227
331,101,2.2055661895033816
331,202,2.8241064822667172
331,303,2.84507998729958
331,404,2.5615381998187514
331,505,2.8235046949385323
332,101,2.202544022431148
332,202,2.0894410229686304
332,303,2.3065798238202557
332,404,1.8540007734036021
332,505,2.151530604126622
333,101,3.7650283410701197
333,202,2.9573924404236624
333,303,2.9933024599325413
333,404,3.1125208590664655
333,505,3.826713521630755
334,101,1.9103600945662886
334,202,1.618030656819615
334,303,2.1801440385031654
334,404,1.759494657137387
334,505,1.6480891973761063
335,101,1.064376333955519
335,202,1.368949300572578
335,303,1.6221895699758704
335,404,1.4000039590140443
335,505,1.4309506410682113
336,101,4.959910230369123
336,202,5.389813153551994
336,303,4.746998038757377
336,404,4.1342212884109415
336,505,5.641896131754174
337,101,1.8175544122924743
337,202,1.7360814928782193
337,303,1.5544450210922767
337,404,2.1893774119272966
337,505,1.4893498488281585
338,101,2.433321678428682
338,202,2.41848869641042
338,303,2.833746396675188
338,404,2.8274768258595824
338,505,2.5012638302112973
339,101,4.567471956108074
339,202,3.838370464093231
339,303,5.156988098456492
339,404,3.6648952293881063
339,505,3.9738830964467664
340,101,4.180704190831867
340,202,4.155535064230006
340,303,3.44292700760428
340,404,3.8197604407463595
340,505,3.7155198648069208
341,101,4.1588882153778535
341,202,5.5683057133331495
341,303,4.20641586956756
341,404,3.5068829204495606
341,505,4.847581605854703
342,101,2.2971068435117146
342,202,1.928775230566399
342,303,2.583121293209162
342,404,2.3335571750083113
342,505,1.8832062075162115
343,101,3.0767390703385016
343,202,1.3061782892408091
343,303,2.845716835224287
343,404,2.674454181907455
343,505,1.2916068510864431
344,101,3.244870518801479
344,202,4.045035826011414
344,303,3.7546910243696505
344,404,3.230652834554057
344,505,4.400541272259417
345,101,4.777236519536844
345,202,6.033063037734849
345,303,5.084300143200806
345,404,4.062473351714423
345,505,4.7476749952605015
346,101,1.9721380394511085
346,202,2.5996462934659843
346,303,2.0671987706754504
346,404,2.1840563219013855
346,505,2.0012339717368883
347,101,4.847843761402128
347,202,5.739969094141486
347,303,3.152919455191707
347,404,3.3246482018191323
347,505,4.983668055405861
348,101,2.466857136403286
348,202,3.1197468452495136
348,303,2.62355721796298
348,404,2.712859648951261
348,505,3.2617387282268546
349,101,1.0129562686836868
349,202,1.1715271892813601
349,303,1.4095378073755616
349,404,1.4417471470033512
349,505,1.2103330329164506
350,101,2.997159188795961
350,202,3.0346951285284307
350,303,3.4109627642836156
350,404,2.754173349173825
350,505,2.701926882138817
351,101,2.9718558351337356
351,202,2.4791105169287877
351,303,2.780665984599836
351,404,2.157954216747789
351,505,2.343759116205026
352,101,3.8385083886688616
352,202,3.9964917269751417
352,303,3.9584885243641943
352,404,3.388054390535266
352,505,3.316414345121909
353,101,4.110530299512406
353,202,3.5115701358568456
353,303,3.7014811338855385
353,404,3.176319242021763
353,505,3.7917124157217525
354,101,1.5940257373234894
354,202,2.2127406250832773
354,303,2.7478375568670055
354,404,1.8646192661971819
354,505,1.9090755186976642
355,101,1.7469807417403174
355,202,1.809042067995749
355,303,1.846606086936284
355,404,1.763465618611932
355,505,1.8499983014665082
356,101,2.0202982229965896
356,202,1.9332011833129827
356,303,1.945328998845398
356,404,1.5322408211184637
356,505,2.048513575243922
357,101,4.411723862759867
357,202,3.1825944175225604
357,303,3.7272629717492816
357,404,3.923992588054289
357,505,4.110900655403867
358,101,2.956294321114895
358,202,3.0943148705766625
358,303,2.4849244574945044
358,404,2.2614919573573036
358,505,3.161897034574351
359,101,2.7708039691753203
359,202,2.52286644562407
359,303,2.909425258157022
359,404,2.2640288683407688
359,505,2.2437434536118395
360,101,2.7987214861748555
360,202,3.5220282992185776
360,303,2.5624326506447055
360,404,2.698512702723179
360,505,3.013064422131812
361,101,5.486443020287442
361,202,4.426290884648136
361,303,4.427292586838053
361,404,4.0123354917148655
361,505,5.676963414610163
362,101,5.056794419889666
362,202,4.63838526871067
362,303,4.894943504737492
362,404,3.678676604010654
362,505,4.043135568672636
363,101,2.720103350348433
363,202,2.786354459975807
363,303,2.591310842849897
363,404,2.7825119149657893
363,505,3.2042733397815844
364,101,4.543884230405498
364,202,6.4582317253730315
364,303,4.198335215554424
364,404,4.421819390227478
364,505,6.048160370138746
365,101,5.126975506781756
365,202,3.9825562735787177
365,303,4.32026363612329
365,404,3.356153169207791
365,505,3.1292126961414755
366,101,4.324458913023729
366,202,5.794254846102692
366,303,3.9521310078720493
366,404,3.613072780898599
366,505,4.585376361518775
367,101,1.903381179544752
367,202,1.7689069149992618
367,303,1.959841868645077
367,404,1.5333467878511284
367,505,1.3600548350809096
368,101,3.0088870499054305
368,202,3.5732180512460285
368,303,4.116057650144082
368,404,4.168263763419152
368,505,3.5789964846419653
369,101,4.285125895626714
369,202,4.039736813106369
369,303,2.7283813642845174
369,404,2.5776886386472486
369,505,4.281486695199673
370,101,2.545171288142581
370,202,2.7762945118700335
370,303,4.314078647167868
370,404,2.2498607395175347
370,505,2.039223346318872
371,101,2.8944859439055155
371,202,2.7535976908401647
371,303,3.057444999686589
371,404,2.5921219382966716
371,505,3.088431414884665
372,101,3.285095439781083
372,202,3.5086546453499605
372,303,3.256076048884774
372,404,2.6153757957972097
372,505,2.730762808741989
373,101,1.296396970371204
373,202,1.2775705538346207
373,303,1.5856158037709225
373,404,1.64718038808854
373,505,1.8582971450501309
374,101,2.0896449172619764
374,202,1.476305585250692
374,303,1.7669257260436073
374,404,1.9485191119252774
374,505,1.565108678186237
375,101,3.7294031005412998
375,202,3.1883046298735938
375,303,4.2193292729388325
375,404,2.677257635164721
375,505,3.341229111930609
376,101,2.5772333027210603
376,202,2.7670070805103015
376,303,3.959271369037765
376,404,2.966747622889338
376,505,2.8254948538822706
377,101,2.6137852704181674
377,202,2.636208298853198
377,303,3.7482063662855487
377,404,2.372115422747532
377,505,2.46807149365448
378,101,3.8245391996789047
378,202,4.260181952755217
378,303,2.7321212368381933
378,404,2.9304761568393967
378,505,4.733908949908258
379,101,2.1824546401803055
379,202,2.0614173333155974
379,303,3.0672313364897184
379,404,2.1424340511944147
379,505,2.035403136540891
380,101,2.982350059617458
380,202,3.5931304132136646
380,303,3.234168560504878
380,404,3.072921556896458
380,505,2.848307157468801
381,101,2.772438546653744
381,202,2.584637869099126
381,303,2.627002722076073
381,404,2.6015043652800305
381,505,2.524119840362796
382,101,3.0280935964008653
382,202,4.846629639960167
382,303,3.3087276246954733
382,404,2.73562326526272
382,505,3.4716729047499553
383,101,2.8368027370403035
383,202,1.722259831468837
383,303,1.5852553961527198
383,404,1.9104566285674243
383,505,1.6846258791840323
384,101,1.7800197808188163
384,202,1.8138190594031753
384,303,1.9551080689885576
384,404,1.6686540081935963
384,505,1.6936248384792147
385,101,1.752880805246521
385,202,2.3628607696962423
385,303,1.789447627061043
385,404,1.8767055764870757
385,505,1.9590913749918757
386,101,3.614668227357757
386,202,4.0275210145300235
386,303,3.4701267912802667
386,404,3.0264625339802516
386,505,4.430791453494911
387,101,3.9536293216183194
387,202,4.225891821596694
387,303,3.9443981665906773
387,404,3.388826845020524
387,505,4.482610025572381
388,101,3.253014814887407
388,202,3.5246368386815377
388,303,3.0840640428970385
388,404,2.8720962623285557
388,505,3.5161730304315375
389,101,5.82289993783793
389,202,5.386531604683592
389,303,5.210588340027361
389,404,4.923863661423486
389,505,6.236336289237377
390,101,2.993354895285801
390,202,3.0353791713390135
390,303,2.441300714302706
390,404,2.3029165916131356
390,505,2.455492058807853
391,101,3.3718627348756964
391,202,3.3568841702808125
391,303,3.458510856875215
391,404,3.014058014406538
391,505,2.837807209759689
392,101,3.7019682330807218
392,202,4.232446454348241
392,303,2.4383192530622737
392,404,2.9849791030033233
392,505,3.611871100264496
393,101,3.316336825226349
393,202,4.4477836436768925
393,303,3.06462429075144
393,404,3.175382779815424
393,505,4.694216201397579
394,101,2.566026102713562
394,202,2.4893761899961957
394,303,2.586936600350205
394,404,2.1157601168771865
394,505,2.901412350217241
395,101,2.0702170147446743
395,202,2.083010480285798
395,303,1.9774734393629134
395,404,2.1538728867768655
395,505,2.3365243323280804
396,101,2.4530816395518933
396,202,2.4481920064546907
396,303,2.627368457683182
396,404,2.511248604160705
396,505,2.616039529650579
397,101,3.1996262822093566
397,202,2.5543998178137928
397,303,4.85643184116007
397,404,2.6353874568929174
397,505,2.3858175613926575
398,101,2.2183335465408756
398,202,2.3068505722443384
398,303,2.492573994664249
398,404,1.897190762167884
398,505,1.9680575039234516
399,101,3.677489920755221
399,202,4.2556765253011735
399,303,3.949915272100471
399,404,3.339332018487522
399,505,3.563565459944713
400,101,2.3720211572302228
400,202,2.4816340582009455
400,303,2.16568550208672
400,404,2.4590810697700345
400,505,2.375998095767776
401,101,1.8379139384436662
401,202,1.9882007000974318
401,303,2.0418486429331093
401,404,2.2745918369428173
401,505,2.110522381288763
402,101,2.88593525977425
402,202,3.117622937611648
402,303,3.5243646610325254
402,404,2.0613498221143627
402,505,2.443713189361695
403,101,6.172440708021799
403,202,5.789795343686513
403,303,5.692130172653786
403,404,3.769767665936614
403,505,5.987953623261421
404,101,1.992585923786442
404,202,1.7363628791728514
404,303,2.109024554992355
404,404,1.6532507798335605
404,505,1.9040391085633352
405,101,2.838564476310989
405,202,2.677286770071435
405,303,3.0002860914624194
405,404,3.0984469321977435
405,505,2.5865711562339144
406,101,2.604605554988035
406,202,2.9622943811691798
406,303,2.751413868216493
406,404,2.620430125727863
406,505,3.2684021794182283
407,101,3.4185915296564233
407,202,3.8255008604224887
407,303,4.17894233409294
407,404,3.873452813164979
407,505,3.3610193737489027
408,101,2.572292748130782
408,202,2.680779780088925
408,303,1.563461318616159
408,404,1.645541621699549
408,505,1.4225369888441857
409,101,3.612186090716257
409,202,3.305779281190806
409,303,3.213401902878317
409,404,3.2395235632441217
409,505,2.840770211806669
410,101,4.756658793571809
410,202,3.595618716696835
410,303,3.7279298538403416
410,404,2.7482797269580326
410,505,2.636511690930195
411,101,4.982391457762959
411,202,6.128298660578697
411,303,3.928929180448247
411,404,3.9176827194408737
411,505,5.554592597241719
412,101,3.098142421151797
412,202,3.752368343766126
412,303,3.016451662514029
412,404,2.653774918517085
412,505,3.0543662963615232
413,101,2.8036590841293627
413,202,2.079288428744744
413,303,1.878796385476549
413,404,1.4658101088723605
413,505,1.7866949945718988
414,101,3.7232005886596315
414,202,2.9927191096090073
414,303,2.7912945737905703
414,404,2.49666504830309
414,505,3.1138402567795365
415,101,3.771960348210852
415,202,3.517113547110691
415,303,3.659222041270073
415,404,3.8681885311073763
415,505,4.4009035595103265
416,101,3.1822787944275355
416,202,3.866469545798827
416,303,3.8404915452042636
416,404,3.259953421694833
416,505,3.7463165194896257
417,101,3.4949176858019997
417,202,3.3775372903906233
417,303,3.7604220481156116
417,404,3.8900853180113395
417,505,3.3223782027522812
418,101,3.08975194092944
418,202,3.588066641807737
418,303,2.819726088210175
418,404,2.6042479639996143
418,505,3.128956811212142
419,101,3.895584698306823
419,202,2.546083093481673
419,303,2.647932455458126
419,404,2.426068780778073
419,505,3.2025939975502613
420,101,1.4538444821572885
420,202,1.7748779538684083
420,303,2.3340294116827556
420,404,1.6630262587322457
420,505,1.753503028525393
421,101,1.7085041774271854
421,202,1.4616078915909554
421,303,1.0970099963856692
421,404,1.1607557522529088
421,505,1.6288469509503434
422,101,3.3804544624512496
422,202,3.030023637908462
422,303,2.307207191245445
422,404,2.1551538267109676
422,505,3.714961931384722
423,101,7.232311562897333
423,202,5.673343574484477
423,303,5.059937078608631
423,404,4.482008057464283
423,505,6.029497670432834
424,101,1.6605284160501057
424,202,1.6790505654058712
424,303,1.548907915957103
424,404,1.5402005288373084
424,505,1.7389696503182956
425,101,4.062208469099621
425,202,3.926325938224914
425,303,4.098183704551758
425,404,2.937707840113859
425,505,3.3501858168321834
426,101,2.365725402721902
426,202,2.2779570586812263
426,303,1.8672135917868202
426,404,1.7507227993735794
426,505,2.39894863462248
427,101,4.358743961617806
427,202,4.469237889217287
427,303,3.915918711888784
427,404,3.720836028581925
427,505,3.981858478211667
428,101,4.256131844651806
428,202,3.4597499931662443
428,303,5.040937003600362
428,404,3.724327993556391
428,505,3.4547899308403625
429,101,2.2411198730150077
429,202,2.7569366159912803
429,303,2.46929817768112
429,404,2.2523718153885635
429,505,1.6887157022933654
430,101,3.1855966541552925
430,202,2.863356183009429
430,303,2.8874147788931177
430,404,2.8916648367605813
430,505,3.0419911370309745
431,101,2.309434777849639
431,202,1.4658746867475108
431,303,1.5865228191007459
431,404,1.6731724379132549
431,505,1.3122180886917734
432,101,2.7013978615851224
432,202,2.9548310526729957
432,303,1.8784278601943325
432,404,2.1018515606128556
432,505,2.1499499756417064
433,101,2.8177186609823335
433,202,2.928283607688
433,303,3.0608973289614294
433,404,2.561986800899601
433,505,2.646725902521316
434,101,2.1162902970707376
434,202,2.174904372505129
434,303,2.1450820692516026
434,404,2.0436247707297577
434,505,2.0008666909338126
435,101,2.7091899509751745
435,202,2.884371446074286
435,303,3.833771721940503
435,404,2.3207074185235017
435,505,2.376403717749675
436,101,1.7169277135686092
436,202,2.133431418288565
436,303,3.0552790645625354
436,404,2.136860958342283
436,505,1.9736844851868574
437,101,2.6243380638093385
437,202,3.0426744301941517
437,303,3.7647106168402678
437,404,2.927356937240253
437,505,2.23511497872277
438,101,4.421801968389541
438,202,4.412975170049278
438,303,3.9632527753946363
438,404,3.7328291865106156
438,505,4.373739765758771
439,101,4.573912771425124
439,202,5.214372784942466
439,303,5.389354860914321
439,404,3.205389681521746
439,505,3.8844804119385636
440,101,4.298089292975769
440,202,4.40741808677323
440,303,4.900834809888522
440,404,3.286996083000231
440,505,3.1591931941360984
441,101,4.639267006413448
441,202,3.9996882437759655
441,303,3.725311616002907
441,404,4.7604077454836125
441,505,3.738930379172276
442,101,3.8273925857894304
442,202,4.860513752273771
442,303,2.993722056007646
442,404,2.8464321415695357
442,505,4.482383764236739
443,101,1.6545152562356016
443,202,2.2037372591497664
443,303,3.975589633422617
443,404,1.7719557730232829
443,505,1.3651878064258576
444,101,1.9236541436990757
444,202,2.323558562588659
444,303,1.8666604561779445
444,404,1.4927204063348003
444,505,1.3777582544640739
445,101,3.0215202930908074
445,202,3.0959886520258193
445,303,3.8491856771998565
445,404,2.4655082476571835
445,505,2.406582975729249
446,101,1.7327391453549057
446,202,1.4320143383971269
446,303,1.5575363745058208
446,404,1.6225300031495287
446,505,1.7084253502914017
447,101,1.8252535459797912
447,202,1.6924764802851637
447,303,2.3442262464107793
447,404,1.9796038905848343
447,505,1.9237490767750802
448,101,3.569071462824864
448,202,5.644185828954971
448,303,4.055899944538587
448,404,3.2950079834751516
448,505,4.315516221533303
449,101,4.818966229142065
449,202,3.91240387981712
449,303,3.122066283912078
449,404,3.4520233224877406
449,505,4.441300735136263
450,101,1.692781714931458
450,202,1.8971293084428977
450,303,1.742447121831918
450,404,1.7646934057529542
450,505,1.8866777571359152
451,101,4.541788657852338
451,202,5.056519718689849
451,303,3.8380249223361367
451,404,3.7989575323570426
451,505,5.418147251622446
452,101,1.8021645490216835
452,202,1.26332621371343
452,303,1.5430763840266897
452,404,1.735294163798713
452,505,2.244162470377793
453,101,1.985700465090834
453,202,2.8131025548202584
453,303,2.713895135324651
453,404,2.1457180603065384
453,505,2.0333295589844855
454,101,1.964486987933768
454,202,2.205295222764425
454,303,1.761140482914377
454,404,1.585337458861772
454,505,2.1154707630605256
455,101,1.0873048796263614
455,202,1.3420439495038048
455,303,1.6725371858533977
455,404,1.5111496533362836
455,505,1.4991585717744766
456,101,2.2928741340248404
456,202,2.5453348157580726
456,303,2.55047651992081
456,404,2.368794374962889
456,505,2.9582415730263105
457,101,1.6261743730826843
457,202,1.7978282397408774
457,303,1.5716429236553493
457,404,1.4147366480312913
457,505,1.51786298196122
458,101,2.395066395374503
458,202,2.802194208803952
458,303,3.600871059593011
458,404,2.096679264471345
458,505,2.3446118270100227
459,101,7.329164558972502
459,202,5.419193481500864
459,303,5.8182107306318676
459,404,4.724486160638077
459,505,5.488206439358262
460,101,2.427397246394588
460,202,2.3659457871943186
460,303,3.1273901984979866
460,404,1.8730632909490958
460,505,1.9157943417417596
461,101,3.6215766517438905
461,202,3.388292995675867
461,303,3.6611391915801343
461,404,2.667286283794732
461,505,3.224142470218497
462,101,2.5083862536169756
462,202,2.104611832353895
462,303,2.422093961726933
462,404,2.097554434313027
462,505,2.326714241491645
463,101,2.316450169421356
463,202,1.8502374118748648
463,303,2.956085937592934
463,404,2.3035818009134594
463,505,2.5241637211955417
464,101,3.710830211502163
464,202,3.8448658685216577
464,303,3.365401062903813
464,404,3.5664662674703558
464,505,4.127295845042686
465,101,4.560971698977527
465,202,5.041534081452158
465,303,4.1282592314350275
465,404,4.354916966389758
465,505,4.3971322668552055
466,101,1.725881683394609
466,202,1.5613805814682389
466,303,1.9693609188374783
466,404,1.4118659966929283
466,505,1.6457462844604767
467,101,2.160169362160593
467,202,2.2667398647559955
467,303,2.0628434336831294
467,404,2.3301720041912963
467,505,2.273952225701518
468,101,2.1998889582105097
468,202,1.8965522463549058
468,303,1.896258853803791
468,404,1.7563276285478753
468,505,2.1048452371221282
469,101,2.572815181539932
469,202,3.260499570659462
469,303,3.5603063583501324
469,404,2.5735052879303355
469,505,2.947510323744671
470,101,2.0265257711385973
470,202,2.1768906161754256
470,303,2.2534921688234704
470,404,1.9474250855620565
470,505,2.001448113764324
471,101,1.5620028137051967
471,202,0.9889435034267378
471,303,1.0513343546507086
471,404,1.1237854371607026
471,505,1.0579044663890855
472,101,4.406820482700994
472,202,5.068055525403055
472,303,4.664335691149905
472,404,3.5038431452027754
472,505,3.6625806546497452
473,101,1.6739790660157465
473,202,1.978099767110398
473,303,2.0490799329052627
473,404,1.716497611129648
473,505,1.8645033814635836
474,101,0.8065056013746665
474,202,0.8260276713203991
474,303,1.0006175125757526
474,404,1.0922258382433325
474,505,1.0965967955303824
475,101,4.189648652036676
475,202,3.517814619975807
475,303,3.3489997921497086
475,404,3.3443208102066966
475,505,3.1215755766895157
476,101,2.759531907616353
476,202,2.3191722260108842
476,303,2.5468882452122275
476,404,1.9159840727913793
476,505,2.629076361554833
477,101,1.8634124798954295
477,202,2.220189181653157
477,303,2.3911357921850644
477,404,1.5263680431258144
477,505,2.0028311293002194
478,101,3.4829187897416363
478,202,5.740900069287505
478,303,3.7475405488107643
478,404,3.717384408196991
478,505,3.920814418311066
479,101,1.7159537338010562
479,202,2.355420852950724
479,303,2.176808293031388
479,404,1.836220027873428
479,505,2.1934615406746962
480,101,3.6687916320434133
480,202,4.090447430718303
480,303,4.574802928757531
480,404,3.949294836372307
480,505,3.578527373285284
481,101,2.179593108489697
481,202,1.8009709666387157
481,303,2.3148836646374726
481,404,2.206731478456159
481,505,2.0487921864816796
482,101,4.560987480852486
482,202,5.968214637929634
482,303,4.973869195362647
482,404,4.444913192001333
482,505,4.691952746782646
483,101,4.281677497874014
483,202,2.7908279529393734
483,303,4.171609639369054
483,404,2.842184887452907
483,505,3.306427913903087
484,101,2.561528187573678
484,202,2.93800619042911
484,303,2.409531737739545
484,404,2.21752227289623
484,505,3.150215178017618
485,101,1.983703749583109
485,202,2.3253627137285173
485,303,2.7430656850412367
485,404,2.21873864347247
485,505,1.7675874737007298
486,101,1.686911751961055
486,202,1.9250001821358511
486,303,1.4088410182420132
486,404,1.4119016570402225
486,505,1.6106778880854298
487,101,1.7528759906661255
487,202,2.180683081654978
487,303,1.5706074345333405
487,404,1.7101772076062618
487,505,1.7496493573811458
488,101,5.052809017433156
488,202,3.8708898753342464
488,303,3.9060885435137456
488,404,4.755568143960765
488,505,3.8342409609802894
489,101,2.0911922372113247
489,202,2.5783147585684296
489,303,2.509411376551121
489,404,1.897033838003296
489,505,1.9841317874255806
490,101,1.8024414328715654
490,202,1.684311913790087
490,303,2.0663571946246497
490,404,1.7890984052355026
490,505,1.876242053983615
491,101,3.7563368752650166
491,202,2.662081332011634
491,303,3.1607721545587038
491,404,2.687592235593213
491,505,2.3298995451251208
492,101,2.850441611484859
492,202,3.222762130043487
492,303,3.1802645098636297
492,404,2.386405458326875
492,505,2.8854699450259416
493,101,4.443825721028077
493,202,4.113917343892077
493,303,3.470224178435304
493,404,3.476027948035964
493,505,3.844956310160703
494,101,3.7596062595098667
494,202,3.3352210250083876
494,303,3.3547112470238245
494,404,3.473374459937517
494,505,3.194428267870452
495,101,3.185767388942828
495,202,3.111875546674547
495,303,3.55718915037707
495,404,2.9280808270948286
495,505,3.8207711970840723
496,101,4.6848067778174425
496,202,5.060565327259257
496,303,7.915764984135255
496,404,4.701504701155353
496,505,4.226079910720405
497,101,1.6539476814796679
497,202,1.8409942616201518
497,303,1.5365908014896026
497,404,1.9147289423511573
497,505,1.9021278039877838
498,101,3.0378620411631374
498,202,3.462389040105088
498,303,3.344799115092661
498,404,2.8553069962299733
498,505,3.5469553527579234
499,101,3.42893619882209
499,202,3.7858278869550435
499,303,3.5253588558448348
499,404,3.346950785991315
499,505,4.15664160441869
500,101,3.2329608833905277
500,202,2.5173283544238862
500,303,3.2187603981595334
500,404,2.722583733227094
500,505,3.0266211740663
501,101,1.1901133455110298
501,202,1.5857278046721688
501,303,1.7205814681304124
501,404,1.6675414564361195
501,505,1.395608742086325
502,101,2.73166724928172
502,202,3.2105940605969625
502,303,3.100390463278371
502,404,2.945476011643036
502,505,3.2677735219461224
503,101,4.418123275969844
503,202,4.835733793098011
503,303,4.235674607776923
503,404,3.909381460238854
503,505,5.582678637376476
504,101,3.1422500853205486
504,202,2.8437868783583147
504,303,3.6769472378337755
504,404,2.5209711267914794
504,505,2.7203417298715262
505,101,2.4623439521661314
505,202,2.6490604496824353
505,303,3.0347212515715443
505,404,2.605080068427006
505,505,2.608645365855447
506,101,2.9682311275772086
506,202,2.618039306178346
506,303,2.458078637251223
506,404,2.3296588237237823
506,505,2.5825251318097666
507,101,2.770186132146336
507,202,3.2847661174817677
507,303,2.5633200313413615
507,404,2.9527909309037152
507,505,3.283233069019369
508,101,2.3920847864077106
508,202,2.0128073911048743
508,303,1.787023538550113
508,404,1.9947588985495939
508,505,1.5019903243183577
509,101,2.4677468882683997
509,202,2.661990706635447
509,303,2.089485349698992
509,404,2.127870919854983
509,505,2.056598021919177
510,101,2.4325895749394
510,202,2.9063272809307215
510,303,2.4729896385144183
510,404,2.8629417662838677
510,505,3.1867740293813056
511,101,3.5755256326354683
511,202,4.178553181409893
511,303,3.754093662275329
511,404,3.5480445481362337
511,505,4.337779182307532
512,101,2.91508290283195
512,202,2.6758886854920942
512,303,2.6459582462372566
512,404,3.1861949956437474
512,505,3.4575145875228848
513,101,3.545447532099309
513,202,3.986016720525757
513,303,3.058786237505134
513,404,2.61031054283315
513,505,3.29166992909661
514,101,4.451225548874907
514,202,4.634275606913219
514,303,3.7175340254054765
514,404,3.286689256958873
514,505,4.083795860397601
515,101,2.6726560895721314
515,202,3.6326443832384396
515,303,2.601720292388469
515,404,2.8740084507984047
515,505,3.504823247669885
516,101,3.525005176993321
516,202,3.008915565087996
516,303,2.9863908457329114
516,404,2.9621138597743233
516,505,3.5022181948051956
517,101,3.53634561130262
517,202,4.129450343972733
517,303,2.9906418007666287
517,404,3.449638033272652
517,505,4.496738062110603
518,101,2.28107259404239
518,202,2.2039907389888267
518,303,2.1541727824116603
518,404,1.9840122789207457
518,505,2.023737598708201
519,101,2.695359194270386
519,202,2.899518334712012
519,303,4.269428600942523
519,404,2.4836233967138934
519,505,2.556721962309598
520,101,3.2016176062741675
520,202,3.057751123544438
520,303,2.9377341455459693
520,404,2.9226203822367447
520,505,2.5399824553466828
521,101,4.321560916645089
521,202,3.2216334389224657
521,303,3.7278289175532375
521,404,2.879092171951765
521,505,3.294852488854285
522,101,2.788273441277982
522,202,2.69818849165239
522,303,2.7461016543322754
522,404,2.5488429021753696
522,505,2.6957616541258598
523,101,2.487937118950539
523,202,1.930108331749302
523,303,3.874357180488877
523,404,3.062166704052984
523,505,1.7195203934185335
524,101,3.9508346347825665
524,202,3.701389673010955
524,303,3.1328990557592866
524,404,3.478833930192567
524,505,3.908803662648116
525,101,4.951834556395974
525,202,5.287345713812311
525,303,4.430157332559273
525,404,4.389923216708572
525,505,5.025724485623552
526,101,2.439663671334034
526,202,2.248742657177377
526,303,2.183256496221352
526,404,1.9057096149819566
526,505,2.549752251666489
527,101,2.531026267376363
527,202,3.195787008614014
527,303,3.728664158607982
527,404,2.878177741517034
527,505,2.749933577128877
528,101,2.2511907187773836
528,202,2.1239163238565424
528,303,2.1156646480680346
528,404,1.8470220449734316
528,505,1.9206354477997085
529,101,1.8598339328075768
529,202,2.107435452976071
529,303,1.978055298065455
529,404,2.081756722539045
529,505,1.950883793496972
530,101,2.9099506467585914
530,202,2.994617560124005
530,303,2.4698253870755598
530,404,2.536067743690685
530,505,3.3129080823170884
531,101,2.75705133322278
531,202,3.0082343107990535
531,303,2.3728492452522243
531,404,2.5972282510210527
531,505,3.5880780425641206
532,101,3.1554325579640117
532,202,3.519282193672861
532,303,3.170243568162349
532,404,3.433793966404698
532,505,3.477297047683548
533,101,4.278556594023134
533,202,3.473343177123401
533,303,5.118356625292547
533,404,3.4991642706787105
533,505,3.115808035551996
534,101,2.617323029073709
534,202,2.5788839837719157
534,303,2.9281464460980344
534,404,2.1951755663201955
534,505,2.5298943169709585
535,101,3.186368000694918
535,202,3.6029488276571047
535,303,3.2470228157662486
535,404,2.8233099149951997
535,505,3.226901524324283
536,101,1.3717532553768719
536,202,1.5067169512638259
536,303,1.7212274558856464
536,404,1.324924273639326
536,505,1.3991619331654614
537,101,1.923769334608726
537,202,1.7359134879284088
537,303,1.9254092945691583
537,404,1.757291302673682
537,505,1.5551530586234312
538,101,2.0391148193391775
538,202,2.290680272882392
538,303,2.6149413292812143
538,404,1.669217215881381
538,505,1.961370848969739
539,101,1.638195419555775
539,202,1.342764271869578
539,303,1.8088250454689936
539,404,1.7214195900049647
539,505,1.8387550896090434
540,101,4.412312283159762
540,202,6.824447147617206
540,303,3.1493534862963806
540,404,3.5190215457837515
540,505,4.01773190600748
541,101,1.832112950676718
541,202,1.8440366151754577
541,303,1.7204818057113362
541,404,2.137924771393612
541,505,2.220460880142969
542,101,2.870406378601293
542,202,3.066652392987761
542,303,3.1123102032593457
542,404,3.2540888453122365
542,505,3.376293193957284
543,101,3.136703291289472
543,202,3.1072991611468717
543,303,4.254274651922753
543,404,2.2514577364666697
543,505,2.9911466497658052
544,101,2.860791286601086
544,202,2.5783332788464275
544,303,2.6499643029680944
544,404,2.3035969690555884
544,505,2.2708324980053365
545,101,2.8476836809561754
545,202,2.3640843167939685
545,303,2.829676696373443
545,404,2.2259439673851227
545,505,2.390584393199045
546,101,3.3649544764602557
546,202,2.458979140499327
546,303,3.1608165286668046
546,404,2.1049875460206433
546,505,2.705145141533377
547,101,2.3774986980324146
547,202,2.410994345455977
547,303,2.5778358076253585
547,404,1.7173515262710357
547,505,2.7122313866829773
548,101,1.9465942880765275
548,202,1.9736156601857142
548,303,2.310736126977976
548,404,2.297792056593195
548,505,2.02735917643891
549,101,2.2738330843388512
549,202,2.578329929328412
549,303,2.839126015428753
549,404,2.3980912416394937
549,505,3.0477502857106984
550,101,4.6325103336910125
550,202,5.3426593246472995
550,303,3.6326044354793803
550,404,3.8585494993347464
550,505,5.967553416560865
551,101,2.9207758498633876
551,202,2.594316720790422
551,303,5.371546387013942
551,404,3.940960058864783
551,505,2.4124657867408428
552,101,1.978083024367277
552,202,2.2310140991900913
552,303,1.9557672745543004
552,404,2.3774627998755395
552,505,2.5154926043559147
553,101,4.2429248783278455
553,202,2.8262432661333556
553,303,3.4687477973340806
553,404,3.1753398484500486
553,505,2.61861464064856
554,101,1.694356887695659
554,202,2.2692043481587705
554,303,1.802441453433679
554,404,1.9230622446683132
554,505,2.1297994403248777
555,101,3.3437298050082815
555,202,3.845028183842007
555,303,3.985546000285007
555,404,3.2745755430017445
555,505,3.200898740183992
556,101,3.155184120143245
556,202,3.175886828923781
556,303,3.2937045920008807
556,404,3.850305487538447
556,505,3.07631013564548
557,101,1.6842876392572552
557,202,1.662712957142871
557,303,1.4393856793312567
557,404,1.455109849646843
557,505,1.9232605345625116
558,101,2.704615545337409
558,202,2.65156728040448
558,303,2.6100505460065566
558,404,2.4882099236988777
558,505,2.392162284849769
559,101,2.015337259550845
559,202,1.9842908602349985
559,303,2.7041161762762616
559,404,2.2397487081659637
559,505,1.8699777955042731
560,101,3.004203885508284
560,202,2.8800335828375103
560,303,1.9521429041368061
560,404,2.725525154216602
560,505,1.8235790891860246
561,101,4.247180324273438
561,202,3.2242952157156566
561,303,3.354583805255084
561,404,2.9577092676306243
561,505,2.761548008983267
562,101,2.122945294432423
562,202,2.0347627081918733
562,303,2.0974266495070335
562,404,1.6731110258110915
562,505,1.6704147572288908
563,101,3.7112340748652404
563,202,4.578035266241454
563,303,3.169935261468047
563,404,3.1425930780921276
563,505,4.532066804607997
564,101,1.5084860864685874
564,202,1.6799827396910676
564,303,1.5738918673492366
564,404,1.4613654781487506
564,505,1.3630705887403092
565,101,4.073736419673433
565,202,3.0615182409997916
565,303,2.878748804318435
565,404,2.1826039482133983
565,505,3.0467819168282215
566,101,1.2977220141690666
566,202,1.9013168666035642
566,303,1.915859557900342
566,404,1.6978231162876813
566,505,1.562128165874744
567,101,4.092100617063963
567,202,4.946480117872261
567,303,3.5935363288747166
567,404,3.690689979571044
567,505,4.437921401575705
568,101,2.3698399789821454
568,202,2.0229610529948494
568,303,2.69744711312404
568,404,1.480743468662596
568,505,1.895199308921796
569,101,1.9854829130523346
569,202,2.2587985243667683
569,303,2.2107730494360514
569,404,1.5878236007109587
569,505,2.297705614668698
570,101,3.0501066864301913
570,202,2.953261710971153
570,303,2.701446122600126
570,404,2.475682680214433
570,505,2.8326143639902788
571,101,2.770268145565245
571,202,2.879183347679208
571,303,2.472512310636973
571,404,2.474630804964413
571,505,3.41106955288477
572,101,1.8033262421424796
572,202,1.9134349773720334
572,303,1.8565305896287896
572,404,1.4616998262323355
572,505,2.0242728115601416
573,101,1.750982934398439
573,202,1.5558664679780583
573,303,1.7468872860551625
573,404,1.718970531831134
573,505,1.6313285041688514
574,101,1.030415406725415
574,202,0.9418087934226419
574,303,0.8509952289978467
574,404,1.2950091367454195
574,505,0.9597909960321969
575,101,4.121129057018181
575,202,4.6625975152406784
575,303,4.143426247793663
575,404,3.579329031657421
575,505,4.459855049071794
576,101,3.348369888472899
576,202,3.2106819179664052
576,303,3.309482883821694
576,404,2.8584185825545925
576,505,3.8591506239581537
577,101,4.094153270809694
577,202,4.482760329136444
577,303,3.689110616008565
577,404,3.0755898351542705
577,505,4.552748967011011
578,101,2.332524152352187
578,202,2.404980132674512
578,303,2.281057880720387
578,404,2.0315126233206
578,505,2.572187049304103
579,101,2.1224086237063102
579,202,2.355375998556935
579,303,1.9458316332139678
579,404,1.52718898866459
579,505,1.2916460600168636
580,101,2.161533784766333
580,202,2.8498323314254144
580,303,2.79223569732424
580,404,2.040309890862061
580,505,2.3397937504920523
581,101,1.611988387240313
581,202,1.4610926263223272
581,303,2.5410423366521737
581,404,1.9470463385175296
581,505,1.8049135291688216
582,101,2.862039805155162
582,202,2.821665670709313
582,303,2.671747144614056
582,404,2.367376625534079
582,505,3.044221839276029
583,101,3.61433523138994
583,202,3.9031989178184685
583,303,4.256264572910945
583,404,3.019858440443773
583,505,3.2741867019753776
584,101,2.3039039363078597
584,202,2.309433650430009
584,303,2.6997621874269067
584,404,2.6981901465162204
584,505,2.2925841363812753
585,101,3.7497793118843297
585,202,4.095954269236989
585,303,3.399435739976913
585,404,2.706621303736938
585,505,3.9245091037888002
586,101,2.943500296330468
586,202,2.4108682905308347
586,303,3.029484613978388
586,404,2.5878996776843635
586,505,2.427651297424088
587,101,2.3972194093795895
587,202,2.1438165048368245
587,303,2.266622568819092
587,404,2.4423115980491814
587,505,2.5195992629365107
588,101,4.594178511819097
588,202,4.119936811374466
588,303,4.975013673188084
588,404,3.4809027194572075
588,505,3.8855647596501814
589,101,3.3939751005922068
589,202,5.4145977398063065
589,303,3.2580139475999563
589,404,2.8538652953782893
589,505,3.914868365107393
590,101,3.4350451505441857
590,202,3.0516857571437845
590,303,3.0302078488444018
590,404,3.357557401421231
590,505,3.6413317141309594
591,101,3.8658564333888936
591,202,3.5297162914840534
591,303,3.558481181430343
591,404,3.5175235706991277
591,505,3.6408804083291693
592,101,2.8857644225476715
592,202,2.56975802350779
592,303,2.904558365878047
592,404,2.6099563733281204
592,505,1.977332043953157
593,101,2.7585068161705317
593,202,2.629610657634635
593,303,2.6663361000386168
593,404,2.147027386218304
593,505,2.717569781351632
594,101,3.940408728780204
594,202,4.126946956205484
594,303,4.083598594418362
594,404,3.8848517004960237
594,505,4.571463759994563
595,101,2.7102271711606583
595,202,2.9999160378261283
595,303,2.490115865778976
595,404,2.500412629468109
595,505,3.1366490682710992
596,101,3.314081453309675
596,202,3.4958206283697364
596,303,2.7132194070145803
596,404,2.4430493318427096
596,505,3.358252954128241
597,101,2.598317376785232
597,202,1.9619112537086423
597,303,3.0274173617956888
597,404,3.118118180072372
597,505,2.0832942421583533
598,101,3.587622721861629
598,202,3.8085568426590704
598,303,4.578670765431185
598,404,3.1576151265613084
598,505,3.3883725913196208
599,101,4.453774025224053
599,202,3.5132659609652417
599,303,3.9467692269740655
599,404,2.877820965348798
599,505,3.204185086021653
600,101,2.227346002015386
600,202,2.0409015895263916
600,303,2.3427825054748754
600,404,2.5022753844861034
600,505,2.1478222496606008
601,101,3.109728406954245
601,202,2.916051248374255
601,303,4.852883717695532
601,404,3.0713102388490436
601,505,3.649313516974721
602,101,3.7287122811570392
602,202,4.0810553265202145
602,303,3.5577121843022628
602,404,3.1468830180743534
602,505,3.9932960536695683
603,101,2.3601401194028804
603,202,2.331964583812417
603,303,2.0427450421017226
603,404,2.1163273851919384
603,505,2.5719076897709026
604,101,4.450950611340913
604,202,4.044028836492319
604,303,3.5969344387389643
604,404,3.809846620362384
604,505,3.334259994697185
605,101,3.4054139509508112
605,202,2.632164323764983
605,303,2.826299381935723
605,404,3.1161785668091713
605,505,2.951689010921971
606,101,3.658001050218843
606,202,4.403321584730536
606,303,2.5506505061018503
606,404,3.0551255680327
606,505,3.731815796431655
607,101,2.846921795386689
607,202,3.1270219699498973
607,303,2.1896992280915435
607,404,2.4918037804404096
607,505,3.2786717285822613
608,101,4.664952261882444
608,202,4.296281577731509
608,303,3.4295615363291425
608,404,3.8523612073410476
608,505,3.870513639405113
609,101,2.707140944796938
609,202,3.4889458816280285
609,303,3.436491698347923
609,404,2.600305226802935
609,505,2.5046758853879574
610,101,2.0053120722046387
610,202,1.907695062975803
610,303,1.9906264206070088
610,404,1.6272917356864047
610,505,1.6808246080552407
611,101,3.349615503161141
611,202,1.8514047776858733
611,303,2.2566907985493128
611,404,2.5907622848437146
611,505,2.8476898866445683
612,101,5.069012004958122
612,202,6.310901306427372
612,303,5.2120579613815305
612,404,4.966215866983251
612,505,5.719290727404756
613,101,3.4158440753548525
613,202,3.6175066598173475
613,303,3.5682337868611396
613,404,3.131610215992541
613,505,3.447169975043646
614,101,2.8633357008902043
614,202,3.384587960409114
614,303,2.7844014831825836
614,404,2.4068395275566536
614,505,3.3102246793184005
615,101,1.364570854341249
615,202,0.8521144616620012
615,303,1.1191297863226675
615,404,1.004053115390282
615,505,0.9874983055591477
616,101,2.2848469208951405
616,202,2.71597281730265
616,303,3.000639102830195
616,404,1.9747188970241514
616,505,1.9941864850194655
617,101,4.174579667926824
617,202,4.748599392505952
617,303,3.565856529975159
617,404,3.458415587365321
617,505,4.090794829093207
618,101,3.6111835820572065
618,202,2.2041957120576017
618,303,3.332190572246122
618,404,2.871461246378436
618,505,3.6202741394803106
619,101,2.1703028432535225
619,202,3.1894445686620525
619,303,1.822605468995647
619,404,1.9777277332273755
619,505,3.1327250654872056
620,101,2.3239288284893895
620,202,2.2308703054401353
620,303,2.406716064388274
620,404,2.4915363694386103
620,505,2.4132197813581673
621,101,3.798230853714701
621,202,4.276364795964207
621,303,4.548409403415803
621,404,3.603541669792074
621,505,3.677190179027294
622,101,4.506833820956404
622,202,4.320191382174814
622,303,5.220217074860249
622,404,2.330084811173177
622,505,4.994116994515568
623,101,4.529339474694003
623,202,4.015170820819592
623,303,3.7290317320502138
623,404,3.29982072855441
623,505,3.6106569644983324
624,101,3.3138069301684547
624,202,2.200453090810882
624,303,1.9018808407308194
624,404,2.204641532646059
624,505,2.7894323580973146
625,101,4.716123195587867
625,202,3.9500453421069133
625,303,5.518836697086862
625,404,3.6871288065739694
625,505,4.204510737064145
626,101,1.9206742195277533
626,202,1.7726465242573903
626,303,1.5532273621166683
626,404,1.5671922561336282
626,505,1.9044977880931786
627,101,1.6729963453119023
627,202,1.9313268390655418
627,303,1.5076691625647443
627,404,1.659627115555084
627,505,1.5632961817808804
628,101,3.7042405998705528
628,202,3.2378574797499065
628,303,3.9597026443666743
628,404,2.6155202596470915
628,505,3.4741747268229486
629,101,1.326888895107181
629,202,1.044404151861173
629,303,0.9103268045434328
629,404,1.2919369531069143
629,505,1.16202372106311
630,101,2.93182536373024
630,202,2.9413359702622497
630,303,4.435204653709678
630,404,3.3072811085767015
630,505,3.196299657620965
631,101,1.5551868826493722
631,202,1.4145000718439757
631,303,1.729339474187005
631,404,1.3048854213970802
631,505,1.3451824468376792
632,101,3.101987892080327
632,202,2.028000879869925
632,303,2.0696855680286075
632,404,2.228175442676498
632,505,2.1955438424441396
633,101,1.7557590615201073
633,202,2.1383765744248597
633,303,1.4789473771519366
633,404,1.7366185307769966
633,505,1.8576907572098509
634,101,3.9103895188431235
634,202,5.965369020761693
634,303,2.797344701639964
634,404,3.1832454879838035
634,505,4.516918041211331
635,101,3.109319562663499
635,202,2.936744961454499
635,303,2.909266071667079
635,404,2.5384981708703096
635,505,3.35681022482982
636,101,5.514059593477821
636,202,5.923218152725123
636,303,4.7623545795885285
636,404,4.395415719607803
636,505,5.673090442174438
637,101,2.5759517070902316
637,202,2.6545169566885645
637,303,2.678066987524054
637,404,2.6346477645407154
637,505,2.692242611108165
638,101,2.655102383057977
638,202,3.1646189002140743
638,303,2.987682942171847
638,404,2.3541625100208723
638,505,2.707124924099147
639,101,3.0824830227496207
639,202,2.9437875814070127
639,303,4.12406270251856
639,404,2.7228702811677032
639,505,3.935955127928476
640,101,2.712039202476763
640,202,2.0116714759986802
640,303,3.7377430856846314
640,404,2.6054496078686213
640,505,2.153349466318482
641,101,2.664614439561841
641,202,3.468577195665356
641,303,3.522527127418881
641,404,2.1081453199826843
641,505,2.227576398462302
642,101,2.398843333005987
642,202,2.2918758890554605
642,303,2.8910014739591423
642,404,2.3175443666850972
642,505,2.5427469672508978
643,101,4.973448913185263
643,202,5.087670350052891
643,303,4.356855514937746
643,404,4.145544640518864
643,505,5.784683438476806
644,101,3.9001183587377435
644,202,3.8903168228653353
644,303,4.148727397055504
644,404,3.961986667868127
644,505,3.958815898689055
645,101,3.332578111200638
645,202,3.412617051278521
645,303,2.8931330642052133
645,404,2.6764882851010365
645,505,3.5187489171358624
646,101,2.395427270570314
646,202,1.8749889142236635
646,303,1.9308818141424853
646,404,1.8005490830944193
646,505,2.0533025631495905
647,101,4.071482596410781
647,202,4.412418069950895
647,303,3.631322949944945
647,404,2.978456697126354
647,505,3.330545512432888
648,101,3.148632647753338
648,202,2.7351581141943484
648,303,2.7150958387648014
648,404,2.6315059385006414
648,505,3.372066542363404
649,101,5.071616729227581
649,202,5.462955975561262
649,303,5.369705789202505
649,404,4.4992855360483865
649,505,5.053544345706824
650,101,3.173772096650174
650,202,2.212312528107409
650,303,2.2176182868714287
650,404,2.156782223083927
650,505,1.8232628817984349
651,101,2.3087503307897634
651,202,2.578054515026242
651,303,2.6093812986131337
651,404,2.314030445543819
651,505,2.9783435380219743
652,101,1.6872377365685232
652,202,1.8284687619545497
652,303,1.613733790703437
652,404,1.6459100102043285
652,505,1.8773508106876906
653,101,2.2287076487953015
653,202,2.4332520157860436
653,303,2.9008699766192647
653,404,2.228927605878014
653,505,2.14700309828129
654,101,3.591195418209144
654,202,3.20203410696225
654,303,3.3659612132629215
654,404,3.5644381974657904
654,505,3.436829683430772
655,101,1.8732631639743613
655,202,1.80819224222891
655,303,1.9560278084863012
655,404,2.1288797578832552
655,505,1.9348902455954367
656,101,5.053458744745324
656,202,4.4932053336797395
656,303,3.4761737789104497
656,404,3.5307679839419905
656,505,4.668022776468438
657,101,4.028319768070691
657,202,4.613163498235934
657,303,2.9199483450399883
657,404,3.835463659943256
657,505,3.9651283755627467
658,101,2.810338241510191
658,202,2.6091625006738983
658,303,2.7322212163788544
658,404,2.421561606404536
658,505,2.121046390218485
659,101,4.405292407163155
659,202,4.476258231978523
659,303,4.293978282024014
659,404,4.47356952421219
659,505,4.0666069390567285
660,101,3.632458118640317
660,202,4.208783427505668
660,303,3.570792066311114
660,404,2.930121399636735
660,505,4.688789185793617
661,101,4.0472470287064874
661,202,6.073425378674371
661,303,2.984567282938182
661,404,3.057714351844415
661,505,4.755775927611428
662,101,3.341347244674443
662,202,2.793861382475553
662,303,2.6798713662414326
662,404,2.973204654402899
662,505,2.2814314704912206
663,101,3.3662602014540046
663,202,3.2540641578461904
663,303,3.054813954713001
663,404,2.8975260227176243
663,505,2.8050492956042277
664,101,4.251911453049652
664,202,3.011090651817679
664,303,5.690724877244843
664,404,2.99506688072558
664,505,4.146217697810233
665,101,2.4194333949305817
665,202,2.53953554933846
665,303,2.177227123999243
665,404,2.303608600430323
665,505,2.119747623850208
666,101,1.570040074578401
666,202,1.635597713090848
666,303,2.0515141723315935
666,404,2.095589936528123
666,505,1.7471854422353827
667,101,4.253988297995504
667,202,5.039013367491332
667,303,6.813672190388803
667,404,4.475661144593084
667,505,4.622418500465845
668,101,3.1550506633882547
668,202,3.122210827227628
668,303,3.9715622931881183
668,404,2.677390421073374
668,505,2.9244032971722396
669,101,4.541844856054876
669,202,4.5439123545990405
669,303,4.692422070434525
669,404,4.681445111503201
669,505,5.457544946047761
670,101,2.8222637702720164
670,202,2.8970910982679086
670,303,2.7995057256307003
670,404,2.4898907654807436
670,505,2.6107469649151587
671,101,3.445004821994443
671,202,3.995147124660959
671,303,3.8035511159998117
671,404,2.700256224415364
671,505,3.5751999103832555
672,101,2.317819443107753
672,202,1.9620496454907956
672,303,2.588257048255462
672,404,2.016365138072748
672,505,2.066132696471679
673,101,4.096202217759093
673,202,5.52594647928386
673,303,4.7987712125069155
673,404,4.357836529676465
673,505,5.216135304390303
674,101,2.0223237879699987
674,202,2.8024381246761263
674,303,1.9482851523067337
674,404,2.2751498443455613
674,505,2.495180513414863
675,101,4.723975598621467
675,202,4.005228363862154
675,303,3.342931538715522
675,404,3.3825765017449063
675,505,4.7460694443066895
676,101,4.897565129629135
676,202,4.441845936720915
676,303,3.917971691987759
676,404,2.48192484420962
676,505,3.2756471743969033
677,101,1.8767661278480214
677,202,1.5071237172183223
677,303,1.8473079220208786
677,404,1.855021797045074
677,505,1.851063873166773
678,101,2.050954398349968
678,202,1.6080690891044105
678,303,2.7216425826618558
678,404,1.7435055094789214
678,505,1.2395879378287409
679,101,6.1415968343403415
679,202,4.857850085953811
679,303,4.102982108389515
679,404,4.41415975142104
679,505,5.413592909699201
680,101,3.6564496235662136
680,202,6.006124015989252
680,303,4.8004055609424725
680,404,3.3147266621297358
680,505,5.36883306763524
681,101,2.6611011343854933
681,202,3.1069866602937597
681,303,3.633887597445373
681,404,2.9814222107134416
681,505,2.70100885076223
682,101,4.067766095766531
682,202,3.4408873915962723
682,303,3.788051352135361
682,404,3.662667258440167
682,505,3.842714731214256
683,101,1.727245460857027
683,202,1.6755494594981581
683,303,1.835263175510648
683,404,1.662919148637642
683,505,1.4044855313233455
684,101,3.773391701668033
684,202,2.9192362503638853
684,303,3.395416578195447
684,404,2.7180622330754267
684,505,3.2711589598055917
685,101,1.1774588322573925
685,202,1.6572531204922543
685,303,1.803141400883104
685,404,1.7221649094220983
685,505,1.6724401833320819
686,101,2.904008685808917
686,202,2.555716040895189
686,303,3.041435740532032
686,404,3.063326560320708
686,505,2.737953990665
687,101,3.1667545651119937
687,202,2.984422043555536
687,303,3.201014793059821
687,404,2.3538794998975705
687,505,2.8378531927999715
688,101,3.088825163242886
688,202,3.203215707020668
688,303,3.8448671946137463
688,404,2.369907275957653
688,505,2.2665097171037383
689,101,2.574033207720168
689,202,2.284308686809757
689,303,2.6954712242291055
689,404,2.283942015701172
689,505,2.2232265162969767
690,101,3.1663729571036776
690,202,4.973997420759466
690,303,3.3013244728521918
690,404,3.1345930557385278
690,505,3.9532171481097813
691,101,1.5955026086268669
691,202,1.6551637720760621
691,303,1.476137826601186
691,404,1.3308127502782314
691,505,1.340236524128047
692,101,5.002331778128632
692,202,4.450603016026589
692,303,4.872835644160872
692,404,4.612936025930683
692,505,4.834540195667305
693,101,2.6444193780364564
693,202,3.09763809022356
693,303,3.34352625861683
693,404,2.1851076814794923
693,505,2.0747951624494814
694,101,2.2518500182049315
694,202,2.7016134810327994
694,303,2.5369740317383234
694,404,1.6323195712334868
694,505,2.045949468933609
695,101,2.7223786318687644
695,202,3.2095186723666784
695,303,3.5498160127271405
695,404,2.664461951293747
695,505,2.662558995480842
696,101,4.695630351892836
696,202,4.652622613514295
696,303,4.677916139604591
696,404,3.6233963454349865
696,505,4.085366765910897
697,101,2.55004829352149
697,202,2.9321010956792053
697,303,2.7796141740040374
697,404,2.8902486156332503
697,505,3.0580154980836474
698,101,3.7902820020924426
698,202,3.4039377178932977
698,303,3.780540555438458
698,404,3.566682009565174
698,505,3.629103581881726
699,101,3.747427769511334
699,202,4.070366721668768
699,303,4.967331307556036
699,404,2.226444193454293
699,505,3.062467200592712
700,101,3.745716774025232
700,202,5.160715860232358
700,303,3.5360119766275866
700,404,3.263165138458716
700,505,5.3785754317535
701,101,2.248776613240299
701,202,2.529831160529718
701,303,2.346508474370651
701,404,2.30802582241406
701,505,2.73674641743169
702,101,3.5185088630570243
702,202,3.67498196609893
702,303,3.5373974677298943
702,404,2.9065549267131
702,505,3.245442000341351
703,101,1.9742714169502813
703,202,2.001210317853767
703,303,1.8971477142087652
703,404,1.9229937067814804
703,505,1.434889598219092
704,101,5.853978812391965
704,202,6.514783258092336
704,303,5.470774695341431
704,404,5.635686263592991
704,505,6.081976286092615
705,101,5.154806944006887
705,202,4.522895503908657
705,303,5.071725303595008
705,404,2.5576159866206627
705,505,3.4842439907476073
706,101,1.3412763968406738
706,202,1.1370844037154126
706,303,1.2874367843219727
706,404,1.3588181641963524
706,505,1.1870555071783664
707,101,3.614153996138463
707,202,3.812739034062606
707,303,2.7997101597809717
707,404,3.035311328594127
707,505,2.6558573433059243
708,101,3.2732184009276404
708,202,3.4244524096528455
708,303,3.0477673974160657
708,404,3.2165500629498034
708,505,2.7825227541337796
709,101,1.7020954071165584
709,202,1.6087196034874904
709,303,1.539222208139813
709,404,1.4458053585219557
709,505,1.3404021186494728
710,101,3.8365043348863463
710,202,4.209901181139077
710,303,3.796848401132824
710,404,3.031772141999803
710,505,3.5741514178734732
711,101,2.4595108490779607
711,202,2.229263946682536
711,303,2.5429633315612556
711,404,2.462722342356783
711,505,2.57318265310928
712,101,4.490738832636832
712,202,4.8390515370904765
712,303,5.3916201159555195
712,404,3.549095960333043
712,505,4.8270289498993195
713,101,2.4952283614309385
713,202,2.40804020028772
713,303,2.564299136791683
713,404,2.1108962490860383
713,505,2.500838601620396
714,101,6.618476481302327
714,202,4.467499504987305
714,303,5.591575968539969
714,404,3.543963575401391
714,505,4.6492478148393594
715,101,2.632862874055647
715,202,2.036756510142661
715,303,2.8999495551438956
715,404,2.3360433112177437
715,505,2.9639248118312063
716,101,3.6653924077401956
716,202,3.15994787274398
716,303,3.982266203181238
716,404,3.280865760912307
716,505,3.3390393851715086
717,101,5.112983500507345
717,202,4.632259155708633
717,303,4.536597710516103
717,404,4.831496394165297
717,505,4.979595416159935
718,101,2.041087273894268
718,202,1.7495652602269933
718,303,2.308561068875684
718,404,2.0281409589555657
718,505,1.6741396905250245
719,101,2.8082630938211386
719,202,2.3700441816679825
719,303,3.048392610599138
719,404,2.360679237287823
719,505,2.2583613716018376
720,101,2.5226257922475472
720,202,2.6268916670791715
720,303,2.4955043907720853
720,404,2.036239004471708
720,505,2.588095000776115
721,101,3.277580356709358
721,202,3.3921132293131735
721,303,2.645964284521539
721,404,3.11446195266574
721,505,3.762506234600247
722,101,3.9642782502591682
722,202,4.013405730392047
722,303,3.545367941234281
722,404,3.266025839517047
722,505,3.887941217656378
723,101,5.997578921890193
723,202,6.485481264571923
723,303,4.438070901548738
723,404,3.8364302659931533
723,505,5.596266449546204
724,101,4.296117818107693
724,202,3.057341279346353
724,303,3.7595513639698392
724,404,2.346267849993123
724,505,3.3614063859536323
725,101,2.91551544162028
725,202,2.179457162327524
725,303,3.5231198336856338
725,404,2.1120178502787637
725,505,2.710926797805247
726,101,3.317395001081744
726,202,3.222518160996762
726,303,3.2451542792258343
726,404,2.7320143681029503
726,505,3.500531870350306
727,101,2.33653945231736
727,202,2.1154414826156263
727,303,2.2115657040107175
727,404,3.333215430642392
727,505,1.9087509548781698
728,101,4.790249438180726
728,202,4.2133031322012675
728,303,4.113000425266423
728,404,3.4639064468775635
728,505,3.431777790556126
729,101,1.444818362185825
729,202,1.392630726802516
729,303,1.3892748028348296
729,404,1.4625283918356702
729,505,1.2418145254282793
730,101,4.998075526408687
730,202,6.928689902376706
730,303,4.254756080879252
730,404,4.276011902978008
730,505,6.97966016909014
731,101,3.9141327170189424
731,202,3.423720034938244
731,303,3.7655016288410925
731,404,2.630805493988732
731,505,3.2129686351885542
732,101,3.6674266016410257
732,202,3.3886069176737887
732,303,4.7322824929370375
732,404,2.6987621141877565
732,505,3.717102840304591
733,101,3.4580837199039127
733,202,3.6989430225952415
733,303,4.179219074995753
733,404,2.7171536253673056
733,505,3.698329517310841
734,101,4.714804162138344
734,202,3.419337231817023
734,303,3.2634781803772666
734,404,3.229124455196429
734,505,3.4620404632425705
735,101,3.9511150303546936
735,202,3.564194893358228
735,303,3.7991505855323453
735,404,3.5578055986941513
735,505,4.05322327029212
736,101,2.6223381365227083
736,202,2.7493191414214566
736,303,3.017493029193448
736,404,2.313811166099898
736,505,3.4767078480532883
737,101,2.197503016879284
737,202,1.7247137290467551
737,303,1.3583892528811456
737,404,1.3263135406696585
737,505,2.2674678299729467
738,101,3.346562692501699
738,202,2.9725786508023417
738,303,4.973869869873233
738,404,3.1284939843021013
738,505,2.3851114883285636
739,101,2.3041773960643623
739,202,2.6370988932068036
739,303,2.940715557392968
739,404,2.4257762192486547
739,505,2.1625222766823864
740,101,3.085251771972801
740,202,3.198444285022334
740,303,2.9365624592400303
740,404,2.744100075664282
740,505,2.5588409548748405
741,101,2.974989579519141
741,202,2.226752977384232
741,303,2.89602237625658
741,404,2.3425909301849
741,505,1.8384415666011615
742,101,3.6073149536553535
742,202,3.716942115297001
742,303,2.844397681966297
742,404,2.6023071130395055
742,505,4.015287771502125
743,101,1.949583614668196
743,202,1.8353169427052596
743,303,2.517377913065619
743,404,1.6711534433843833
743,505,1.6627976149856392
744,101,3.0547534312026574
744,202,3.0749579950072463
744,303,3.1436591641656846
744,404,3.27706943455528
744,505,3.7118210345505624
745,101,3.2906850629379685
745,202,2.8797811731859237
745,303,2.9475683609838317
745,404,3.2574194693791685
745,505,2.855527395531246
746,101,2.7457291686719145
746,202,3.390138815786683
746,303,2.947213242314035
746,404,2.2796372131576113
746,505,3.3246895442920055
747,101,5.4852789344237385
747,202,7.861903571214106
747,303,4.484799973054595
747,404,3.7315739474944882
747,505,6.509680429574466
748,101,3.786970014348028
748,202,3.530425707442885
748,303,3.085603664699136
748,404,3.505543700751901
748,505,3.1701794037582522
749,101,2.2929031288303716
749,202,2.7548214775857938
749,303,2.530141740605641
749,404,2.4005740403285376
749,505,2.9064183598889697
750,101,2.6252160159566214
750,202,1.9493762427696675
750,303,2.419899053435387
750,404,2.699272709334152
750,505,2.2808838524161303
751,101,1.9098645237331846
751,202,2.1318215703251266
751,303,2.6394608245470237
751,404,2.2240640260776656
751,505,1.7938849792231082
752,101,3.934374197394434
752,202,3.6035037368963807
752,303,3.7205081347784006
752,404,2.0376700858862904
752,505,3.3479052968787
753,101,2.52768095498323
753,202,2.8252901423673196
753,303,2.5701529102660623
753,404,1.9094581438683749
753,505,2.575106671788822
754,101,3.3049657255286373
754,202,3.6067144027223605
754,303,3.647934435340537
754,404,2.9852031101159864
754,505,3.2972406862781933
755,101,3.467880859865531
755,202,3.401298342497648
755,303,2.478416844230154
755,404,2.2509804122086994
755,505,3.6378104955023898
756,101,1.4742014781806188
756,202,2.409273387788838
756,303,1.749113542783701
756,404,2.248522379808456
756,505,1.691172308462565
757,101,5.117717694619725
757,202,5.791250842354563
757,303,3.9133882562943034
757,404,3.98328693425195
757,505,4.621469813992365
758,101,3.619650945471525
758,202,3.4042525223243305
758,303,3.312271567950256
758,404,2.493558836006725
758,505,3.0002029208869
759,101,2.4832225862730093
759,202,2.5220786718421526
759,303,3.2699683367056265
759,404,3.0036288704378244
759,505,2.287883149417036
760,101,2.617792668381968
760,202,3.4082009089915832
760,303,3.470647279462141
760,404,3.041409592467407
760,505,2.531149835379958
761,101,1.9689838248670506
761,202,1.6921125670958508
761,303,1.7897819304900655
761,404,1.6469709520474316
761,505,2.115094513490101
762,101,5.11147599345468
762,202,4.218424006795418
762,303,6.0959841554802825
762,404,3.5363272592381287
762,505,4.474080228126649
763,101,1.7305367627097636
763,202,1.707478601047833
763,303,1.803112062317361
763,404,1.5142972009546039
763,505,1.7056655426344065
764,101,3.0207988381309274
764,202,3.1732392468808297
764,303,3.7004090848426077
764,404,2.7147515177598147
764,505,2.666980726597832
765,101,3.488330614314285
765,202,3.2571996298735724
765,303,3.45897671053768
765,404,3.1141949198993735
765,505,3.950150237388586
766,101,3.5007436181717284
766,202,3.085067394732322
766,303,3.4201490041264027
766,404,3.1709174661322614
766,505,3.260610096803893
767,101,1.3842090813428656
767,202,1.2964677775836828
767,303,1.288911932412093
767,404,1.191741472812752
767,505,1.0744473437916888
768,101,3.266291024991518
768,202,3.253218334554752
768,303,3.35207975782403
768,404,3.2225335210732142
768,505,3.2812793098505733
769,101,3.339269640020979
769,202,3.8684862313096633
769,303,3.6459690207467657
769,404,2.84531076694042
769,505,3.515420146789534
770,101,3.1162808682594028
770,202,3.2127031134802295
770,303,3.526387932938738
770,404,2.89740433741242
770,505,3.29180166089654
771,101,1.9975136228504802
771,202,2.2528738523769545
771,303,2.3371404340593838
771,404,1.9250350239221738
771,505,2.114260847896836
772,101,3.1991483443400273
772,202,3.436030579215414
772,303,2.852619247217308
772,404,2.769990722224638
772,505,3.8999186437576348
773,101,3.1970213667118355
773,202,3.0590428353445414
773,303,2.5299015124718234
773,404,2.6686354050907104
773,505,2.7729625426634024
774,101,3.109288975519819
774,202,3.405435595797691
774,303,3.145573497808526
774,404,2.551887789860336
774,505,2.985964825601367
775,101,3.0110238850137248
775,202,3.2345258981419693
775,303,2.3644147814143195
775,404,2.528662124495242
775,505,3.235008666724645
776,101,2.9722333225174213
776,202,2.9164998640310555
776,303,3.0569095913428086
776,404,2.972087866153922
776,505,2.500021094523907
777,101,2.166848819048693
777,202,2.645189261311964
777,303,2.5433082526107995
777,404,2.159760201416942
777,505,2.2489875865650237
778,101,4.515818123297531
778,202,4.975231766145906
778,303,3.7350159993860377
778,404,3.89117478432505
778,505,4.8468488285192155
779,101,1.9723111367156987
779,202,1.8103636929932867
779,303,2.155901377738738
779,404,2.438096910914962
779,505,2.138150507673199
780,101,3.2783467272708706
780,202,3.832079939317372
780,303,3.9066009472288266
780,404,2.405263359831746
780,505,3.3041244298709698
781,101,3.0462784218042365
781,202,2.4757684308763737
781,303,3.1930370314792427
781,404,2.4674995119705923
781,505,2.3938130378367415
782,101,3.925634685048805
782,202,4.325847339205748
782,303,3.5540013022289103
782,404,3.354645645951235
782,505,4.932620119555156
783,101,3.4682541370872624
783,202,4.422311184990401
783,303,3.320377817311225
783,404,3.3637260460812604
783,505,3.4642636395139754
784,101,1.275487327367264
784,202,1.2471388888727424
784,303,1.400841898600131
784,404,1.4039713047849258
784,505,1.3831281251709573
785,101,1.6635572494521582
785,202,2.1419100334931787
785,303,1.7517509943748846
785,404,1.567715079994846
785,505,1.775013977043108
786,101,3.229256184197577
786,202,3.1501117367699734
786,303,4.082955361994264
786,404,2.9764876324666285
786,505,2.992116801540158
787,101,1.2248963086528928
787,202,1.8100790187878104
787,303,1.6684313296227014
787,404,1.673330578865153
787,505,1.7638786494489032
788,101,2.323543431206842
788,202,2.072607310189163
788,303,2.6751979303992113
788,404,2.456251456103807
788,505,1.828224411016822
789,101,2.3822084324474146
789,202,1.8797466053626561
789,303,2.7174521459572
789,404,2.6774980427224766
789,505,1.7804773651623715
790,101,0.9663259461570255
790,202,0.9905354913689679
790,303,1.112217348101562
790,404,0.9376983418320862
790,505,0.9088753926749162
791,101,4.663894525723169
791,202,6.2942931474862105
791,303,3.911918672785214
791,404,4.045592814286196
791,505,6.875787598491974
792,101,3.4041096752089013
792,202,3.6021475255369078
792,303,2.942622407785092
792,404,3.06058008809225
792,505,2.6111967854348936
793,101,2.7248638084339905
793,202,2.2066748981202933
793,303,3.4118563738996146
793,404,1.8002110281801766
793,505,2.7255536936693066
794,101,3.6058896544144727
794,202,3.8359351503511254
794,303,3.527375906018333
794,404,3.642860666055294
794,505,3.6008577070555017
795,101,2.354973280468283
795,202,1.9540746048008855
795,303,2.5935460249503794
795,404,2.233933743809411
795,505,2.113648223593507
796,101,2.0114903432100704
796,202,2.30478220674509
796,303,2.5211715144572264
796,404,2.3653780048981723
796,505,2.310467789476584
797,101,2.7766577780135075
797,202,2.9290180180050687
797,303,4.412728423892542
797,404,2.471961440417591
797,505,2.8338030923308986
798,101,1.9255071219520135
798,202,1.1597146624104502
798,303,1.3162494486388732
798,404,1.4141414597271733
798,505,1.1605924093643791
799,101,2.101271597364856
799,202,2.6092942856147667
799,303,4.450200273122657
799,404,1.8874871011474517
799,505,2.4779922066092848
800,101,2.8286453961479068
800,202,3.281804109623399
800,303,2.9413967698954133
800,404,2.530291892443815
800,505,4.074728536485324
801,101,2.7187867124407075
801,202,3.764908042170851
801,303,3.101749254179426
801,404,2.55013872786798
801,505,3.9074390899413802
802,101,1.3670913056381613
802,202,1.2503890862871292
802,303,1.6053403344514858
802,404,1.6033271644221907
802,505,1.2152316034290076
803,101,4.240398580224446
803,202,5.495646228384618
803,303,3.4135751591665286
803,404,3.5097361355652184
803,505,4.969051361078316
804,101,5.548627018879376
804,202,5.14359159921846
804,303,4.521663034104604
804,404,4.169081746693706
804,505,4.848565066332772
805,101,1.7996380885561365
805,202,1.6623211621990448
805,303,1.2962160189835403
805,404,1.3983311554124451
805,505,1.3648984490384506
806,101,1.3424164638968228
806,202,1.5901618973718037
806,303,1.9206825241669232
806,404,1.8310083572183191
806,505,1.742529756133803
807,101,2.229621290549879
807,202,2.408972217867908
807,303,2.5485933453185003
807,404,2.3683618886872986
807,505,2.436253807519041
808,101,2.715833201457708
808,202,2.5395826268082518
808,303,1.8664541313682657
808,404,2.3416705245075886
808,505,3.1399043274134946
809,101,3.8895427764410755
809,202,5.3202016182701115
809,303,5.747843622569055
809,404,3.8374580746805234
809,505,4.486004079943722
810,101,3.684383479635724
810,202,5.060506057070643
810,303,4.210128867323114
810,404,3.883498524150641
810,505,4.622038232473539
811,101,4.280087946776282
811,202,5.325765943397207
811,303,3.1081379778608156
811,404,3.1135009088795105
811,505,5.230530619541055
812,101,2.4428087052545084
812,202,1.8009905227441125
812,303,2.7815957969308562
812,404,2.472398371092754
812,505,1.9810170286779711
813,101,1.925405065843241
813,202,1.593325754406049
813,303,1.8417232621784596
813,404,1.5463978004887808
813,505,1.4122477410578838
814,101,4.776802022905767
814,202,6.775897935506313
814,303,4.142488345302076
814,404,3.727721646477084
814,505,5.201999194752361
815,101,4.103371900377705
815,202,4.9718673603742936
815,303,3.2570619886724903
815,404,3.1280857033266107
815,505,4.67691088517416
816,101,2.5377009951878042
816,202,2.864315872764168
816,303,2.6721321024485554
816,404,2.399865057836722
816,505,2.558039861479454
817,101,1.300941703179441
817,202,1.3590136845269372
817,303,1.5488641647626222
817,404,1.1609211697504258
817,505,1.0445303433369189
818,101,1.5882939403801508
818,202,2.201240599191415
818,303,1.8506312604204953
818,404,1.9865159628391449
818,505,1.7602520184464998
819,101,1.6340709178745803
819,202,1.7715716047848302
819,303,2.175629553102288
819,404,1.9040782214935648
819,505,1.7593993234408751
820,101,6.961213574395836
820,202,5.615845538802782
820,303,5.737717994422578
820,404,5.044807426022646
820,505,4.4026277783535255
821,101,1.8130326854922312
821,202,1.8399759163527254
821,303,2.043888714460411
821,404,1.9690749310961253
821,505,1.7571602806265838
822,101,2.3735818970081954
822,202,2.4990994481330895
822,303,2.6302809151955846
822,404,2.5689221563994824
822,505,2.3849093151719303
823,101,2.2016346980925596
823,202,2.5485425825606756
823,303,1.7775412828568595
823,404,2.1520055704666827
823,505,1.6943718380953312
824,101,3.352206737836666
824,202,2.6033894666795274
824,303,3.115639070887347
824,404,1.7588453922473033
824,505,2.0106232303335294
825,101,3.1939606455543252
825,202,3.785299677963324
825,303,3.2058312255958117
825,404,3.3281705588620674
825,505,3.9020386501913285
826,101,3.931891289328522
826,202,4.072952235981256
826,303,2.742893532546843
826,404,3.3346181685288365
826,505,4.145201962426386
827,101,4.179176327362033
827,202,4.163545983975909
827,303,4.934750899763201
827,404,3.2487559834304847
827,505,3.268606872453195
828,101,7.244894940316268
828,202,4.3188084839061
828,303,4.664690007136104
828,404,4.859553356231202
828,505,5.112119595411197
829,101,2.2011776866614006
829,202,2.197430955276717
829,303,2.0412298699355467
829,404,1.6775960870367186
829,505,1.9806545992004823
830,101,3.146011596414868
830,202,3.5387570227504717
830,303,2.214139729769448
830,404,2.8003567487978334
830,505,2.5804927971548595
831,101,4.289525186987004
831,202,3.7484069775470505
831,303,3.0466720234879303
831,404,2.9306970975184634
831,505,4.689966794415275
832,101,3.296904443946226
832,202,2.164014141752162
832,303,4.199895505644761
832,404,3.1148140036036924
832,505,3.101456796838964
833,101,3.619856407209975
833,202,3.8545193362478063
833,303,2.972981748026096
833,404,2.6581058706347878
833,505,3.6617553477496663
834,101,4.615378290008413
834,202,4.714976054161432
834,303,4.107402087384845
834,404,3.549231679343642
834,505,4.212563840412549
835,101,0.8942288509854099
835,202,1.1140403717756944
835,303,1.232973946217221
835,404,1.292409007659522
835,505,1.1805539194674686
836,101,2.7950367550731245
836,202,2.670174585743363
836,303,2.6966504013402908
836,404,2.392555714607379
836,505,2.8074297799910766
837,101,2.179065353666643
837,202,2.1120925781559596
837,303,2.4101584552858792
837,404,1.9080232173634188
837,505,2.074509399775989
838,101,2.5819766701813203
838,202,1.685328845930884
838,303,2.9738612066523427
838,404,2.3628857457827417
838,505,2.9919797353344637
839,101,2.772978632679189
839,202,2.4981256061233315
839,303,3.369350736789235
839,404,2.34875290760011
839,505,2.1587120743925814
840,101,3.4359378441261694
840,202,3.599260083938381
840,303,3.8735597198167966
840,404,2.572221445364408
840,505,2.532565805413483
841,101,2.157661219345938
841,202,2.1677664480166907
841,303,2.002053537250498
841,404,1.8776517406798223
841,505,2.0408988921823874
842,101,2.219529990166888
842,202,2.384705764202588
842,303,2.540818330030218
842,404,2.0027691778224614
842,505,2.2118783537371116
843,101,4.0506108817410205
843,202,4.836233698336421
843,303,3.3874496264886265
843,404,3.815996331841064
843,505,4.201824848297151
844,101,4.122389654872788
844,202,3.6654861958658125
844,303,3.7385595669416753
844,404,3.6097668021278104
844,505,4.038172331842515
845,101,2.3956922759457298
845,202,1.7004015209315677
845,303,2.0700916020032043
845,404,1.3429614562451055
845,505,1.5759613786963285
846,101,4.256465026942626
846,202,4.177940425953828
846,303,4.574903415716109
846,404,2.579788177923084
846,505,3.1099180158206003
847,101,2.452188800016291
847,202,2.589578171716732
847,303,2.658760333682743
847,404,2.7741278909217884
847,505,2.8934321232847378
848,101,2.065357963579996
848,202,2.487312108847201
848,303,2.215606609126901
848,404,2.05478856537376
848,505,1.9538051694943337
849,101,4.2368322470205495
849,202,4.513488298686195
849,303,4.169508476377736
849,404,4.419852471315349
849,505,5.118144475915266
850,101,3.8818804447139286
850,202,3.124541137614498
850,303,3.3894787341941557
850,404,3.7579328006318966
850,505,3.5566842185913194
851,101,3.808671882184692
851,202,3.457050801469546
851,303,3.4233600735729692
851,404,2.952188867118504
851,505,2.777373298057159
852,101,3.267586143617315
852,202,2.80116755595843
852,303,3.9114278716316755
852,404,2.6666766604665835
852,505,2.5807872191657975
853,101,3.913960937411853
853,202,3.6100492556696713
853,303,4.938666091245557
853,404,3.1635546107042822
853,505,2.2339351814430137
854,101,4.006840110760274
854,202,3.0290592894547785
854,303,3.987876959387352
854,404,2.575944493877923
854,505,3.5162482120339744
855,101,1.0036514441892206
855,202,1.1050187228789963
855,303,1.6429210570338293
855,404,1.356717479304311
855,505,1.1697507237435698
856,101,2.9016732926076494
856,202,3.2156142604651103
856,303,1.9308716510260533
856,404,2.977531901449168
856,505,3.0858996332098734
857,101,1.9461203874179545
857,202,1.943435073251504
857,303,2.6801981009371603
857,404,1.9328949831619155
857,505,2.323027512423074
858,101,4.48492692582165
858,202,3.371621288872279
858,303,4.968135831607015
858,404,2.9491927717193875
858,505,3.144116556702742
859,101,3.451472461564725
859,202,3.4354952065649496
859,303,2.940829748365208
859,404,3.459535352961199
859,505,3.4137361018768937
860,101,1.8060782383906775
860,202,1.4306016485210777
860,303,1.2788130101733992
860,404,1.5480084402519918
860,505,1.1608948772141234
861,101,2.6025972058764464
861,202,3.5226205184376536
861,303,2.2841089725387453
861,404,2.346990349679144
861,505,3.0986175775860616
862,101,3.0140544527127844
862,202,4.541800987656888
862,303,3.4092923347535367
862,404,3.0123521638857063
862,505,3.9457747283216085
863,101,2.0400532003229537
863,202,2.775754081910085
863,303,3.3238690477391164
863,404,2.518774998615604
863,505,2.8567925438976642
864,101,2.7010185801471707
864,202,2.1938793937003425
864,303,1.9069654792531638
864,404,1.8284618385221725
864,505,2.4680415684909747
865,101,2.5749713239718663
865,202,2.323066249541869
865,303,2.027845197553422
865,404,2.0948811122384403
865,505,2.2942191726784253
866,101,1.3146654299922842
866,202,1.7985715922780794
866,303,1.3264397805364623
866,404,1.3394764907276682
866,505,1.6080980769650013
867,101,3.999626696850582
867,202,3.816861510274207
867,303,3.3483748382584717
867,404,3.2539944492802286
867,505,3.2552131646647045
868,101,2.3476209772079106
868,202,1.9533413896043317
868,303,2.3804084595282426
868,404,2.0919090502341273
868,505,2.3081327271208307
869,101,1.5029125397985053
869,202,1.655614650628798
869,303,1.4561969878129175
869,404,1.3415749946767164
869,505,1.3988301590655605
870,101,3.8274866794238016
870,202,4.225628898100823
870,303,4.679792137409994
870,404,3.24424522343263
870,505,3.961261493071103
871,101,3.8173569815429906
871,202,3.638801617974576
871,303,3.7762913211110125
871,404,2.8793540709482346
871,505,3.306357437197791
872,101,1.2580092018405697
872,202,1.3165339523987838
872,303,1.339413517813962
872,404,1.3114381484563786
872,505,1.1914024345838046
873,101,3.0886323118091363
873,202,3.6634197239530715
873,303,3.2374522178382037
873,404,2.897286838435367
873,505,2.7775628246272213
874,101,3.233746437620372
874,202,2.7208101824419493
874,303,2.997408183746576
874,404,2.2503003229580463
874,505,2.63148102337769
875,101,4.879004220086338
875,202,4.315113884467061
875,303,3.9067768789872526
875,404,4.037656937496018
875,505,4.287011952939223
876,101,2.070187973026014
876,202,1.9582385161472362
876,303,2.4800887239196507
876,404,2.2113944283724294
876,505,1.8617278462047904
877,101,3.4524341332473765
877,202,4.1442305086955065
877,303,2.691691680882748
877,404,2.3732132557085697
877,505,3.6813473118997098
878,101,4.941352537897846
878,202,3.800023787457965
878,303,4.720894651209291
878,404,4.487828364199179
878,505,3.7836136724790137
879,101,2.392383775679691
879,202,3.174729292620926
879,303,2.1504346200762643
879,404,2.0940503805132327
879,505,2.767045147442027
880,101,2.3606574321465237
880,202,2.381966137116704
880,303,3.504122804506208
880,404,2.7678427408976947
880,505,2.797504069861917
881,101,2.756904931521433
881,202,2.941053340919265
881,303,2.2927806676773375
881,404,2.2924249030280226
881,505,3.4074728707270894
882,101,3.037643303774386
882,202,3.251031094295248
882,303,2.8584192882855364
882,404,3.348021049676604
882,505,2.8605936735142325
883,101,5.502938078827657
883,202,5.5598062203230105
883,303,6.2848282524661965
883,404,4.2378222644791075
883,505,5.374107385135807
884,101,2.809731874313053
884,202,2.740600076777112
884,303,3.1367140228090586
884,404,2.3097002999268046
884,505,2.855658297689382
885,101,5.970179986516164
885,202,5.673990928261201
885,303,4.372489856758895
885,404,4.222498065303591
885,505,5.3128422558368245
886,101,1.4574477771878995
886,202,1.1940103667068926
886,303,1.1639946024119743
886,404,1.451592053053445
886,505,1.203579389568873
887,101,3.9595971153481853
887,202,4.738708439197975
887,303,5.237405040775638
887,404,3.963322459619641
887,505,4.234740956377455
888,101,3.0294833550613887
888,202,2.4505569430302887
888,303,3.1534162471579004
888,404,2.5673912860296513
888,505,1.9090991784268327
889,101,4.0621888156846495
889,202,4.292104274996819
889,303,2.223292368345572
889,404,3.8897244126691555
889,505,3.144955613666526
890,101,1.704397675647457
890,202,1.7727690860292278
890,303,2.089192834823315
890,404,1.933868897803987
890,505,1.7413637543600018
891,101,1.894221645529249
891,202,1.8506582107001104
891,303,1.822869596730353
891,404,1.5059626751686277
891,505,1.4775461295895231
892,101,1.697967842317312
892,202,1.5081601406385272
892,303,1.4470923256291282
892,404,1.4683585163443904
892,505,1.5162254433146867
893,101,3.5037171946135177
893,202,2.6990158820224392
893,303,3.1320501034848665
893,404,2.446317208065997
893,505,2.745750246948082
894,101,4.561083141100631
894,202,3.468324619165812
894,303,2.9919030426131776
894,404,2.861875964996884
894,505,4.011043065161068
895,101,4.598489957797059
895,202,5.9489580524204335
895,303,3.8371660668589556
895,404,4.027342801925687
895,505,4.580018517341691
896,101,2.2152856303282693
896,202,2.4797407593283114
896,303,2.3899114825871592
896,404,2.4948191568163134
896,505,2.3467341462388607
897,101,2.6914265327305333
897,202,2.9052186725342377
897,303,2.645611911501067
897,404,2.5829278193379297
897,505,2.8662376744583415
898,101,1.8990095541825704
898,202,1.285553531755631
898,303,1.6436359391086515
898,404,2.1727647931494505
898,505,1.5667054053279925
899,101,3.3794961537312305
899,202,3.9013439743488667
899,303,3.3132783706674522
899,404,2.8135799523706426
899,505,3.9793991401194955
900,101,2.2227478264913265
900,202,2.745072900751223
900,303,2.7244308763481695
900,404,1.9416749635092327
900,505,1.9724588092984316
901,101,4.3889475540262035
901,202,3.249493756272155
901,303,3.4223181099928883
901,404,2.769979376435961
901,505,3.048277923871307
902,101,4.152538035688629
902,202,4.024139690784036
902,303,7.133508539706022
902,404,2.7215487350560057
902,505,2.9372970068305033
903,101,2.4784609425029247
903,202,2.1418693715371866
903,303,1.9095565624515691
903,404,2.059627410664463
903,505,1.5107182352240076
904,101,3.435748472770621
904,202,3.7268593106344716
904,303,2.809663514550668
904,404,3.1924089697719493
904,505,3.54134569295775
905,101,1.9183837125315018
905,202,2.9782565100425544
905,303,2.4767255841960476
905,404,2.4446259230517793
905,505,2.6575477872066533
906,101,3.376963157425446
906,202,3.715933122840526
906,303,2.6338882040940717
906,404,3.0028014773065244
906,505,3.527464997082143
907,101,4.633124183673761
907,202,4.494295078962148
907,303,4.473420147165533
907,404,2.460711026163417
907,505,3.690460308518998
908,101,2.0259137122657025
908,202,1.491923444029548
908,303,2.2358830201918476
908,404,1.7195956827902217
908,505,1.7297876583632992
909,101,2.32876969143147
909,202,3.07633201724994
909,303,2.451520041435746
909,404,2.3729708153236686
909,505,2.0484086212638726
910,101,2.695305944442042
910,202,2.7408759953106205
910,303,2.032021832004916
910,404,2.559171905540117
910,505,3.03757802549314
911,101,1.6711372754188174
911,202,1.3829161915976491
911,303,1.745473876313784
911,404,1.399759483550237
911,505,1.7554063249125986
912,101,3.747996673095795
912,202,4.09440807768549
912,303,4.876215622516066
912,404,4.021356869615495
912,505,4.687090026578833
913,101,2.500355810696261
913,202,2.4068684925606103
913,303,2.6682748202268773
913,404,2.6662332765656975
913,505,2.438980257777258
914,101,3.5444993252078874
914,202,3.323294135658331
914,303,3.2561185916826623
914,404,2.6140563466716045
914,505,2.6334336677532098
915,101,4.232776780343128
915,202,2.3133394867096464
915,303,3.8200988263222637
915,404,2.0467876272708776
915,505,2.064832342887394
916,101,3.3236912990419367
916,202,4.2552081086790485
916,303,3.6579029009370467
916,404,3.044005714348219
916,505,3.9007921404228716
917,101,2.834842005676116
917,202,2.809764696506577
917,303,2.8632033462233597
917,404,2.9776911051516977
917,505,4.01720217551682
918,101,2.286359226966378
918,202,2.3281070224272202
918,303,2.3702427671831185
918,404,2.3782036537605644
918,505,2.2351334281407476
919,101,2.5635272144341608
919,202,2.0860612241788363
919,303,3.5299710718776094
919,404,2.4952076140931245
919,505,1.724193855403078
920,101,1.6443718514634509
920,202,2.1447378033834625
920,303,1.5501620129689089
920,404,1.7471689611947034
920,505,1.858745846275291
921,101,2.5077274722849814
921,202,1.844511534158131
921,303,2.718241320551008
921,404,2.003723067851933
921,505,1.7993878802820562
922,101,1.1543506436695823
922,202,1.404175930281113
922,303,1.293078064875596
922,404,1.593076374188092
922,505,1.1975812910088424
923,101,2.1643181266008855
923,202,2.2083194241402024
923,303,2.268674594787436
923,404,2.2622956874637086
923,505,2.3614867142352014
924,101,1.5126981721521089
924,202,1.7903116928148646
924,303,2.0804465556533516
924,404,1.5680781169930145
924,505,1.2499558550150471
925,101,3.352956496203623
925,202,2.55069896357261
925,303,3.364979650259946
925,404,2.2433895053175195
925,505,3.0125069103200186
926,101,3.983133309700525
926,202,2.7649931170828967
926,303,3.758789047543783
926,404,3.1608127100753216
926,505,3.555631255625869
927,101,4.069582719118654
927,202,2.655868547398682
927,303,3.469500070136003
927,404,3.223912723844287
927,505,3.298020174494427
928,101,4.559138638436265
928,202,4.2710734766433385
928,303,4.4281271372705255
928,404,4.200038462760588
928,505,4.819058750189499
929,101,4.033542349702858
929,202,4.657216274414015
929,303,3.9981692528657953
929,404,3.601441435714316
929,505,3.6485423170594484
930,101,2.206354419824715
930,202,2.74223172957514
930,303,1.8923271687700982
930,404,2.545654643013801
930,505,2.911494230754882
931,101,1.928061370836369
931,202,3.153432421427705
931,303,5.632490384334574
931,404,2.816530265612866
931,505,1.8374952297126355
932,101,2.0713266295524533
932,202,2.0901491713003484
932,303,2.1895167876172725
932,404,1.8948431297438841
932,505,2.3624557535993684
933,101,5.3297102700853625
933,202,5.2389697997885
933,303,4.878126685660667
933,404,4.027714207615463
933,505,5.658418396797996
934,101,2.7372359360141623
934,202,2.7395731582067944
934,303,2.4175005992349017
934,404,2.6839984567962123
934,505,2.189097498641966
935,101,2.3226036273558055
935,202,2.565231968526972
935,303,2.3621117721399583
935,404,2.0394154935416062
935,505,2.0592547031432207
936,101,2.585965875023282
936,202,1.8436940365710528
936,303,2.981132103665461
936,404,2.0647813772889454
936,505,2.020068454588715
937,101,2.2609062091093497
937,202,2.160174503740612
937,303,2.1398174749650054
937,404,2.2613457455125547
937,505,2.6807209743371434
938,101,2.036345788269473
938,202,2.5258526651313216
938,303,2.676219617547235
938,404,1.9457640970866592
938,505,2.1740060249083117
939,101,2.7734487050262135
939,202,2.7101600218365682
939,303,2.6286213668970726
939,404,2.3026232141233742
939,505,2.5188788332880145
940,101,2.667145088651321
940,202,3.0131321555128054
940,303,4.243602308170171
940,404,3.01712486244017
940,505,3.29243977416043
941,101,4.509596365942626
941,202,5.234254431887838
941,303,3.752908099664289
941,404,4.035518945217287
941,505,4.834381190719221
942,101,1.8827223116825762
942,202,2.132056797645946
942,303,2.2008461837042317
942,404,1.868745333121877
942,505,1.9020536743663736
943,101,4.525024382016771
943,202,6.879620763939174
943,303,4.646085007287229
943,404,3.9707759504176163
943,505,6.1912059075065535
944,101,2.8037771954204462
944,202,3.098919253657117
944,303,3.316058271224134
944,404,2.633839055137313
944,505,2.4497892981584566
945,101,5.1978411383154945
945,202,4.720388623927935
945,303,5.23910191200301
945,404,3.8293726050358523
945,505,5.47154122140324
946,101,1.7795378300537845
946,202,1.9130772731879349
946,303,1.7087707317159295
946,404,1.666420325064307
946,505,1.7772109894638255
947,101,2.8650963865044385
947,202,3.243327490939483
947,303,2.250929294975843
947,404,2.089116038559934
947,505,2.840102862914112
948,101,2.6234975488012444
948,202,2.371227147407714
948,303,2.804101325243951
948,404,2.0840714758130825
948,505,2.2963527599585913
949,101,3.524221450415365
949,202,4.594063217539134
949,303,3.4690640457681594
949,404,3.424701867438453
949,505,3.678055615198001
950,101,4.179055943550651
950,202,4.2206503963311395
950,303,3.1572018748406334
950,404,3.0918168361968252
950,505,4.292863157005339
951,101,2.183132224310872
951,202,1.6006779613203124
951,303,2.402413648783288
951,404,1.7089586979770668
951,505,1.914792508373186
952,101,5.109244795639794
952,202,5.985349447688675
952,303,5.134888699930984
952,404,4.522367181892866
952,505,6.050988741921907
953,101,1.1152537424034743
953,202,1.6076615009163842
953,303,1.8123892682342937
953,404,1.3268136049418358
953,505,1.5126082713741735
954,101,4.813622804250144
954,202,5.517134707115021
954,303,4.56036917094248
954,404,3.7485600416845397
954,505,5.189658106857591
955,101,2.305320558593922
955,202,2.464110735862344
955,303,1.8833281461935796
955,404,2.372406952963042
955,505,2.5375676226142634
956,101,5.843051000853035
956,202,5.675188862107324
956,303,4.316714018997556
956,404,3.8553635101396173
956,505,4.940919026990999
957,101,5.0562768910674665
957,202,4.815684247120094
957,303,3.325717139900714
957,404,3.7980316551246807
957,505,4.744883247314706
958,101,4.257756881835987
958,202,3.8662202556650525
958,303,4.237959203841225
958,404,3.466909643040019
958,505,3.9762624967877493
959,101,5.159612872880663
959,202,5.056543185325871
959,303,4.8664135043460215
959,404,3.6755162366628094
959,505,4.911149411107153
960,101,3.9471847509367017
960,202,3.7352624696631866
960,303,3.985638475136549
960,404,2.9527057135222012
960,505,3.4586419448643295
961,101,3.959129659554119
961,202,3.74356584981468
961,303,2.918914303713369
961,404,3.6076231461660107
961,505,3.4355049834997593
962,101,2.4869714293351084
962,202,2.892083813812297
962,303,2.3434627844040588
962,404,2.6363439308577234
962,505,3.1270133065857824
963,101,2.446693040526844
963,202,2.8948159169653644
963,303,2.687369407326935
963,404,2.746770634325308
963,505,2.549996783389399
964,101,4.139694533963686
964,202,2.8924043741457925
964,303,4.292815187339681
964,404,2.9423238203671924
964,505,3.994985395423487
965,101,4.3907305358593085
965,202,4.760244371987814
965,303,3.541353939227297
965,404,3.1758435746612808
965,505,5.19484039136714
966,101,2.7634689723300263
966,202,2.113443778835139
966,303,2.853631056958958
966,404,2.197248667053197
966,505,2.5087991080098075
967,101,2.944388564527823
967,202,3.179113054829444
967,303,2.630670895738748
967,404,2.32897278802591
967,505,3.1488777361121203
968,101,3.9129966396509883
968,202,4.684345916241515
968,303,4.416345072619816
968,404,3.6428524513659974
968,505,3.9799230432075996
969,101,3.837770789873068
969,202,3.4701597139759794
969,303,3.979910701466854
969,404,3.113789959022048
969,505,3.7007139746072144
970,101,1.968242193669802
970,202,1.819700068350926
970,303,1.9028452727075233
970,404,2.041505721269103
970,505,1.7372247772408544
971,101,3.1225522432293977
971,202,3.671754878421482
971,303,3.4870388191349804
971,404,2.9523206841098113
971,505,3.7182450917686793
972,101,2.345886583193363
972,202,2.41034978182614
972,303,2.8323816566225553
972,404,2.076222873478484
972,505,1.9796697352132542
973,101,1.075021065276083
973,202,0.9760559789293755
973,303,0.9366505307830489
973,404,1.1988898993927877
973,505,1.2300000266976545
974,101,2.404204518005606
974,202,2.086356765370082
974,303,2.5081339500087725
974,404,1.8561478593892506
974,505,2.3164235524930077
975,101,5.023351824930789
975,202,6.486101688456382
975,303,3.814937909227513
975,404,3.8822388336227385
975,505,5.056827588593095
976,101,1.1684632703951605
976,202,1.4329695535443383
976,303,1.6705576066820769
976,404,1.4801534896523385
976,505,1.3476835048190945
977,101,1.3141334814089471
977,202,1.1574440655236269
977,303,1.4514288544226543
977,404,1.7540266542201606
977,505,1.9636909963615348
978,101,2.763552556612902
978,202,2.495593987693775
978,303,2.878158801903936
978,404,2.210318078539387
978,505,2.292655934002708
979,101,3.686943184800726
979,202,4.276419092414755
979,303,3.5256751231610366
979,404,3.5394977607574205
979,505,3.784932184757664
980,101,2.5132631173915683
980,202,2.2370945088507113
980,303,2.9731143029985323
980,404,2.8876528215994117
980,505,2.251896041939135
981,101,4.8097316440475435
981,202,3.312733809253159
981,303,4.84920215209892
981,404,3.0155435665749195
981,505,3.9529254655100936
982,101,1.3727163984303121
982,202,1.483135665419799
982,303,1.7721327370033484
982,404,1.1852228491897194
982,505,1.310264934962432
983,101,2.593821377035188
983,202,2.2591812292391324
983,303,2.3364736470956267
983,404,2.5906046453302505
983,505,2.315393669595155
984,101,3.9452736292479154
984,202,6.0856335345732
984,303,3.6168802898884302
984,404,3.8876629522390207
984,505,4.076954369814095
985,101,3.8228053003776643
985,202,3.7876244768958665
985,303,4.163798887511748
985,404,3.364344883705052
985,505,3.5645412794317273
986,101,2.6920064828138086
986,202,2.4017123801322056
986,303,2.7229181197248518
986,404,2.829444304007842
986,505,2.273705610036845
987,101,2.4856964959533205
987,202,2.7062229045346413
987,303,2.61380505199265
987,404,2.4033075068243117
987,505,2.7272570457552
988,101,2.627770795997232
988,202,2.730761106224057
988,303,2.0499045248044414
988,404,2.583797897676118
988,505,2.3382746818865803
989,101,2.5945771418230263
989,202,2.562129610773699
989,303,2.60929869473562
989,404,2.7348113119020105
989,505,2.3645127680549227
990,101,3.1182520769407733
990,202,3.4234911701410633
990,303,2.771438790522567
990,404,2.5490477018236253
990,505,3.582487950416443
991,101,1.8388173394575378
991,202,2.0172023514604387
991,303,3.1159047824803054
991,404,1.9614550575126113
991,505,1.7842611111689979
992,101,2.7060333158460006
992,202,3.351297921571378
992,303,2.564174600839994
992,404,2.4270183272589767
992,505,2.7472759170008683
993,101,2.6606769069776446
993,202,2.613358442614531
993,303,5.5752269302774335
993,404,3.591342891457942
993,505,3.077805101826974
994,101,5.965954851335855
994,202,5.8310633861944865
994,303,4.46799385400114
994,404,4.0674029571349335
994,505,6.610180328091645
995,101,4.396011770271957
995,202,3.9347481017382515
995,303,3.639457709785486
995,404,3.3107034535349746
995,505,4.0088596865338
996,101,1.7841042958275029
996,202,1.8122883615864407
996,303,2.0006509585212453
996,404,1.4131974341981224
996,505,1.6935342076774447
997,101,2.7627330109296855
997,202,2.6451704084230108
997,303,2.8264342612605025
997,404,2.57438631948669
997,505,3.4389911955052708
998,101,4.840605926840127
998,202,6.456259868202152
998,303,4.489028059147075
998,404,3.8141403632375077
998,505,4.937767048609512
999,101,2.8582637961413466
999,202,1.9536594281761819
999,303,2.9667859390115003
999,404,1.8272283572707027
999,505,2.049700993999855
1000,101,2.0545070436520056
1000,202,2.2568189997747004
1000,303,2.762624320528786
1000,404,1.7619881182946737
1000,505,2.2019998312199345
