permutation,input_sample_id,brain_sample_id,kept_original_pair
1,FL-LAR-1,VC-LAR-13,False
1,FL-LAR-13,FL-LAR-1,False
1,FL-LAR-5,VC-LAR-1,False
1,HC-LAR-1,HC-LAR-13,False
1,HC-LAR-13,FL-LAR-5,False
1,HC-LAR-5,HC-LAR-5,True
1,VC-LAR-1,VC-LAR-5,False
1,VC-LAR-13,HC-LAR-1,False
1,VC-LAR-5,FL-LAR-13,False
2,FL-LAR-1,FL-LAR-13,False
2,FL-LAR-13,FL-LAR-5,False
2,FL-LAR-5,VC-LAR-13,False
2,HC-LAR-1,VC-LAR-5,False
2,HC-LAR-13,HC-LAR-13,True
2,HC-LAR-5,HC-LAR-1,False
2,VC-LAR-1,HC-LAR-5,False
2,VC-LAR-13,VC-LAR-1,False
2,VC-LAR-5,FL-LAR-1,False
3,FL-LAR-1,VC-LAR-13,False
3,FL-LAR-13,HC-LAR-1,False
3,FL-LAR-5,HC-LAR-13,False
3,HC-LAR-1,HC-LAR-5,False
3,HC-LAR-13,FL-LAR-1,False
3,HC-LAR-5,VC-LAR-1,False
3,VC-LAR-1,VC-LAR-5,False
3,VC-LAR-13,FL-LAR-13,False
3,VC-LAR-5,FL-LAR-5,False
4,FL-LAR-1,HC-LAR-1,False
4,FL-LAR-13,VC-LAR-5,False
4,FL-LAR-5,VC-LAR-13,False
4,HC-LAR-1,FL-LAR-5,False
4,HC-LAR-13,HC-LAR-5,False
4,HC-LAR-5,HC-LAR-13,False
4,VC-LAR-1,VC-LAR-1,True
4,VC-LAR-13,FL-LAR-1,False
4,VC-LAR-5,FL-LAR-13,False
5,FL-LAR-1,HC-LAR-13,False
5,FL-LAR-13,HC-LAR-5,False
5,FL-LAR-5,HC-LAR-1,False
5,HC-LAR-1,VC-LAR-13,False
5,HC-LAR-13,FL-LAR-1,False
5,HC-LAR-5,VC-LAR-1,False
5,VC-LAR-1,FL-LAR-13,False
5,VC-LAR-13,VC-LAR-5,False
5,VC-LAR-5,FL-LAR-5,False
6,FL-LAR-1,VC-LAR-1,False
6,FL-LAR-13,HC-LAR-5,False
6,FL-LAR-5,VC-LAR-5,False
6,HC-LAR-1,FL-LAR-13,False
6,HC-LAR-13,FL-LAR-1,False
6,HC-LAR-5,FL-LAR-5,False
6,VC-LAR-1,VC-LAR-13,False
6,VC-LAR-13,HC-LAR-13,False
6,VC-LAR-5,HC-LAR-1,False
7,FL-LAR-1,VC-LAR-13,False
7,FL-LAR-13,HC-LAR-13,False
7,FL-LAR-5,HC-LAR-5,False
7,HC-LAR-1,VC-LAR-1,False
7,HC-LAR-13,VC-LAR-5,False
7,HC-LAR-5,FL-LAR-1,False
7,VC-LAR-1,FL-LAR-5,False
7,VC-LAR-13,HC-LAR-1,False
7,VC-LAR-5,FL-LAR-13,False
8,FL-LAR-1,HC-LAR-1,False
8,FL-LAR-13,VC-LAR-1,False
8,FL-LAR-5,HC-LAR-5,False
8,HC-LAR-1,VC-LAR-5,False
8,HC-LAR-13,HC-LAR-13,True
8,HC-LAR-5,FL-LAR-13,False
8,VC-LAR-1,FL-LAR-1,False
8,VC-LAR-13,FL-LAR-5,False
8,VC-LAR-5,VC-LAR-13,False
9,FL-LAR-1,FL-LAR-1,True
9,FL-LAR-13,VC-LAR-1,False
9,FL-LAR-5,HC-LAR-13,False
9,HC-LAR-1,FL-LAR-5,False
9,HC-LAR-13,VC-LAR-13,False
9,HC-LAR-5,HC-LAR-5,True
9,VC-LAR-1,VC-LAR-5,False
9,VC-LAR-13,FL-LAR-13,False
9,VC-LAR-5,HC-LAR-1,False
10,FL-LAR-1,FL-LAR-13,False
10,FL-LAR-13,VC-LAR-1,False
10,FL-LAR-5,HC-LAR-1,False
10,HC-LAR-1,HC-LAR-5,False
10,HC-LAR-13,FL-LAR-1,False
10,HC-LAR-5,HC-LAR-13,False
10,VC-LAR-1,VC-LAR-13,False
10,VC-LAR-13,FL-LAR-5,False
10,VC-LAR-5,VC-LAR-5,True
11,FL-LAR-1,HC-LAR-1,False
11,FL-LAR-13,HC-LAR-13,False
11,FL-LAR-5,FL-LAR-5,True
11,HC-LAR-1,HC-LAR-5,False
11,HC-LAR-13,VC-LAR-5,False
11,HC-LAR-5,VC-LAR-1,False
11,VC-LAR-1,FL-LAR-13,False
11,VC-LAR-13,VC-LAR-13,True
11,VC-LAR-5,FL-LAR-1,False
12,FL-LAR-1,VC-LAR-13,False
12,FL-LAR-13,FL-LAR-5,False
12,FL-LAR-5,HC-LAR-5,False
12,HC-LAR-1,FL-LAR-13,False
12,HC-LAR-13,VC-LAR-1,False
12,HC-LAR-5,HC-LAR-13,False
12,VC-LAR-1,HC-LAR-1,False
12,VC-LAR-13,VC-LAR-5,False
12,VC-LAR-5,FL-LAR-1,False
13,FL-LAR-1,FL-LAR-13,False
13,FL-LAR-13,VC-LAR-13,False
13,FL-LAR-5,FL-LAR-1,False
13,HC-LAR-1,VC-LAR-5,False
13,HC-LAR-13,HC-LAR-1,False
13,HC-LAR-5,FL-LAR-5,False
13,VC-LAR-1,HC-LAR-5,False
13,VC-LAR-13,VC-LAR-1,False
13,VC-LAR-5,HC-LAR-13,False
14,FL-LAR-1,HC-LAR-1,False
14,FL-LAR-13,VC-LAR-13,False
14,FL-LAR-5,VC-LAR-1,False
14,HC-LAR-1,FL-LAR-13,False
14,HC-LAR-13,HC-LAR-13,True
14,HC-LAR-5,FL-LAR-5,False
14,VC-LAR-1,HC-LAR-5,False
14,VC-LAR-13,VC-LAR-5,False
14,VC-LAR-5,FL-LAR-1,False
15,FL-LAR-1,HC-LAR-5,False
15,FL-LAR-13,VC-LAR-1,False
15,FL-LAR-5,FL-LAR-1,False
15,HC-LAR-1,FL-LAR-13,False
15,HC-LAR-13,VC-LAR-13,False
15,HC-LAR-5,HC-LAR-13,False
15,VC-LAR-1,HC-LAR-1,False
15,VC-LAR-13,VC-LAR-5,False
15,VC-LAR-5,FL-LAR-5,False
16,FL-LAR-1,FL-LAR-13,False
16,FL-LAR-13,VC-LAR-1,False
16,FL-LAR-5,HC-LAR-1,False
16,HC-LAR-1,FL-LAR-1,False
16,HC-LAR-13,HC-LAR-13,True
16,HC-LAR-5,HC-LAR-5,True
16,VC-LAR-1,VC-LAR-5,False
16,VC-LAR-13,FL-LAR-5,False
16,VC-LAR-5,VC-LAR-13,False
17,FL-LAR-1,VC-LAR-1,False
17,FL-LAR-13,VC-LAR-5,False
17,FL-LAR-5,FL-LAR-5,True
17,HC-LAR-1,FL-LAR-1,False
17,HC-LAR-13,HC-LAR-13,True
17,HC-LAR-5,HC-LAR-5,True
17,VC-LAR-1,HC-LAR-1,False
17,VC-LAR-13,VC-LAR-13,True
17,VC-LAR-5,FL-LAR-13,False
18,FL-LAR-1,VC-LAR-5,False
18,FL-LAR-13,FL-LAR-1,False
18,FL-LAR-5,FL-LAR-5,True
18,HC-LAR-1,VC-LAR-13,False
18,HC-LAR-13,HC-LAR-1,False
18,HC-LAR-5,FL-LAR-13,False
18,VC-LAR-1,HC-LAR-5,False
18,VC-LAR-13,HC-LAR-13,False
18,VC-LAR-5,VC-LAR-1,False
19,FL-LAR-1,VC-LAR-1,False
19,FL-LAR-13,HC-LAR-5,False
19,FL-LAR-5,FL-LAR-13,False
19,HC-LAR-1,VC-LAR-13,False
19,HC-LAR-13,FL-LAR-5,False
19,HC-LAR-5,VC-LAR-5,False
19,VC-LAR-1,HC-LAR-1,False
19,VC-LAR-13,HC-LAR-13,False
19,VC-LAR-5,FL-LAR-1,False
20,FL-LAR-1,FL-LAR-13,False
20,FL-LAR-13,HC-LAR-5,False
20,FL-LAR-5,VC-LAR-13,False
20,HC-LAR-1,HC-LAR-1,True
20,HC-LAR-13,FL-LAR-5,False
20,HC-LAR-5,VC-LAR-1,False
20,VC-LAR-1,VC-LAR-5,False
20,VC-LAR-13,HC-LAR-13,False
20,VC-LAR-5,FL-LAR-1,False
21,FL-LAR-1,FL-LAR-13,False
21,FL-LAR-13,HC-LAR-5,False
21,FL-LAR-5,VC-LAR-5,False
21,HC-LAR-1,HC-LAR-1,True
21,HC-LAR-13,VC-LAR-13,False
21,HC-LAR-5,HC-LAR-13,False
21,VC-LAR-1,VC-LAR-1,True
21,VC-LAR-13,FL-LAR-1,False
21,VC-LAR-5,FL-LAR-5,False
22,FL-LAR-1,HC-LAR-1,False
22,FL-LAR-13,VC-LAR-5,False
22,FL-LAR-5,VC-LAR-13,False
22,HC-LAR-1,FL-LAR-5,False
22,HC-LAR-13,FL-LAR-13,False
22,HC-LAR-5,HC-LAR-5,True
22,VC-LAR-1,VC-LAR-1,True
22,VC-LAR-13,FL-LAR-1,False
22,VC-LAR-5,HC-LAR-13,False
23,FL-LAR-1,VC-LAR-5,False
23,FL-LAR-13,FL-LAR-5,False
23,FL-LAR-5,FL-LAR-1,False
23,HC-LAR-1,FL-LAR-13,False
23,HC-LAR-13,VC-LAR-1,False
23,HC-LAR-5,HC-LAR-5,True
23,VC-LAR-1,HC-LAR-13,False
23,VC-LAR-13,VC-LAR-13,True
23,VC-LAR-5,HC-LAR-1,False
24,FL-LAR-1,FL-LAR-5,False
24,FL-LAR-13,HC-LAR-5,False
24,FL-LAR-5,HC-LAR-1,False
24,HC-LAR-1,HC-LAR-13,False
24,HC-LAR-13,FL-LAR-1,False
24,HC-LAR-5,VC-LAR-5,False
24,VC-LAR-1,VC-LAR-13,False
24,VC-LAR-13,FL-LAR-13,False
24,VC-LAR-5,VC-LAR-1,False
25,FL-LAR-1,FL-LAR-13,False
25,FL-LAR-13,HC-LAR-5,False
25,FL-LAR-5,VC-LAR-5,False
25,HC-LAR-1,FL-LAR-1,False
25,HC-LAR-13,HC-LAR-1,False
25,HC-LAR-5,VC-LAR-1,False
25,VC-LAR-1,VC-LAR-13,False
25,VC-LAR-13,HC-LAR-13,False
25,VC-LAR-5,FL-LAR-5,False
26,FL-LAR-1,HC-LAR-1,False
26,FL-LAR-13,HC-LAR-13,False
26,FL-LAR-5,FL-LAR-13,False
26,HC-LAR-1,VC-LAR-5,False
26,HC-LAR-13,VC-LAR-1,False
26,HC-LAR-5,HC-LAR-5,True
26,VC-LAR-1,VC-LAR-13,False
26,VC-LAR-13,FL-LAR-5,False
26,VC-LAR-5,FL-LAR-1,False
27,FL-LAR-1,VC-LAR-5,False
27,FL-LAR-13,HC-LAR-5,False
27,FL-LAR-5,VC-LAR-13,False
27,HC-LAR-1,FL-LAR-5,False
27,HC-LAR-13,FL-LAR-13,False
27,HC-LAR-5,HC-LAR-13,False
27,VC-LAR-1,FL-LAR-1,False
27,VC-LAR-13,VC-LAR-1,False
27,VC-LAR-5,HC-LAR-1,False
28,FL-LAR-1,VC-LAR-5,False
28,FL-LAR-13,FL-LAR-13,True
28,FL-LAR-5,VC-LAR-1,False
28,HC-LAR-1,FL-LAR-5,False
28,HC-LAR-13,VC-LAR-13,False
28,HC-LAR-5,HC-LAR-1,False
28,VC-LAR-1,FL-LAR-1,False
28,VC-LAR-13,HC-LAR-5,False
28,VC-LAR-5,HC-LAR-13,False
29,FL-LAR-1,FL-LAR-1,True
29,FL-LAR-13,FL-LAR-5,False
29,FL-LAR-5,HC-LAR-5,False
29,HC-LAR-1,VC-LAR-13,False
29,HC-LAR-13,FL-LAR-13,False
29,HC-LAR-5,HC-LAR-1,False
29,VC-LAR-1,HC-LAR-13,False
29,VC-LAR-13,VC-LAR-5,False
29,VC-LAR-5,VC-LAR-1,False
30,FL-LAR-1,HC-LAR-1,False
30,FL-LAR-13,FL-LAR-13,True
30,FL-LAR-5,VC-LAR-5,False
30,HC-LAR-1,HC-LAR-5,False
30,HC-LAR-13,FL-LAR-1,False
30,HC-LAR-5,VC-LAR-13,False
30,VC-LAR-1,VC-LAR-1,True
30,VC-LAR-13,HC-LAR-13,False
30,VC-LAR-5,FL-LAR-5,False
31,FL-LAR-1,FL-LAR-1,True
31,FL-LAR-13,HC-LAR-1,False
31,FL-LAR-5,VC-LAR-13,False
31,HC-LAR-1,VC-LAR-5,False
31,HC-LAR-13,HC-LAR-5,False
31,HC-LAR-5,HC-LAR-13,False
31,VC-LAR-1,FL-LAR-13,False
31,VC-LAR-13,FL-LAR-5,False
31,VC-LAR-5,VC-LAR-1,False
32,FL-LAR-1,VC-LAR-1,False
32,FL-LAR-13,FL-LAR-1,False
32,FL-LAR-5,HC-LAR-5,False
32,HC-LAR-1,FL-LAR-5,False
32,HC-LAR-13,HC-LAR-1,False
32,HC-LAR-5,HC-LAR-13,False
32,VC-LAR-1,VC-LAR-5,False
32,VC-LAR-13,VC-LAR-13,True
32,VC-LAR-5,FL-LAR-13,False
33,FL-LAR-1,FL-LAR-5,False
33,FL-LAR-13,VC-LAR-1,False
33,FL-LAR-5,HC-LAR-13,False
33,HC-LAR-1,HC-LAR-1,True
33,HC-LAR-13,FL-LAR-1,False
33,HC-LAR-5,HC-LAR-5,True
33,VC-LAR-1,VC-LAR-13,False
33,VC-LAR-13,FL-LAR-13,False
33,VC-LAR-5,VC-LAR-5,True
34,FL-LAR-1,FL-LAR-13,False
34,FL-LAR-13,FL-LAR-1,False
34,FL-LAR-5,HC-LAR-1,False
34,HC-LAR-1,HC-LAR-5,False
34,HC-LAR-13,VC-LAR-5,False
34,HC-LAR-5,HC-LAR-13,False
34,VC-LAR-1,FL-LAR-5,False
34,VC-LAR-13,VC-LAR-1,False
34,VC-LAR-5,VC-LAR-13,False
35,FL-LAR-1,FL-LAR-5,False
35,FL-LAR-13,VC-LAR-5,False
35,FL-LAR-5,HC-LAR-13,False
35,HC-LAR-1,VC-LAR-1,False
35,HC-LAR-13,VC-LAR-13,False
35,HC-LAR-5,FL-LAR-1,False
35,VC-LAR-1,HC-LAR-5,False
35,VC-LAR-13,FL-LAR-13,False
35,VC-LAR-5,HC-LAR-1,False
36,FL-LAR-1,VC-LAR-1,False
36,FL-LAR-13,FL-LAR-1,False
36,FL-LAR-5,HC-LAR-13,False
36,HC-LAR-1,FL-LAR-5,False
36,HC-LAR-13,FL-LAR-13,False
36,HC-LAR-5,HC-LAR-1,False
36,VC-LAR-1,VC-LAR-13,False
36,VC-LAR-13,HC-LAR-5,False
36,VC-LAR-5,VC-LAR-5,True
37,FL-LAR-1,VC-LAR-5,False
37,FL-LAR-13,VC-LAR-13,False
37,FL-LAR-5,VC-LAR-1,False
37,HC-LAR-1,HC-LAR-5,False
37,HC-LAR-13,FL-LAR-1,False
37,HC-LAR-5,HC-LAR-13,False
37,VC-LAR-1,FL-LAR-13,False
37,VC-LAR-13,FL-LAR-5,False
37,VC-LAR-5,HC-LAR-1,False
38,FL-LAR-1,FL-LAR-1,True
38,FL-LAR-13,HC-LAR-1,False
38,FL-LAR-5,VC-LAR-5,False
38,HC-LAR-1,HC-LAR-5,False
38,HC-LAR-13,FL-LAR-5,False
38,HC-LAR-5,HC-LAR-13,False
38,VC-LAR-1,VC-LAR-13,False
38,VC-LAR-13,FL-LAR-13,False
38,VC-LAR-5,VC-LAR-1,False
39,FL-LAR-1,VC-LAR-1,False
39,FL-LAR-13,VC-LAR-5,False
39,FL-LAR-5,FL-LAR-1,False
39,HC-LAR-1,HC-LAR-5,False
39,HC-LAR-13,HC-LAR-1,False
39,HC-LAR-5,VC-LAR-13,False
39,VC-LAR-1,HC-LAR-13,False
39,VC-LAR-13,FL-LAR-13,False
39,VC-LAR-5,FL-LAR-5,False
40,FL-LAR-1,HC-LAR-13,False
40,FL-LAR-13,VC-LAR-5,False
40,FL-LAR-5,VC-LAR-13,False
40,HC-LAR-1,FL-LAR-13,False
40,HC-LAR-13,HC-LAR-1,False
40,HC-LAR-5,HC-LAR-5,True
40,VC-LAR-1,FL-LAR-5,False
40,VC-LAR-13,VC-LAR-1,False
40,VC-LAR-5,FL-LAR-1,False
41,FL-LAR-1,HC-LAR-5,False
41,FL-LAR-13,VC-LAR-1,False
41,FL-LAR-5,VC-LAR-5,False
41,HC-LAR-1,FL-LAR-5,False
41,HC-LAR-13,FL-LAR-1,False
41,HC-LAR-5,VC-LAR-13,False
41,VC-LAR-1,FL-LAR-13,False
41,VC-LAR-13,HC-LAR-1,False
41,VC-LAR-5,HC-LAR-13,False
42,FL-LAR-1,HC-LAR-1,False
42,FL-LAR-13,FL-LAR-1,False
42,FL-LAR-5,HC-LAR-5,False
42,HC-LAR-1,VC-LAR-13,False
42,HC-LAR-13,VC-LAR-1,False
42,HC-LAR-5,FL-LAR-13,False
42,VC-LAR-1,HC-LAR-13,False
42,VC-LAR-13,VC-LAR-5,False
42,VC-LAR-5,FL-LAR-5,False
43,FL-LAR-1,VC-LAR-13,False
43,FL-LAR-13,FL-LAR-1,False
43,FL-LAR-5,VC-LAR-5,False
43,HC-LAR-1,HC-LAR-1,True
43,HC-LAR-13,HC-LAR-13,True
43,HC-LAR-5,VC-LAR-1,False
43,VC-LAR-1,FL-LAR-5,False
43,VC-LAR-13,HC-LAR-5,False
43,VC-LAR-5,FL-LAR-13,False
44,FL-LAR-1,HC-LAR-5,False
44,FL-LAR-13,FL-LAR-1,False
44,FL-LAR-5,HC-LAR-1,False
44,HC-LAR-1,FL-LAR-5,False
44,HC-LAR-13,VC-LAR-1,False
44,HC-LAR-5,HC-LAR-13,False
44,VC-LAR-1,FL-LAR-13,False
44,VC-LAR-13,VC-LAR-13,True
44,VC-LAR-5,VC-LAR-5,True
45,FL-LAR-1,VC-LAR-13,False
45,FL-LAR-13,HC-LAR-5,False
45,FL-LAR-5,FL-LAR-1,False
45,HC-LAR-1,HC-LAR-1,True
45,HC-LAR-13,VC-LAR-5,False
45,HC-LAR-5,VC-LAR-1,False
45,VC-LAR-1,FL-LAR-13,False
45,VC-LAR-13,FL-LAR-5,False
45,VC-LAR-5,HC-LAR-13,False
46,FL-LAR-1,FL-LAR-5,False
46,FL-LAR-13,FL-LAR-13,True
46,FL-LAR-5,HC-LAR-5,False
46,HC-LAR-1,VC-LAR-5,False
46,HC-LAR-13,HC-LAR-13,True
46,HC-LAR-5,VC-LAR-13,False
46,VC-LAR-1,FL-LAR-1,False
46,VC-LAR-13,VC-LAR-1,False
46,VC-LAR-5,HC-LAR-1,False
47,FL-LAR-1,VC-LAR-1,False
47,FL-LAR-13,VC-LAR-5,False
47,FL-LAR-5,HC-LAR-1,False
47,HC-LAR-1,HC-LAR-5,False
47,HC-LAR-13,FL-LAR-1,False
47,HC-LAR-5,VC-LAR-13,False
47,VC-LAR-1,FL-LAR-5,False
47,VC-LAR-13,HC-LAR-13,False
47,VC-LAR-5,FL-LAR-13,False
48,FL-LAR-1,HC-LAR-1,False
48,FL-LAR-13,VC-LAR-5,False
48,FL-LAR-5,HC-LAR-13,False
48,HC-LAR-1,FL-LAR-13,False
48,HC-LAR-13,VC-LAR-13,False
48,HC-LAR-5,FL-LAR-5,False
48,VC-LAR-1,FL-LAR-1,False
48,VC-LAR-13,HC-LAR-5,False
48,VC-LAR-5,VC-LAR-1,False
49,FL-LAR-1,FL-LAR-5,False
49,FL-LAR-13,FL-LAR-13,True
49,FL-LAR-5,HC-LAR-5,False
49,HC-LAR-1,FL-LAR-1,False
49,HC-LAR-13,VC-LAR-5,False
49,HC-LAR-5,VC-LAR-13,False
49,VC-LAR-1,VC-LAR-1,True
49,VC-LAR-13,HC-LAR-13,False
49,VC-LAR-5,HC-LAR-1,False
50,FL-LAR-1,HC-LAR-1,False
50,FL-LAR-13,VC-LAR-1,False
50,FL-LAR-5,FL-LAR-1,False
50,HC-LAR-1,HC-LAR-13,False
50,HC-LAR-13,FL-LAR-13,False
50,HC-LAR-5,HC-LAR-5,True
50,VC-LAR-1,VC-LAR-13,False
50,VC-LAR-13,VC-LAR-5,False
50,VC-LAR-5,FL-LAR-5,False
51,FL-LAR-1,HC-LAR-1,False
51,FL-LAR-13,FL-LAR-1,False
51,FL-LAR-5,FL-LAR-13,False
51,HC-LAR-1,FL-LAR-5,False
51,HC-LAR-13,VC-LAR-13,False
51,HC-LAR-5,HC-LAR-13,False
51,VC-LAR-1,HC-LAR-5,False
51,VC-LAR-13,VC-LAR-5,False
51,VC-LAR-5,VC-LAR-1,False
52,FL-LAR-1,FL-LAR-1,True
52,FL-LAR-13,VC-LAR-1,False
52,FL-LAR-5,VC-LAR-5,False
52,HC-LAR-1,HC-LAR-1,True
52,HC-LAR-13,VC-LAR-13,False
52,HC-LAR-5,FL-LAR-5,False
52,VC-LAR-1,HC-LAR-13,False
52,VC-LAR-13,FL-LAR-13,False
52,VC-LAR-5,HC-LAR-5,False
53,FL-LAR-1,FL-LAR-5,False
53,FL-LAR-13,HC-LAR-1,False
53,FL-LAR-5,FL-LAR-1,False
53,HC-LAR-1,HC-LAR-13,False
53,HC-LAR-13,HC-LAR-5,False
53,HC-LAR-5,VC-LAR-5,False
53,VC-LAR-1,VC-LAR-1,True
53,VC-LAR-13,VC-LAR-13,True
53,VC-LAR-5,FL-LAR-13,False
54,FL-LAR-1,FL-LAR-5,False
54,FL-LAR-13,VC-LAR-1,False
54,FL-LAR-5,HC-LAR-5,False
54,HC-LAR-1,HC-LAR-13,False
54,HC-LAR-13,FL-LAR-1,False
54,HC-LAR-5,VC-LAR-5,False
54,VC-LAR-1,VC-LAR-13,False
54,VC-LAR-13,FL-LAR-13,False
54,VC-LAR-5,HC-LAR-1,False
55,FL-LAR-1,FL-LAR-1,True
55,FL-LAR-13,VC-LAR-5,False
55,FL-LAR-5,VC-LAR-13,False
55,HC-LAR-1,HC-LAR-5,False
55,HC-LAR-13,HC-LAR-13,True
55,HC-LAR-5,VC-LAR-1,False
55,VC-LAR-1,FL-LAR-13,False
55,VC-LAR-13,HC-LAR-1,False
55,VC-LAR-5,FL-LAR-5,False
56,FL-LAR-1,HC-LAR-13,False
56,FL-LAR-13,FL-LAR-5,False
56,FL-LAR-5,VC-LAR-13,False
56,HC-LAR-1,VC-LAR-5,False
56,HC-LAR-13,VC-LAR-1,False
56,HC-LAR-5,FL-LAR-1,False
56,VC-LAR-1,FL-LAR-13,False
56,VC-LAR-13,HC-LAR-1,False
56,VC-LAR-5,HC-LAR-5,False
57,FL-LAR-1,HC-LAR-13,False
57,FL-LAR-13,FL-LAR-1,False
57,FL-LAR-5,HC-LAR-5,False
57,HC-LAR-1,FL-LAR-13,False
57,HC-LAR-13,HC-LAR-1,False
57,HC-LAR-5,VC-LAR-13,False
57,VC-LAR-1,VC-LAR-5,False
57,VC-LAR-13,FL-LAR-5,False
57,VC-LAR-5,VC-LAR-1,False
58,FL-LAR-1,FL-LAR-13,False
58,FL-LAR-13,FL-LAR-5,False
58,FL-LAR-5,VC-LAR-5,False
58,HC-LAR-1,FL-LAR-1,False
58,HC-LAR-13,HC-LAR-1,False
58,HC-LAR-5,VC-LAR-1,False
58,VC-LAR-1,HC-LAR-13,False
58,VC-LAR-13,VC-LAR-13,True
58,VC-LAR-5,HC-LAR-5,False
59,FL-LAR-1,HC-LAR-5,False
59,FL-LAR-13,VC-LAR-1,False
59,FL-LAR-5,HC-LAR-13,False
59,HC-LAR-1,VC-LAR-5,False
59,HC-LAR-13,FL-LAR-5,False
59,HC-LAR-5,FL-LAR-1,False
59,VC-LAR-1,FL-LAR-13,False
59,VC-LAR-13,VC-LAR-13,True
59,VC-LAR-5,HC-LAR-1,False
60,FL-LAR-1,VC-LAR-1,False
60,FL-LAR-13,HC-LAR-13,False
60,FL-LAR-5,VC-LAR-13,False
60,HC-LAR-1,FL-LAR-13,False
60,HC-LAR-13,VC-LAR-5,False
60,HC-LAR-5,FL-LAR-1,False
60,VC-LAR-1,HC-LAR-1,False
60,VC-LAR-13,HC-LAR-5,False
60,VC-LAR-5,FL-LAR-5,False
61,FL-LAR-1,FL-LAR-5,False
61,FL-LAR-13,VC-LAR-5,False
61,FL-LAR-5,VC-LAR-1,False
61,HC-LAR-1,HC-LAR-1,True
61,HC-LAR-13,FL-LAR-1,False
61,HC-LAR-5,FL-LAR-13,False
61,VC-LAR-1,HC-LAR-5,False
61,VC-LAR-13,HC-LAR-13,False
61,VC-LAR-5,VC-LAR-13,False
62,FL-LAR-1,VC-LAR-13,False
62,FL-LAR-13,FL-LAR-1,False
62,FL-LAR-5,FL-LAR-5,True
62,HC-LAR-1,HC-LAR-13,False
62,HC-LAR-13,HC-LAR-1,False
62,HC-LAR-5,VC-LAR-1,False
62,VC-LAR-1,VC-LAR-5,False
62,VC-LAR-13,FL-LAR-13,False
62,VC-LAR-5,HC-LAR-5,False
63,FL-LAR-1,HC-LAR-1,False
63,FL-LAR-13,HC-LAR-5,False
63,FL-LAR-5,VC-LAR-1,False
63,HC-LAR-1,FL-LAR-1,False
63,HC-LAR-13,FL-LAR-5,False
63,HC-LAR-5,VC-LAR-5,False
63,VC-LAR-1,VC-LAR-13,False
63,VC-LAR-13,HC-LAR-13,False
63,VC-LAR-5,FL-LAR-13,False
64,FL-LAR-1,VC-LAR-1,False
64,FL-LAR-13,HC-LAR-1,False
64,FL-LAR-5,FL-LAR-1,False
64,HC-LAR-1,VC-LAR-5,False
64,HC-LAR-13,HC-LAR-5,False
64,HC-LAR-5,FL-LAR-13,False
64,VC-LAR-1,HC-LAR-13,False
64,VC-LAR-13,FL-LAR-5,False
64,VC-LAR-5,VC-LAR-13,False
65,FL-LAR-1,VC-LAR-5,False
65,FL-LAR-13,HC-LAR-5,False
65,FL-LAR-5,HC-LAR-1,False
65,HC-LAR-1,HC-LAR-13,False
65,HC-LAR-13,FL-LAR-5,False
65,HC-LAR-5,FL-LAR-13,False
65,VC-LAR-1,VC-LAR-13,False
65,VC-LAR-13,FL-LAR-1,False
65,VC-LAR-5,VC-LAR-1,False
66,FL-LAR-1,VC-LAR-1,False
66,FL-LAR-13,VC-LAR-5,False
66,FL-LAR-5,FL-LAR-1,False
66,HC-LAR-1,HC-LAR-5,False
66,HC-LAR-13,HC-LAR-13,True
66,HC-LAR-5,VC-LAR-13,False
66,VC-LAR-1,FL-LAR-13,False
66,VC-LAR-13,FL-LAR-5,False
66,VC-LAR-5,HC-LAR-1,False
67,FL-LAR-1,FL-LAR-5,False
67,FL-LAR-13,HC-LAR-5,False
67,FL-LAR-5,FL-LAR-13,False
67,HC-LAR-1,HC-LAR-1,True
67,HC-LAR-13,HC-LAR-13,True
67,HC-LAR-5,VC-LAR-13,False
67,VC-LAR-1,VC-LAR-5,False
67,VC-LAR-13,FL-LAR-1,False
67,VC-LAR-5,VC-LAR-1,False
68,FL-LAR-1,VC-LAR-1,False
68,FL-LAR-13,VC-LAR-13,False
68,FL-LAR-5,HC-LAR-5,False
68,HC-LAR-1,FL-LAR-13,False
68,HC-LAR-13,FL-LAR-5,False
68,HC-LAR-5,HC-LAR-13,False
68,VC-LAR-1,HC-LAR-1,False
68,VC-LAR-13,FL-LAR-1,False
68,VC-LAR-5,VC-LAR-5,True
69,FL-LAR-1,FL-LAR-5,False
69,FL-LAR-13,FL-LAR-13,True
69,FL-LAR-5,VC-LAR-1,False
69,HC-LAR-1,VC-LAR-5,False
69,HC-LAR-13,HC-LAR-13,True
69,HC-LAR-5,HC-LAR-1,False
69,VC-LAR-1,FL-LAR-1,False
69,VC-LAR-13,HC-LAR-5,False
69,VC-LAR-5,VC-LAR-13,False
70,FL-LAR-1,FL-LAR-1,True
70,FL-LAR-13,FL-LAR-13,True
70,FL-LAR-5,FL-LAR-5,True
70,HC-LAR-1,VC-LAR-5,False
70,HC-LAR-13,VC-LAR-1,False
70,HC-LAR-5,VC-LAR-13,False
70,VC-LAR-1,HC-LAR-1,False
70,VC-LAR-13,HC-LAR-13,False
70,VC-LAR-5,HC-LAR-5,False
71,FL-LAR-1,HC-LAR-13,False
71,FL-LAR-13,VC-LAR-1,False
71,FL-LAR-5,VC-LAR-13,False
71,HC-LAR-1,FL-LAR-5,False
71,HC-LAR-13,VC-LAR-5,False
71,HC-LAR-5,HC-LAR-1,False
71,VC-LAR-1,FL-LAR-1,False
71,VC-LAR-13,HC-LAR-5,False
71,VC-LAR-5,FL-LAR-13,False
72,FL-LAR-1,FL-LAR-1,True
72,FL-LAR-13,VC-LAR-13,False
72,FL-LAR-5,VC-LAR-1,False
72,HC-LAR-1,HC-LAR-1,True
72,HC-LAR-13,HC-LAR-5,False
72,HC-LAR-5,FL-LAR-13,False
72,VC-LAR-1,HC-LAR-13,False
72,VC-LAR-13,FL-LAR-5,False
72,VC-LAR-5,VC-LAR-5,True
73,FL-LAR-1,VC-LAR-5,False
73,FL-LAR-13,VC-LAR-1,False
73,FL-LAR-5,VC-LAR-13,False
73,HC-LAR-1,HC-LAR-1,True
73,HC-LAR-13,FL-LAR-5,False
73,HC-LAR-5,HC-LAR-5,True
73,VC-LAR-1,FL-LAR-13,False
73,VC-LAR-13,FL-LAR-1,False
73,VC-LAR-5,HC-LAR-13,False
74,FL-LAR-1,FL-LAR-13,False
74,FL-LAR-13,VC-LAR-13,False
74,FL-LAR-5,VC-LAR-1,False
74,HC-LAR-1,FL-LAR-1,False
74,HC-LAR-13,HC-LAR-1,False
74,HC-LAR-5,HC-LAR-13,False
74,VC-LAR-1,FL-LAR-5,False
74,VC-LAR-13,VC-LAR-5,False
74,VC-LAR-5,HC-LAR-5,False
75,FL-LAR-1,HC-LAR-5,False
75,FL-LAR-13,VC-LAR-13,False
75,FL-LAR-5,VC-LAR-1,False
75,HC-LAR-1,VC-LAR-5,False
75,HC-LAR-13,FL-LAR-1,False
75,HC-LAR-5,HC-LAR-13,False
75,VC-LAR-1,FL-LAR-5,False
75,VC-LAR-13,FL-LAR-13,False
75,VC-LAR-5,HC-LAR-1,False
76,FL-LAR-1,VC-LAR-5,False
76,FL-LAR-13,FL-LAR-1,False
76,FL-LAR-5,VC-LAR-1,False
76,HC-LAR-1,FL-LAR-13,False
76,HC-LAR-13,HC-LAR-5,False
76,HC-LAR-5,HC-LAR-1,False
76,VC-LAR-1,VC-LAR-13,False
76,VC-LAR-13,FL-LAR-5,False
76,VC-LAR-5,HC-LAR-13,False
77,FL-LAR-1,VC-LAR-5,False
77,FL-LAR-13,VC-LAR-1,False
77,FL-LAR-5,HC-LAR-5,False
77,HC-LAR-1,HC-LAR-13,False
77,HC-LAR-13,FL-LAR-1,False
77,HC-LAR-5,FL-LAR-5,False
77,VC-LAR-1,VC-LAR-13,False
77,VC-LAR-13,HC-LAR-1,False
77,VC-LAR-5,FL-LAR-13,False
78,FL-LAR-1,HC-LAR-5,False
78,FL-LAR-13,FL-LAR-1,False
78,FL-LAR-5,VC-LAR-13,False
78,HC-LAR-1,FL-LAR-5,False
78,HC-LAR-13,VC-LAR-1,False
78,HC-LAR-5,FL-LAR-13,False
78,VC-LAR-1,HC-LAR-13,False
78,VC-LAR-13,HC-LAR-1,False
78,VC-LAR-5,VC-LAR-5,True
79,FL-LAR-1,VC-LAR-13,False
79,FL-LAR-13,FL-LAR-1,False
79,FL-LAR-5,FL-LAR-13,False
79,HC-LAR-1,HC-LAR-13,False
79,HC-LAR-13,FL-LAR-5,False
79,HC-LAR-5,VC-LAR-1,False
79,VC-LAR-1,HC-LAR-5,False
79,VC-LAR-13,HC-LAR-1,False
79,VC-LAR-5,VC-LAR-5,True
80,FL-LAR-1,FL-LAR-5,False
80,FL-LAR-13,HC-LAR-1,False
80,FL-LAR-5,VC-LAR-1,False
80,HC-LAR-1,FL-LAR-1,False
80,HC-LAR-13,VC-LAR-13,False
80,HC-LAR-5,HC-LAR-13,False
80,VC-LAR-1,FL-LAR-13,False
80,VC-LAR-13,HC-LAR-5,False
80,VC-LAR-5,VC-LAR-5,True
81,FL-LAR-1,HC-LAR-13,False
81,FL-LAR-13,VC-LAR-13,False
81,FL-LAR-5,FL-LAR-13,False
81,HC-LAR-1,HC-LAR-5,False
81,HC-LAR-13,HC-LAR-1,False
81,HC-LAR-5,FL-LAR-5,False
81,VC-LAR-1,VC-LAR-5,False
81,VC-LAR-13,FL-LAR-1,False
81,VC-LAR-5,VC-LAR-1,False
82,FL-LAR-1,HC-LAR-1,False
82,FL-LAR-13,FL-LAR-5,False
82,FL-LAR-5,VC-LAR-5,False
82,HC-LAR-1,FL-LAR-1,False
82,HC-LAR-13,HC-LAR-13,True
82,HC-LAR-5,VC-LAR-13,False
82,VC-LAR-1,VC-LAR-1,True
82,VC-LAR-13,FL-LAR-13,False
82,VC-LAR-5,HC-LAR-5,False
83,FL-LAR-1,VC-LAR-1,False
83,FL-LAR-13,FL-LAR-1,False
83,FL-LAR-5,VC-LAR-13,False
83,HC-LAR-1,HC-LAR-13,False
83,HC-LAR-13,FL-LAR-5,False
83,HC-LAR-5,FL-LAR-13,False
83,VC-LAR-1,HC-LAR-1,False
83,VC-LAR-13,VC-LAR-5,False
83,VC-LAR-5,HC-LAR-5,False
84,FL-LAR-1,HC-LAR-13,False
84,FL-LAR-13,FL-LAR-1,False
84,FL-LAR-5,HC-LAR-5,False
84,HC-LAR-1,FL-LAR-5,False
84,HC-LAR-13,VC-LAR-5,False
84,HC-LAR-5,FL-LAR-13,False
84,VC-LAR-1,VC-LAR-13,False
84,VC-LAR-13,HC-LAR-1,False
84,VC-LAR-5,VC-LAR-1,False
85,FL-LAR-1,VC-LAR-13,False
85,FL-LAR-13,FL-LAR-13,True
85,FL-LAR-5,HC-LAR-13,False
85,HC-LAR-1,FL-LAR-5,False
85,HC-LAR-13,FL-LAR-1,False
85,HC-LAR-5,VC-LAR-1,False
85,VC-LAR-1,HC-LAR-1,False
85,VC-LAR-13,VC-LAR-5,False
85,VC-LAR-5,HC-LAR-5,False
86,FL-LAR-1,VC-LAR-5,False
86,FL-LAR-13,VC-LAR-13,False
86,FL-LAR-5,FL-LAR-13,False
86,HC-LAR-1,HC-LAR-13,False
86,HC-LAR-13,HC-LAR-1,False
86,HC-LAR-5,HC-LAR-5,True
86,VC-LAR-1,VC-LAR-1,True
86,VC-LAR-13,FL-LAR-1,False
86,VC-LAR-5,FL-LAR-5,False
87,FL-LAR-1,HC-LAR-1,False
87,FL-LAR-13,VC-LAR-13,False
87,FL-LAR-5,FL-LAR-5,True
87,HC-LAR-1,FL-LAR-1,False
87,HC-LAR-13,HC-LAR-5,False
87,HC-LAR-5,FL-LAR-13,False
87,VC-LAR-1,VC-LAR-5,False
87,VC-LAR-13,HC-LAR-13,False
87,VC-LAR-5,VC-LAR-1,False
88,FL-LAR-1,HC-LAR-5,False
88,FL-LAR-13,VC-LAR-1,False
88,FL-LAR-5,VC-LAR-5,False
88,HC-LAR-1,FL-LAR-5,False
88,HC-LAR-13,HC-LAR-13,True
88,HC-LAR-5,FL-LAR-13,False
88,VC-LAR-1,VC-LAR-13,False
88,VC-LAR-13,FL-LAR-1,False
88,VC-LAR-5,HC-LAR-1,False
89,FL-LAR-1,HC-LAR-13,False
89,FL-LAR-13,FL-LAR-13,True
89,FL-LAR-5,VC-LAR-5,False
89,HC-LAR-1,HC-LAR-1,True
89,HC-LAR-13,FL-LAR-5,False
89,HC-LAR-5,VC-LAR-13,False
89,VC-LAR-1,HC-LAR-5,False
89,VC-LAR-13,FL-LAR-1,False
89,VC-LAR-5,VC-LAR-1,False
90,FL-LAR-1,VC-LAR-5,False
90,FL-LAR-13,FL-LAR-13,True
90,FL-LAR-5,FL-LAR-1,False
90,HC-LAR-1,FL-LAR-5,False
90,HC-LAR-13,VC-LAR-1,False
90,HC-LAR-5,HC-LAR-13,False
90,VC-LAR-1,VC-LAR-13,False
90,VC-LAR-13,HC-LAR-5,False
90,VC-LAR-5,HC-LAR-1,False
91,FL-LAR-1,FL-LAR-13,False
91,FL-LAR-13,VC-LAR-1,False
91,FL-LAR-5,HC-LAR-1,False
91,HC-LAR-1,FL-LAR-5,False
91,HC-LAR-13,HC-LAR-13,True
91,HC-LAR-5,VC-LAR-13,False
91,VC-LAR-1,FL-LAR-1,False
91,VC-LAR-13,VC-LAR-5,False
91,VC-LAR-5,HC-LAR-5,False
92,FL-LAR-1,VC-LAR-13,False
92,FL-LAR-13,FL-LAR-13,True
92,FL-LAR-5,VC-LAR-5,False
92,HC-LAR-1,HC-LAR-13,False
92,HC-LAR-13,HC-LAR-1,False
92,HC-LAR-5,FL-LAR-1,False
92,VC-LAR-1,HC-LAR-5,False
92,VC-LAR-13,FL-LAR-5,False
92,VC-LAR-5,VC-LAR-1,False
93,FL-LAR-1,HC-LAR-1,False
93,FL-LAR-13,FL-LAR-13,True
93,FL-LAR-5,VC-LAR-13,False
93,HC-LAR-1,HC-LAR-5,False
93,HC-LAR-13,VC-LAR-1,False
93,HC-LAR-5,FL-LAR-5,False
93,VC-LAR-1,VC-LAR-5,False
93,VC-LAR-13,HC-LAR-13,False
93,VC-LAR-5,FL-LAR-1,False
94,FL-LAR-1,HC-LAR-5,False
94,FL-LAR-13,HC-LAR-13,False
94,FL-LAR-5,FL-LAR-13,False
94,HC-LAR-1,FL-LAR-1,False
94,HC-LAR-13,VC-LAR-1,False
94,HC-LAR-5,HC-LAR-1,False
94,VC-LAR-1,VC-LAR-5,False
94,VC-LAR-13,VC-LAR-13,True
94,VC-LAR-5,FL-LAR-5,False
95,FL-LAR-1,FL-LAR-13,False
95,FL-LAR-13,HC-LAR-1,False
95,FL-LAR-5,FL-LAR-5,True
95,HC-LAR-1,VC-LAR-13,False
95,HC-LAR-13,VC-LAR-5,False
95,HC-LAR-5,FL-LAR-1,False
95,VC-LAR-1,VC-LAR-1,True
95,VC-LAR-13,HC-LAR-5,False
95,VC-LAR-5,HC-LAR-13,False
96,FL-LAR-1,FL-LAR-1,True
96,FL-LAR-13,HC-LAR-1,False
96,FL-LAR-5,FL-LAR-5,True
96,HC-LAR-1,VC-LAR-5,False
96,HC-LAR-13,FL-LAR-13,False
96,HC-LAR-5,VC-LAR-13,False
96,VC-LAR-1,HC-LAR-13,False
96,VC-LAR-13,VC-LAR-1,False
96,VC-LAR-5,HC-LAR-5,False
97,FL-LAR-1,FL-LAR-5,False
97,FL-LAR-13,VC-LAR-13,False
97,FL-LAR-5,HC-LAR-13,False
97,HC-LAR-1,HC-LAR-5,False
97,HC-LAR-13,VC-LAR-1,False
97,HC-LAR-5,HC-LAR-1,False
97,VC-LAR-1,FL-LAR-1,False
97,VC-LAR-13,FL-LAR-13,False
97,VC-LAR-5,VC-LAR-5,True
98,FL-LAR-1,FL-LAR-13,False
98,FL-LAR-13,VC-LAR-13,False
98,FL-LAR-5,FL-LAR-1,False
98,HC-LAR-1,HC-LAR-13,False
98,HC-LAR-13,VC-LAR-5,False
98,HC-LAR-5,VC-LAR-1,False
98,VC-LAR-1,HC-LAR-5,False
98,VC-LAR-13,FL-LAR-5,False
98,VC-LAR-5,HC-LAR-1,False
99,FL-LAR-1,FL-LAR-13,False
99,FL-LAR-13,HC-LAR-1,False
99,FL-LAR-5,VC-LAR-1,False
99,HC-LAR-1,HC-LAR-5,False
99,HC-LAR-13,HC-LAR-13,True
99,HC-LAR-5,FL-LAR-1,False
99,VC-LAR-1,VC-LAR-5,False
99,VC-LAR-13,FL-LAR-5,False
99,VC-LAR-5,VC-LAR-13,False
100,FL-LAR-1,HC-LAR-5,False
100,FL-LAR-13,FL-LAR-5,False
100,FL-LAR-5,FL-LAR-1,False
100,HC-LAR-1,HC-LAR-13,False
100,HC-LAR-13,VC-LAR-1,False
100,HC-LAR-5,FL-LAR-13,False
100,VC-LAR-1,HC-LAR-1,False
100,VC-LAR-13,VC-LAR-5,False
100,VC-LAR-5,VC-LAR-13,False
101,FL-LAR-1,HC-LAR-13,False
101,FL-LAR-13,VC-LAR-13,False
101,FL-LAR-5,VC-LAR-1,False
101,HC-LAR-1,HC-LAR-1,True
101,HC-LAR-13,FL-LAR-5,False
101,HC-LAR-5,FL-LAR-1,False
101,VC-LAR-1,VC-LAR-5,False
101,VC-LAR-13,HC-LAR-5,False
101,VC-LAR-5,FL-LAR-13,False
102,FL-LAR-1,FL-LAR-1,True
102,FL-LAR-13,VC-LAR-1,False
102,FL-LAR-5,FL-LAR-5,True
102,HC-LAR-1,FL-LAR-13,False
102,HC-LAR-13,HC-LAR-13,True
102,HC-LAR-5,VC-LAR-5,False
102,VC-LAR-1,HC-LAR-1,False
102,VC-LAR-13,VC-LAR-13,True
102,VC-LAR-5,HC-LAR-5,False
103,FL-LAR-1,VC-LAR-5,False
103,FL-LAR-13,VC-LAR-1,False
103,FL-LAR-5,FL-LAR-5,True
103,HC-LAR-1,HC-LAR-5,False
103,HC-LAR-13,HC-LAR-1,False
103,HC-LAR-5,HC-LAR-13,False
103,VC-LAR-1,FL-LAR-13,False
103,VC-LAR-13,VC-LAR-13,True
103,VC-LAR-5,FL-LAR-1,False
104,FL-LAR-1,FL-LAR-5,False
104,FL-LAR-13,VC-LAR-13,False
104,FL-LAR-5,HC-LAR-13,False
104,HC-LAR-1,FL-LAR-13,False
104,HC-LAR-13,HC-LAR-5,False
104,HC-LAR-5,VC-LAR-5,False
104,VC-LAR-1,HC-LAR-1,False
104,VC-LAR-13,VC-LAR-1,False
104,VC-LAR-5,FL-LAR-1,False
105,FL-LAR-1,HC-LAR-5,False
105,FL-LAR-13,VC-LAR-1,False
105,FL-LAR-5,VC-LAR-5,False
105,HC-LAR-1,HC-LAR-13,False
105,HC-LAR-13,HC-LAR-1,False
105,HC-LAR-5,FL-LAR-13,False
105,VC-LAR-1,VC-LAR-13,False
105,VC-LAR-13,FL-LAR-1,False
105,VC-LAR-5,FL-LAR-5,False
106,FL-LAR-1,VC-LAR-13,False
106,FL-LAR-13,VC-LAR-5,False
106,FL-LAR-5,VC-LAR-1,False
106,HC-LAR-1,FL-LAR-5,False
106,HC-LAR-13,HC-LAR-1,False
106,HC-LAR-5,FL-LAR-1,False
106,VC-LAR-1,HC-LAR-5,False
106,VC-LAR-13,FL-LAR-13,False
106,VC-LAR-5,HC-LAR-13,False
107,FL-LAR-1,HC-LAR-13,False
107,FL-LAR-13,VC-LAR-1,False
107,FL-LAR-5,FL-LAR-5,True
107,HC-LAR-1,FL-LAR-1,False
107,HC-LAR-13,HC-LAR-1,False
107,HC-LAR-5,VC-LAR-5,False
107,VC-LAR-1,VC-LAR-13,False
107,VC-LAR-13,FL-LAR-13,False
107,VC-LAR-5,HC-LAR-5,False
108,FL-LAR-1,VC-LAR-13,False
108,FL-LAR-13,FL-LAR-13,True
108,FL-LAR-5,FL-LAR-5,True
108,HC-LAR-1,HC-LAR-13,False
108,HC-LAR-13,VC-LAR-5,False
108,HC-LAR-5,FL-LAR-1,False
108,VC-LAR-1,VC-LAR-1,True
108,VC-LAR-13,HC-LAR-5,False
108,VC-LAR-5,HC-LAR-1,False
109,FL-LAR-1,VC-LAR-5,False
109,FL-LAR-13,HC-LAR-5,False
109,FL-LAR-5,FL-LAR-5,True
109,HC-LAR-1,VC-LAR-1,False
109,HC-LAR-13,FL-LAR-1,False
109,HC-LAR-5,HC-LAR-13,False
109,VC-LAR-1,FL-LAR-13,False
109,VC-LAR-13,HC-LAR-1,False
109,VC-LAR-5,VC-LAR-13,False
110,FL-LAR-1,FL-LAR-5,False
110,FL-LAR-13,FL-LAR-1,False
110,FL-LAR-5,HC-LAR-1,False
110,HC-LAR-1,HC-LAR-13,False
110,HC-LAR-13,FL-LAR-13,False
110,HC-LAR-5,VC-LAR-13,False
110,VC-LAR-1,HC-LAR-5,False
110,VC-LAR-13,VC-LAR-1,False
110,VC-LAR-5,VC-LAR-5,True
111,FL-LAR-1,VC-LAR-5,False
111,FL-LAR-13,HC-LAR-1,False
111,FL-LAR-5,FL-LAR-1,False
111,HC-LAR-1,VC-LAR-1,False
111,HC-LAR-13,VC-LAR-13,False
111,HC-LAR-5,HC-LAR-13,False
111,VC-LAR-1,FL-LAR-5,False
111,VC-LAR-13,HC-LAR-5,False
111,VC-LAR-5,FL-LAR-13,False
112,FL-LAR-1,HC-LAR-13,False
112,FL-LAR-13,FL-LAR-13,True
112,FL-LAR-5,FL-LAR-1,False
112,HC-LAR-1,FL-LAR-5,False
112,HC-LAR-13,HC-LAR-5,False
112,HC-LAR-5,VC-LAR-13,False
112,VC-LAR-1,VC-LAR-5,False
112,VC-LAR-13,VC-LAR-1,False
112,VC-LAR-5,HC-LAR-1,False
113,FL-LAR-1,FL-LAR-13,False
113,FL-LAR-13,HC-LAR-13,False
113,FL-LAR-5,HC-LAR-5,False
113,HC-LAR-1,VC-LAR-5,False
113,HC-LAR-13,VC-LAR-1,False
113,HC-LAR-5,FL-LAR-5,False
113,VC-LAR-1,HC-LAR-1,False
113,VC-LAR-13,VC-LAR-13,True
113,VC-LAR-5,FL-LAR-1,False
114,FL-LAR-1,FL-LAR-1,True
114,FL-LAR-13,HC-LAR-5,False
114,FL-LAR-5,VC-LAR-5,False
114,HC-LAR-1,FL-LAR-5,False
114,HC-LAR-13,HC-LAR-13,True
114,HC-LAR-5,VC-LAR-1,False
114,VC-LAR-1,FL-LAR-13,False
114,VC-LAR-13,VC-LAR-13,True
114,VC-LAR-5,HC-LAR-1,False
115,FL-LAR-1,VC-LAR-5,False
115,FL-LAR-13,FL-LAR-5,False
115,FL-LAR-5,HC-LAR-1,False
115,HC-LAR-1,HC-LAR-5,False
115,HC-LAR-13,VC-LAR-13,False
115,HC-LAR-5,HC-LAR-13,False
115,VC-LAR-1,FL-LAR-1,False
115,VC-LAR-13,FL-LAR-13,False
115,VC-LAR-5,VC-LAR-1,False
116,FL-LAR-1,FL-LAR-13,False
116,FL-LAR-13,VC-LAR-13,False
116,FL-LAR-5,VC-LAR-1,False
116,HC-LAR-1,HC-LAR-13,False
116,HC-LAR-13,VC-LAR-5,False
116,HC-LAR-5,HC-LAR-1,False
116,VC-LAR-1,FL-LAR-1,False
116,VC-LAR-13,FL-LAR-5,False
116,VC-LAR-5,HC-LAR-5,False
117,FL-LAR-1,VC-LAR-5,False
117,FL-LAR-13,HC-LAR-5,False
117,FL-LAR-5,VC-LAR-13,False
117,HC-LAR-1,FL-LAR-1,False
117,HC-LAR-13,HC-LAR-13,True
117,HC-LAR-5,FL-LAR-5,False
117,VC-LAR-1,VC-LAR-1,True
117,VC-LAR-13,HC-LAR-1,False
117,VC-LAR-5,FL-LAR-13,False
118,FL-LAR-1,HC-LAR-5,False
118,FL-LAR-13,FL-LAR-5,False
118,FL-LAR-5,VC-LAR-13,False
118,HC-LAR-1,HC-LAR-13,False
118,HC-LAR-13,FL-LAR-1,False
118,HC-LAR-5,FL-LAR-13,False
118,VC-LAR-1,VC-LAR-5,False
118,VC-LAR-13,HC-LAR-1,False
118,VC-LAR-5,VC-LAR-1,False
119,FL-LAR-1,HC-LAR-1,False
119,FL-LAR-13,HC-LAR-13,False
119,FL-LAR-5,VC-LAR-1,False
119,HC-LAR-1,HC-LAR-5,False
119,HC-LAR-13,VC-LAR-5,False
119,HC-LAR-5,FL-LAR-1,False
119,VC-LAR-1,FL-LAR-13,False
119,VC-LAR-13,VC-LAR-13,True
119,VC-LAR-5,FL-LAR-5,False
120,FL-LAR-1,HC-LAR-5,False
120,FL-LAR-13,FL-LAR-13,True
120,FL-LAR-5,HC-LAR-1,False
120,HC-LAR-1,VC-LAR-5,False
120,HC-LAR-13,VC-LAR-13,False
120,HC-LAR-5,FL-LAR-1,False
120,VC-LAR-1,FL-LAR-5,False
120,VC-LAR-13,VC-LAR-1,False
120,VC-LAR-5,HC-LAR-13,False
121,FL-LAR-1,FL-LAR-13,False
121,FL-LAR-13,VC-LAR-1,False
121,FL-LAR-5,HC-LAR-13,False
121,HC-LAR-1,VC-LAR-5,False
121,HC-LAR-13,HC-LAR-5,False
121,HC-LAR-5,FL-LAR-1,False
121,VC-LAR-1,VC-LAR-13,False
121,VC-LAR-13,HC-LAR-1,False
121,VC-LAR-5,FL-LAR-5,False
122,FL-LAR-1,HC-LAR-1,False
122,FL-LAR-13,FL-LAR-1,False
122,FL-LAR-5,VC-LAR-5,False
122,HC-LAR-1,VC-LAR-1,False
122,HC-LAR-13,FL-LAR-5,False
122,HC-LAR-5,FL-LAR-13,False
122,VC-LAR-1,HC-LAR-13,False
122,VC-LAR-13,HC-LAR-5,False
122,VC-LAR-5,VC-LAR-13,False
123,FL-LAR-1,HC-LAR-13,False
123,FL-LAR-13,HC-LAR-5,False
123,FL-LAR-5,FL-LAR-13,False
123,HC-LAR-1,VC-LAR-13,False
123,HC-LAR-13,VC-LAR-5,False
123,HC-LAR-5,FL-LAR-5,False
123,VC-LAR-1,FL-LAR-1,False
123,VC-LAR-13,VC-LAR-1,False
123,VC-LAR-5,HC-LAR-1,False
124,FL-LAR-1,FL-LAR-1,True
124,FL-LAR-13,VC-LAR-5,False
124,FL-LAR-5,HC-LAR-13,False
124,HC-LAR-1,FL-LAR-5,False
124,HC-LAR-13,FL-LAR-13,False
124,HC-LAR-5,HC-LAR-1,False
124,VC-LAR-1,VC-LAR-13,False
124,VC-LAR-13,VC-LAR-1,False
124,VC-LAR-5,HC-LAR-5,False
125,FL-LAR-1,FL-LAR-1,True
125,FL-LAR-13,HC-LAR-1,False
125,FL-LAR-5,VC-LAR-13,False
125,HC-LAR-1,VC-LAR-1,False
125,HC-LAR-13,HC-LAR-13,True
125,HC-LAR-5,FL-LAR-5,False
125,VC-LAR-1,FL-LAR-13,False
125,VC-LAR-13,VC-LAR-5,False
125,VC-LAR-5,HC-LAR-5,False
126,FL-LAR-1,HC-LAR-13,False
126,FL-LAR-13,HC-LAR-5,False
126,FL-LAR-5,FL-LAR-13,False
126,HC-LAR-1,HC-LAR-1,True
126,HC-LAR-13,VC-LAR-5,False
126,HC-LAR-5,VC-LAR-13,False
126,VC-LAR-1,FL-LAR-5,False
126,VC-LAR-13,FL-LAR-1,False
126,VC-LAR-5,VC-LAR-1,False
127,FL-LAR-1,HC-LAR-1,False
127,FL-LAR-13,VC-LAR-5,False
127,FL-LAR-5,HC-LAR-5,False
127,HC-LAR-1,FL-LAR-13,False
127,HC-LAR-13,FL-LAR-1,False
127,HC-LAR-5,HC-LAR-13,False
127,VC-LAR-1,FL-LAR-5,False
127,VC-LAR-13,VC-LAR-1,False
127,VC-LAR-5,VC-LAR-13,False
128,FL-LAR-1,FL-LAR-13,False
128,FL-LAR-13,VC-LAR-5,False
128,FL-LAR-5,VC-LAR-1,False
128,HC-LAR-1,HC-LAR-13,False
128,HC-LAR-13,HC-LAR-1,False
128,HC-LAR-5,FL-LAR-1,False
128,VC-LAR-1,FL-LAR-5,False
128,VC-LAR-13,HC-LAR-5,False
128,VC-LAR-5,VC-LAR-13,False
129,FL-LAR-1,FL-LAR-5,False
129,FL-LAR-13,FL-LAR-13,True
129,FL-LAR-5,FL-LAR-1,False
129,HC-LAR-1,VC-LAR-13,False
129,HC-LAR-13,VC-LAR-5,False
129,HC-LAR-5,HC-LAR-5,True
129,VC-LAR-1,VC-LAR-1,True
129,VC-LAR-13,HC-LAR-1,False
129,VC-LAR-5,HC-LAR-13,False
130,FL-LAR-1,HC-LAR-5,False
130,FL-LAR-13,FL-LAR-1,False
130,FL-LAR-5,VC-LAR-13,False
130,HC-LAR-1,FL-LAR-13,False
130,HC-LAR-13,FL-LAR-5,False
130,HC-LAR-5,VC-LAR-5,False
130,VC-LAR-1,HC-LAR-1,False
130,VC-LAR-13,HC-LAR-13,False
130,VC-LAR-5,VC-LAR-1,False
131,FL-LAR-1,HC-LAR-1,False
131,FL-LAR-13,VC-LAR-1,False
131,FL-LAR-5,HC-LAR-5,False
131,HC-LAR-1,VC-LAR-5,False
131,HC-LAR-13,VC-LAR-13,False
131,HC-LAR-5,HC-LAR-13,False
131,VC-LAR-1,FL-LAR-5,False
131,VC-LAR-13,FL-LAR-13,False
131,VC-LAR-5,FL-LAR-1,False
132,FL-LAR-1,FL-LAR-5,False
132,FL-LAR-13,HC-LAR-13,False
132,FL-LAR-5,VC-LAR-13,False
132,HC-LAR-1,HC-LAR-1,True
132,HC-LAR-13,VC-LAR-1,False
132,HC-LAR-5,VC-LAR-5,False
132,VC-LAR-1,FL-LAR-13,False
132,VC-LAR-13,FL-LAR-1,False
132,VC-LAR-5,HC-LAR-5,False
133,FL-LAR-1,HC-LAR-1,False
133,FL-LAR-13,FL-LAR-1,False
133,FL-LAR-5,VC-LAR-1,False
133,HC-LAR-1,FL-LAR-13,False
133,HC-LAR-13,HC-LAR-13,True
133,HC-LAR-5,FL-LAR-5,False
133,VC-LAR-1,HC-LAR-5,False
133,VC-LAR-13,VC-LAR-13,True
133,VC-LAR-5,VC-LAR-5,True
134,FL-LAR-1,HC-LAR-5,False
134,FL-LAR-13,FL-LAR-13,True
134,FL-LAR-5,FL-LAR-5,True
134,HC-LAR-1,VC-LAR-5,False
134,HC-LAR-13,VC-LAR-1,False
134,HC-LAR-5,HC-LAR-1,False
134,VC-LAR-1,VC-LAR-13,False
134,VC-LAR-13,FL-LAR-1,False
134,VC-LAR-5,HC-LAR-13,False
135,FL-LAR-1,HC-LAR-5,False
135,FL-LAR-13,HC-LAR-13,False
135,FL-LAR-5,VC-LAR-1,False
135,HC-LAR-1,FL-LAR-5,False
135,HC-LAR-13,HC-LAR-1,False
135,HC-LAR-5,FL-LAR-1,False
135,VC-LAR-1,FL-LAR-13,False
135,VC-LAR-13,VC-LAR-5,False
135,VC-LAR-5,VC-LAR-13,False
136,FL-LAR-1,FL-LAR-13,False
136,FL-LAR-13,FL-LAR-1,False
136,FL-LAR-5,HC-LAR-5,False
136,HC-LAR-1,VC-LAR-5,False
136,HC-LAR-13,VC-LAR-13,False
136,HC-LAR-5,FL-LAR-5,False
136,VC-LAR-1,HC-LAR-1,False
136,VC-LAR-13,VC-LAR-1,False
136,VC-LAR-5,HC-LAR-13,False
137,FL-LAR-1,FL-LAR-5,False
137,FL-LAR-13,VC-LAR-1,False
137,FL-LAR-5,FL-LAR-1,False
137,HC-LAR-1,FL-LAR-13,False
137,HC-LAR-13,VC-LAR-5,False
137,HC-LAR-5,HC-LAR-5,True
137,VC-LAR-1,VC-LAR-13,False
137,VC-LAR-13,HC-LAR-13,False
137,VC-LAR-5,HC-LAR-1,False
138,FL-LAR-1,FL-LAR-1,True
138,FL-LAR-13,HC-LAR-13,False
138,FL-LAR-5,VC-LAR-5,False
138,HC-LAR-1,FL-LAR-5,False
138,HC-LAR-13,FL-LAR-13,False
138,HC-LAR-5,HC-LAR-5,True
138,VC-LAR-1,HC-LAR-1,False
138,VC-LAR-13,VC-LAR-1,False
138,VC-LAR-5,VC-LAR-13,False
139,FL-LAR-1,HC-LAR-5,False
139,FL-LAR-13,HC-LAR-13,False
139,FL-LAR-5,FL-LAR-1,False
139,HC-LAR-1,VC-LAR-1,False
139,HC-LAR-13,HC-LAR-1,False
139,HC-LAR-5,FL-LAR-13,False
139,VC-LAR-1,VC-LAR-5,False
139,VC-LAR-13,FL-LAR-5,False
139,VC-LAR-5,VC-LAR-13,False
140,FL-LAR-1,VC-LAR-5,False
140,FL-LAR-13,FL-LAR-5,False
140,FL-LAR-5,VC-LAR-13,False
140,HC-LAR-1,HC-LAR-13,False
140,HC-LAR-13,VC-LAR-1,False
140,HC-LAR-5,FL-LAR-13,False
140,VC-LAR-1,FL-LAR-1,False
140,VC-LAR-13,HC-LAR-1,False
140,VC-LAR-5,HC-LAR-5,False
141,FL-LAR-1,FL-LAR-1,True
141,FL-LAR-13,HC-LAR-13,False
141,FL-LAR-5,VC-LAR-5,False
141,HC-LAR-1,HC-LAR-5,False
141,HC-LAR-13,FL-LAR-13,False
141,HC-LAR-5,VC-LAR-1,False
141,VC-LAR-1,HC-LAR-1,False
141,VC-LAR-13,FL-LAR-5,False
141,VC-LAR-5,VC-LAR-13,False
142,FL-LAR-1,HC-LAR-13,False
142,FL-LAR-13,HC-LAR-5,False
142,FL-LAR-5,VC-LAR-13,False
142,HC-LAR-1,FL-LAR-1,False
142,HC-LAR-13,FL-LAR-5,False
142,HC-LAR-5,HC-LAR-1,False
142,VC-LAR-1,FL-LAR-13,False
142,VC-LAR-13,VC-LAR-1,False
142,VC-LAR-5,VC-LAR-5,True
143,FL-LAR-1,VC-LAR-1,False
143,FL-LAR-13,VC-LAR-5,False
143,FL-LAR-5,HC-LAR-13,False
143,HC-LAR-1,HC-LAR-1,True
143,HC-LAR-13,FL-LAR-13,False
143,HC-LAR-5,FL-LAR-1,False
143,VC-LAR-1,VC-LAR-13,False
143,VC-LAR-13,HC-LAR-5,False
143,VC-LAR-5,FL-LAR-5,False
144,FL-LAR-1,VC-LAR-5,False
144,FL-LAR-13,VC-LAR-13,False
144,FL-LAR-5,FL-LAR-13,False
144,HC-LAR-1,HC-LAR-5,False
144,HC-LAR-13,VC-LAR-1,False
144,HC-LAR-5,FL-LAR-1,False
144,VC-LAR-1,HC-LAR-1,False
144,VC-LAR-13,FL-LAR-5,False
144,VC-LAR-5,HC-LAR-13,False
145,FL-LAR-1,FL-LAR-1,True
145,FL-LAR-13,FL-LAR-5,False
145,FL-LAR-5,HC-LAR-5,False
145,HC-LAR-1,HC-LAR-1,True
145,HC-LAR-13,HC-LAR-13,True
145,HC-LAR-5,VC-LAR-5,False
145,VC-LAR-1,FL-LAR-13,False
145,VC-LAR-13,VC-LAR-13,True
145,VC-LAR-5,VC-LAR-1,False
146,FL-LAR-1,HC-LAR-1,False
146,FL-LAR-13,VC-LAR-1,False
146,FL-LAR-5,FL-LAR-5,True
146,HC-LAR-1,VC-LAR-5,False
146,HC-LAR-13,VC-LAR-13,False
146,HC-LAR-5,FL-LAR-13,False
146,VC-LAR-1,FL-LAR-1,False
146,VC-LAR-13,HC-LAR-5,False
146,VC-LAR-5,HC-LAR-13,False
147,FL-LAR-1,VC-LAR-1,False
147,FL-LAR-13,FL-LAR-1,False
147,FL-LAR-5,HC-LAR-13,False
147,HC-LAR-1,VC-LAR-13,False
147,HC-LAR-13,FL-LAR-13,False
147,HC-LAR-5,FL-LAR-5,False
147,VC-LAR-1,HC-LAR-5,False
147,VC-LAR-13,VC-LAR-5,False
147,VC-LAR-5,HC-LAR-1,False
148,FL-LAR-1,VC-LAR-13,False
148,FL-LAR-13,HC-LAR-5,False
148,FL-LAR-5,HC-LAR-13,False
148,HC-LAR-1,HC-LAR-1,True
148,HC-LAR-13,FL-LAR-13,False
148,HC-LAR-5,FL-LAR-1,False
148,VC-LAR-1,FL-LAR-5,False
148,VC-LAR-13,VC-LAR-5,False
148,VC-LAR-5,VC-LAR-1,False
149,FL-LAR-1,HC-LAR-1,False
149,FL-LAR-13,VC-LAR-1,False
149,FL-LAR-5,FL-LAR-1,False
149,HC-LAR-1,HC-LAR-5,False
149,HC-LAR-13,HC-LAR-13,True
149,HC-LAR-5,FL-LAR-13,False
149,VC-LAR-1,FL-LAR-5,False
149,VC-LAR-13,VC-LAR-13,True
149,VC-LAR-5,VC-LAR-5,True
150,FL-LAR-1,FL-LAR-5,False
150,FL-LAR-13,FL-LAR-1,False
150,FL-LAR-5,VC-LAR-1,False
150,HC-LAR-1,VC-LAR-5,False
150,HC-LAR-13,FL-LAR-13,False
150,HC-LAR-5,HC-LAR-5,True
150,VC-LAR-1,HC-LAR-1,False
150,VC-LAR-13,VC-LAR-13,True
150,VC-LAR-5,HC-LAR-13,False
151,FL-LAR-1,HC-LAR-13,False
151,FL-LAR-13,HC-LAR-5,False
151,FL-LAR-5,VC-LAR-13,False
151,HC-LAR-1,VC-LAR-1,False
151,HC-LAR-13,VC-LAR-5,False
151,HC-LAR-5,FL-LAR-1,False
151,VC-LAR-1,FL-LAR-5,False
151,VC-LAR-13,HC-LAR-1,False
151,VC-LAR-5,FL-LAR-13,False
152,FL-LAR-1,FL-LAR-1,True
152,FL-LAR-13,HC-LAR-13,False
152,FL-LAR-5,HC-LAR-1,False
152,HC-LAR-1,FL-LAR-13,False
152,HC-LAR-13,HC-LAR-5,False
152,HC-LAR-5,FL-LAR-5,False
152,VC-LAR-1,VC-LAR-5,False
152,VC-LAR-13,VC-LAR-13,True
152,VC-LAR-5,VC-LAR-1,False
153,FL-LAR-1,HC-LAR-13,False
153,FL-LAR-13,VC-LAR-1,False
153,FL-LAR-5,FL-LAR-1,False
153,HC-LAR-1,HC-LAR-5,False
153,HC-LAR-13,VC-LAR-5,False
153,HC-LAR-5,FL-LAR-5,False
153,VC-LAR-1,HC-LAR-1,False
153,VC-LAR-13,VC-LAR-13,True
153,VC-LAR-5,FL-LAR-13,False
154,FL-LAR-1,HC-LAR-13,False
154,FL-LAR-13,FL-LAR-5,False
154,FL-LAR-5,HC-LAR-1,False
154,HC-LAR-1,FL-LAR-1,False
154,HC-LAR-13,VC-LAR-5,False
154,HC-LAR-5,FL-LAR-13,False
154,VC-LAR-1,VC-LAR-13,False
154,VC-LAR-13,HC-LAR-5,False
154,VC-LAR-5,VC-LAR-1,False
155,FL-LAR-1,HC-LAR-5,False
155,FL-LAR-13,VC-LAR-1,False
155,FL-LAR-5,FL-LAR-1,False
155,HC-LAR-1,HC-LAR-13,False
155,HC-LAR-13,VC-LAR-13,False
155,HC-LAR-5,HC-LAR-1,False
155,VC-LAR-1,FL-LAR-13,False
155,VC-LAR-13,VC-LAR-5,False
155,VC-LAR-5,FL-LAR-5,False
156,FL-LAR-1,HC-LAR-1,False
156,FL-LAR-13,HC-LAR-5,False
156,FL-LAR-5,VC-LAR-5,False
156,HC-LAR-1,FL-LAR-1,False
156,HC-LAR-13,FL-LAR-5,False
156,HC-LAR-5,HC-LAR-13,False
156,VC-LAR-1,VC-LAR-1,True
156,VC-LAR-13,FL-LAR-13,False
156,VC-LAR-5,VC-LAR-13,False
157,FL-LAR-1,HC-LAR-13,False
157,FL-LAR-13,VC-LAR-5,False
157,FL-LAR-5,HC-LAR-1,False
157,HC-LAR-1,FL-LAR-1,False
157,HC-LAR-13,VC-LAR-1,False
157,HC-LAR-5,FL-LAR-13,False
157,VC-LAR-1,FL-LAR-5,False
157,VC-LAR-13,HC-LAR-5,False
157,VC-LAR-5,VC-LAR-13,False
158,FL-LAR-1,VC-LAR-13,False
158,FL-LAR-13,FL-LAR-1,False
158,FL-LAR-5,HC-LAR-5,False
158,HC-LAR-1,VC-LAR-5,False
158,HC-LAR-13,VC-LAR-1,False
158,HC-LAR-5,HC-LAR-13,False
158,VC-LAR-1,FL-LAR-13,False
158,VC-LAR-13,HC-LAR-1,False
158,VC-LAR-5,FL-LAR-5,False
159,FL-LAR-1,HC-LAR-1,False
159,FL-LAR-13,FL-LAR-13,True
159,FL-LAR-5,FL-LAR-1,False
159,HC-LAR-1,VC-LAR-1,False
159,HC-LAR-13,HC-LAR-5,False
159,HC-LAR-5,HC-LAR-13,False
159,VC-LAR-1,VC-LAR-5,False
159,VC-LAR-13,VC-LAR-13,True
159,VC-LAR-5,FL-LAR-5,False
160,FL-LAR-1,VC-LAR-13,False
160,FL-LAR-13,HC-LAR-5,False
160,FL-LAR-5,VC-LAR-5,False
160,HC-LAR-1,FL-LAR-1,False
160,HC-LAR-13,FL-LAR-13,False
160,HC-LAR-5,FL-LAR-5,False
160,VC-LAR-1,VC-LAR-1,True
160,VC-LAR-13,HC-LAR-13,False
160,VC-LAR-5,HC-LAR-1,False
161,FL-LAR-1,VC-LAR-5,False
161,FL-LAR-13,VC-LAR-13,False
161,FL-LAR-5,HC-LAR-13,False
161,HC-LAR-1,HC-LAR-1,True
161,HC-LAR-13,FL-LAR-5,False
161,HC-LAR-5,FL-LAR-1,False
161,VC-LAR-1,HC-LAR-5,False
161,VC-LAR-13,VC-LAR-1,False
161,VC-LAR-5,FL-LAR-13,False
162,FL-LAR-1,VC-LAR-5,False
162,FL-LAR-13,FL-LAR-5,False
162,FL-LAR-5,HC-LAR-5,False
162,HC-LAR-1,FL-LAR-13,False
162,HC-LAR-13,VC-LAR-13,False
162,HC-LAR-5,HC-LAR-13,False
162,VC-LAR-1,FL-LAR-1,False
162,VC-LAR-13,VC-LAR-1,False
162,VC-LAR-5,HC-LAR-1,False
163,FL-LAR-1,HC-LAR-1,False
163,FL-LAR-13,VC-LAR-13,False
163,FL-LAR-5,HC-LAR-13,False
163,HC-LAR-1,FL-LAR-5,False
163,HC-LAR-13,FL-LAR-13,False
163,HC-LAR-5,HC-LAR-5,True
163,VC-LAR-1,VC-LAR-1,True
163,VC-LAR-13,VC-LAR-5,False
163,VC-LAR-5,FL-LAR-1,False
164,FL-LAR-1,FL-LAR-5,False
164,FL-LAR-13,VC-LAR-13,False
164,FL-LAR-5,FL-LAR-13,False
164,HC-LAR-1,HC-LAR-5,False
164,HC-LAR-13,HC-LAR-13,True
164,HC-LAR-5,HC-LAR-1,False
164,VC-LAR-1,VC-LAR-5,False
164,VC-LAR-13,FL-LAR-1,False
164,VC-LAR-5,VC-LAR-1,False
165,FL-LAR-1,FL-LAR-5,False
165,FL-LAR-13,HC-LAR-5,False
165,FL-LAR-5,HC-LAR-13,False
165,HC-LAR-1,VC-LAR-1,False
165,HC-LAR-13,FL-LAR-1,False
165,HC-LAR-5,VC-LAR-13,False
165,VC-LAR-1,VC-LAR-5,False
165,VC-LAR-13,HC-LAR-1,False
165,VC-LAR-5,FL-LAR-13,False
166,FL-LAR-1,VC-LAR-1,False
166,FL-LAR-13,HC-LAR-13,False
166,FL-LAR-5,FL-LAR-5,True
166,HC-LAR-1,VC-LAR-13,False
166,HC-LAR-13,VC-LAR-5,False
166,HC-LAR-5,HC-LAR-5,True
166,VC-LAR-1,FL-LAR-13,False
166,VC-LAR-13,FL-LAR-1,False
166,VC-LAR-5,HC-LAR-1,False
167,FL-LAR-1,HC-LAR-5,False
167,FL-LAR-13,FL-LAR-1,False
167,FL-LAR-5,HC-LAR-1,False
167,HC-LAR-1,HC-LAR-13,False
167,HC-LAR-13,VC-LAR-5,False
167,HC-LAR-5,FL-LAR-13,False
167,VC-LAR-1,FL-LAR-5,False
167,VC-LAR-13,VC-LAR-1,False
167,VC-LAR-5,VC-LAR-13,False
168,FL-LAR-1,HC-LAR-1,False
168,FL-LAR-13,VC-LAR-1,False
168,FL-LAR-5,FL-LAR-13,False
168,HC-LAR-1,HC-LAR-13,False
168,HC-LAR-13,VC-LAR-13,False
168,HC-LAR-5,VC-LAR-5,False
168,VC-LAR-1,HC-LAR-5,False
168,VC-LAR-13,FL-LAR-1,False
168,VC-LAR-5,FL-LAR-5,False
169,FL-LAR-1,FL-LAR-1,True
169,FL-LAR-13,HC-LAR-5,False
169,FL-LAR-5,HC-LAR-1,False
169,HC-LAR-1,HC-LAR-13,False
169,HC-LAR-13,FL-LAR-5,False
169,HC-LAR-5,FL-LAR-13,False
169,VC-LAR-1,VC-LAR-13,False
169,VC-LAR-13,VC-LAR-5,False
169,VC-LAR-5,VC-LAR-1,False
170,FL-LAR-1,VC-LAR-13,False
170,FL-LAR-13,HC-LAR-5,False
170,FL-LAR-5,VC-LAR-1,False
170,HC-LAR-1,HC-LAR-13,False
170,HC-LAR-13,VC-LAR-5,False
170,HC-LAR-5,HC-LAR-1,False
170,VC-LAR-1,FL-LAR-1,False
170,VC-LAR-13,FL-LAR-13,False
170,VC-LAR-5,FL-LAR-5,False
171,FL-LAR-1,HC-LAR-5,False
171,FL-LAR-13,FL-LAR-1,False
171,FL-LAR-5,VC-LAR-13,False
171,HC-LAR-1,HC-LAR-1,True
171,HC-LAR-13,FL-LAR-13,False
171,HC-LAR-5,HC-LAR-13,False
171,VC-LAR-1,VC-LAR-5,False
171,VC-LAR-13,VC-LAR-1,False
171,VC-LAR-5,FL-LAR-5,False
172,FL-LAR-1,HC-LAR-5,False
172,FL-LAR-13,FL-LAR-5,False
172,FL-LAR-5,VC-LAR-13,False
172,HC-LAR-1,VC-LAR-1,False
172,HC-LAR-13,HC-LAR-1,False
172,HC-LAR-5,HC-LAR-13,False
172,VC-LAR-1,FL-LAR-1,False
172,VC-LAR-13,VC-LAR-5,False
172,VC-LAR-5,FL-LAR-13,False
173,FL-LAR-1,FL-LAR-1,True
173,FL-LAR-13,FL-LAR-13,True
173,FL-LAR-5,HC-LAR-5,False
173,HC-LAR-1,FL-LAR-5,False
173,HC-LAR-13,HC-LAR-13,True
173,HC-LAR-5,HC-LAR-1,False
173,VC-LAR-1,VC-LAR-1,True
173,VC-LAR-13,VC-LAR-13,True
173,VC-LAR-5,VC-LAR-5,True
174,FL-LAR-1,HC-LAR-5,False
174,FL-LAR-13,HC-LAR-1,False
174,FL-LAR-5,FL-LAR-13,False
174,HC-LAR-1,FL-LAR-1,False
174,HC-LAR-13,HC-LAR-13,True
174,HC-LAR-5,VC-LAR-5,False
174,VC-LAR-1,VC-LAR-1,True
174,VC-LAR-13,VC-LAR-13,True
174,VC-LAR-5,FL-LAR-5,False
175,FL-LAR-1,VC-LAR-5,False
175,FL-LAR-13,HC-LAR-5,False
175,FL-LAR-5,VC-LAR-1,False
175,HC-LAR-1,HC-LAR-13,False
175,HC-LAR-13,FL-LAR-1,False
175,HC-LAR-5,FL-LAR-13,False
175,VC-LAR-1,VC-LAR-13,False
175,VC-LAR-13,FL-LAR-5,False
175,VC-LAR-5,HC-LAR-1,False
176,FL-LAR-1,FL-LAR-13,False
176,FL-LAR-13,HC-LAR-5,False
176,FL-LAR-5,HC-LAR-1,False
176,HC-LAR-1,FL-LAR-5,False
176,HC-LAR-13,VC-LAR-5,False
176,HC-LAR-5,HC-LAR-13,False
176,VC-LAR-1,VC-LAR-1,True
176,VC-LAR-13,FL-LAR-1,False
176,VC-LAR-5,VC-LAR-13,False
177,FL-LAR-1,FL-LAR-13,False
177,FL-LAR-13,FL-LAR-1,False
177,FL-LAR-5,HC-LAR-5,False
177,HC-LAR-1,HC-LAR-13,False
177,HC-LAR-13,VC-LAR-13,False
177,HC-LAR-5,HC-LAR-1,False
177,VC-LAR-1,VC-LAR-1,True
177,VC-LAR-13,FL-LAR-5,False
177,VC-LAR-5,VC-LAR-5,True
178,FL-LAR-1,FL-LAR-1,True
178,FL-LAR-13,FL-LAR-5,False
178,FL-LAR-5,VC-LAR-1,False
178,HC-LAR-1,FL-LAR-13,False
178,HC-LAR-13,HC-LAR-5,False
178,HC-LAR-5,VC-LAR-5,False
178,VC-LAR-1,HC-LAR-13,False
178,VC-LAR-13,HC-LAR-1,False
178,VC-LAR-5,VC-LAR-13,False
179,FL-LAR-1,FL-LAR-13,False
179,FL-LAR-13,VC-LAR-5,False
179,FL-LAR-5,HC-LAR-13,False
179,HC-LAR-1,HC-LAR-5,False
179,HC-LAR-13,HC-LAR-1,False
179,HC-LAR-5,FL-LAR-1,False
179,VC-LAR-1,FL-LAR-5,False
179,VC-LAR-13,VC-LAR-1,False
179,VC-LAR-5,VC-LAR-13,False
180,FL-LAR-1,VC-LAR-5,False
180,FL-LAR-13,HC-LAR-5,False
180,FL-LAR-5,HC-LAR-13,False
180,HC-LAR-1,FL-LAR-5,False
180,HC-LAR-13,FL-LAR-13,False
180,HC-LAR-5,VC-LAR-1,False
180,VC-LAR-1,FL-LAR-1,False
180,VC-LAR-13,HC-LAR-1,False
180,VC-LAR-5,VC-LAR-13,False
181,FL-LAR-1,FL-LAR-13,False
181,FL-LAR-13,FL-LAR-5,False
181,FL-LAR-5,FL-LAR-1,False
181,HC-LAR-1,VC-LAR-5,False
181,HC-LAR-13,HC-LAR-1,False
181,HC-LAR-5,HC-LAR-5,True
181,VC-LAR-1,HC-LAR-13,False
181,VC-LAR-13,VC-LAR-13,True
181,VC-LAR-5,VC-LAR-1,False
182,FL-LAR-1,FL-LAR-1,True
182,FL-LAR-13,VC-LAR-1,False
182,FL-LAR-5,HC-LAR-13,False
182,HC-LAR-1,FL-LAR-13,False
182,HC-LAR-13,FL-LAR-5,False
182,HC-LAR-5,HC-LAR-1,False
182,VC-LAR-1,HC-LAR-5,False
182,VC-LAR-13,VC-LAR-5,False
182,VC-LAR-5,VC-LAR-13,False
183,FL-LAR-1,HC-LAR-1,False
183,FL-LAR-13,FL-LAR-1,False
183,FL-LAR-5,FL-LAR-5,True
183,HC-LAR-1,VC-LAR-5,False
183,HC-LAR-13,FL-LAR-13,False
183,HC-LAR-5,VC-LAR-1,False
183,VC-LAR-1,HC-LAR-5,False
183,VC-LAR-13,VC-LAR-13,True
183,VC-LAR-5,HC-LAR-13,False
184,FL-LAR-1,VC-LAR-5,False
184,FL-LAR-13,HC-LAR-13,False
184,FL-LAR-5,HC-LAR-5,False
184,HC-LAR-1,FL-LAR-1,False
184,HC-LAR-13,FL-LAR-5,False
184,HC-LAR-5,FL-LAR-13,False
184,VC-LAR-1,HC-LAR-1,False
184,VC-LAR-13,VC-LAR-1,False
184,VC-LAR-5,VC-LAR-13,False
185,FL-LAR-1,HC-LAR-5,False
185,FL-LAR-13,FL-LAR-5,False
185,FL-LAR-5,VC-LAR-1,False
185,HC-LAR-1,HC-LAR-13,False
185,HC-LAR-13,VC-LAR-13,False
185,HC-LAR-5,HC-LAR-1,False
185,VC-LAR-1,FL-LAR-13,False
185,VC-LAR-13,FL-LAR-1,False
185,VC-LAR-5,VC-LAR-5,True
186,FL-LAR-1,HC-LAR-13,False
186,FL-LAR-13,HC-LAR-5,False
186,FL-LAR-5,FL-LAR-1,False
186,HC-LAR-1,VC-LAR-13,False
186,HC-LAR-13,HC-LAR-1,False
186,HC-LAR-5,FL-LAR-5,False
186,VC-LAR-1,VC-LAR-5,False
186,VC-LAR-13,FL-LAR-13,False
186,VC-LAR-5,VC-LAR-1,False
187,FL-LAR-1,VC-LAR-1,False
187,FL-LAR-13,HC-LAR-13,False
187,FL-LAR-5,FL-LAR-1,False
187,HC-LAR-1,VC-LAR-13,False
187,HC-LAR-13,VC-LAR-5,False
187,HC-LAR-5,FL-LAR-13,False
187,VC-LAR-1,FL-LAR-5,False
187,VC-LAR-13,HC-LAR-5,False
187,VC-LAR-5,HC-LAR-1,False
188,FL-LAR-1,FL-LAR-13,False
188,FL-LAR-13,VC-LAR-5,False
188,FL-LAR-5,HC-LAR-1,False
188,HC-LAR-1,VC-LAR-1,False
188,HC-LAR-13,HC-LAR-5,False
188,HC-LAR-5,VC-LAR-13,False
188,VC-LAR-1,FL-LAR-1,False
188,VC-LAR-13,FL-LAR-5,False
188,VC-LAR-5,HC-LAR-13,False
189,FL-LAR-1,VC-LAR-5,False
189,FL-LAR-13,HC-LAR-13,False
189,FL-LAR-5,FL-LAR-5,True
189,HC-LAR-1,FL-LAR-13,False
189,HC-LAR-13,VC-LAR-1,False
189,HC-LAR-5,FL-LAR-1,False
189,VC-LAR-1,HC-LAR-5,False
189,VC-LAR-13,VC-LAR-13,True
189,VC-LAR-5,HC-LAR-1,False
190,FL-LAR-1,VC-LAR-13,False
190,FL-LAR-13,HC-LAR-13,False
190,FL-LAR-5,HC-LAR-1,False
190,HC-LAR-1,VC-LAR-5,False
190,HC-LAR-13,HC-LAR-5,False
190,HC-LAR-5,VC-LAR-1,False
190,VC-LAR-1,FL-LAR-13,False
190,VC-LAR-13,FL-LAR-5,False
190,VC-LAR-5,FL-LAR-1,False
191,FL-LAR-1,VC-LAR-5,False
191,FL-LAR-13,HC-LAR-5,False
191,FL-LAR-5,FL-LAR-1,False
191,HC-LAR-1,VC-LAR-1,False
191,HC-LAR-13,FL-LAR-5,False
191,HC-LAR-5,HC-LAR-13,False
191,VC-LAR-1,VC-LAR-13,False
191,VC-LAR-13,FL-LAR-13,False
191,VC-LAR-5,HC-LAR-1,False
192,FL-LAR-1,HC-LAR-1,False
192,FL-LAR-13,FL-LAR-13,True
192,FL-LAR-5,HC-LAR-13,False
192,HC-LAR-1,FL-LAR-5,False
192,HC-LAR-13,FL-LAR-1,False
192,HC-LAR-5,VC-LAR-5,False
192,VC-LAR-1,VC-LAR-13,False
192,VC-LAR-13,VC-LAR-1,False
192,VC-LAR-5,HC-LAR-5,False
193,FL-LAR-1,HC-LAR-1,False
193,FL-LAR-13,FL-LAR-13,True
193,FL-LAR-5,VC-LAR-1,False
193,HC-LAR-1,VC-LAR-5,False
193,HC-LAR-13,HC-LAR-13,True
193,HC-LAR-5,HC-LAR-5,True
193,VC-LAR-1,FL-LAR-5,False
193,VC-LAR-13,VC-LAR-13,True
193,VC-LAR-5,FL-LAR-1,False
194,FL-LAR-1,VC-LAR-13,False
194,FL-LAR-13,FL-LAR-1,False
194,FL-LAR-5,FL-LAR-13,False
194,HC-LAR-1,VC-LAR-1,False
194,HC-LAR-13,HC-LAR-5,False
194,HC-LAR-5,VC-LAR-5,False
194,VC-LAR-1,HC-LAR-1,False
194,VC-LAR-13,HC-LAR-13,False
194,VC-LAR-5,FL-LAR-5,False
195,FL-LAR-1,VC-LAR-1,False
195,FL-LAR-13,FL-LAR-5,False
195,FL-LAR-5,HC-LAR-13,False
195,HC-LAR-1,VC-LAR-5,False
195,HC-LAR-13,VC-LAR-13,False
195,HC-LAR-5,FL-LAR-1,False
195,VC-LAR-1,FL-LAR-13,False
195,VC-LAR-13,HC-LAR-1,False
195,VC-LAR-5,HC-LAR-5,False
196,FL-LAR-1,FL-LAR-13,False
196,FL-LAR-13,VC-LAR-13,False
196,FL-LAR-5,HC-LAR-1,False
196,HC-LAR-1,HC-LAR-13,False
196,HC-LAR-13,VC-LAR-5,False
196,HC-LAR-5,FL-LAR-5,False
196,VC-LAR-1,VC-LAR-1,True
196,VC-LAR-13,FL-LAR-1,False
196,VC-LAR-5,HC-LAR-5,False
197,FL-LAR-1,FL-LAR-13,False
197,FL-LAR-13,FL-LAR-1,False
197,FL-LAR-5,HC-LAR-1,False
197,HC-LAR-1,VC-LAR-13,False
197,HC-LAR-13,FL-LAR-5,False
197,HC-LAR-5,HC-LAR-13,False
197,VC-LAR-1,HC-LAR-5,False
197,VC-LAR-13,VC-LAR-5,False
197,VC-LAR-5,VC-LAR-1,False
198,FL-LAR-1,HC-LAR-5,False
198,FL-LAR-13,HC-LAR-1,False
198,FL-LAR-5,FL-LAR-5,True
198,HC-LAR-1,VC-LAR-1,False
198,HC-LAR-13,VC-LAR-13,False
198,HC-LAR-5,FL-LAR-1,False
198,VC-LAR-1,FL-LAR-13,False
198,VC-LAR-13,HC-LAR-13,False
198,VC-LAR-5,VC-LAR-5,True
199,FL-LAR-1,HC-LAR-5,False
199,FL-LAR-13,VC-LAR-1,False
199,FL-LAR-5,FL-LAR-1,False
199,HC-LAR-1,VC-LAR-13,False
199,HC-LAR-13,HC-LAR-13,True
199,HC-LAR-5,FL-LAR-13,False
199,VC-LAR-1,VC-LAR-5,False
199,VC-LAR-13,FL-LAR-5,False
199,VC-LAR-5,HC-LAR-1,False
200,FL-LAR-1,HC-LAR-1,False
200,FL-LAR-13,HC-LAR-5,False
200,FL-LAR-5,FL-LAR-5,True
200,HC-LAR-1,VC-LAR-1,False
200,HC-LAR-13,FL-LAR-13,False
200,HC-LAR-5,FL-LAR-1,False
200,VC-LAR-1,VC-LAR-5,False
200,VC-LAR-13,VC-LAR-13,True
200,VC-LAR-5,HC-LAR-13,False
201,FL-LAR-1,FL-LAR-13,False
201,FL-LAR-13,VC-LAR-1,False
201,FL-LAR-5,HC-LAR-5,False
201,HC-LAR-1,VC-LAR-13,False
201,HC-LAR-13,HC-LAR-13,True
201,HC-LAR-5,HC-LAR-1,False
201,VC-LAR-1,VC-LAR-5,False
201,VC-LAR-13,FL-LAR-1,False
201,VC-LAR-5,FL-LAR-5,False
202,FL-LAR-1,HC-LAR-13,False
202,FL-LAR-13,FL-LAR-13,True
202,FL-LAR-5,FL-LAR-1,False
202,HC-LAR-1,HC-LAR-1,True
202,HC-LAR-13,VC-LAR-13,False
202,HC-LAR-5,FL-LAR-5,False
202,VC-LAR-1,HC-LAR-5,False
202,VC-LAR-13,VC-LAR-1,False
202,VC-LAR-5,VC-LAR-5,True
203,FL-LAR-1,VC-LAR-5,False
203,FL-LAR-13,VC-LAR-1,False
203,FL-LAR-5,HC-LAR-5,False
203,HC-LAR-1,FL-LAR-5,False
203,HC-LAR-13,FL-LAR-13,False
203,HC-LAR-5,FL-LAR-1,False
203,VC-LAR-1,HC-LAR-13,False
203,VC-LAR-13,HC-LAR-1,False
203,VC-LAR-5,VC-LAR-13,False
204,FL-LAR-1,HC-LAR-1,False
204,FL-LAR-13,VC-LAR-13,False
204,FL-LAR-5,VC-LAR-5,False
204,HC-LAR-1,HC-LAR-5,False
204,HC-LAR-13,HC-LAR-13,True
204,HC-LAR-5,FL-LAR-1,False
204,VC-LAR-1,VC-LAR-1,True
204,VC-LAR-13,FL-LAR-13,False
204,VC-LAR-5,FL-LAR-5,False
205,FL-LAR-1,FL-LAR-5,False
205,FL-LAR-13,HC-LAR-13,False
205,FL-LAR-5,VC-LAR-5,False
205,HC-LAR-1,HC-LAR-5,False
205,HC-LAR-13,VC-LAR-13,False
205,HC-LAR-5,VC-LAR-1,False
205,VC-LAR-1,FL-LAR-1,False
205,VC-LAR-13,FL-LAR-13,False
205,VC-LAR-5,HC-LAR-1,False
206,FL-LAR-1,VC-LAR-5,False
206,FL-LAR-13,HC-LAR-5,False
206,FL-LAR-5,VC-LAR-13,False
206,HC-LAR-1,FL-LAR-1,False
206,HC-LAR-13,FL-LAR-13,False
206,HC-LAR-5,HC-LAR-1,False
206,VC-LAR-1,FL-LAR-5,False
206,VC-LAR-13,HC-LAR-13,False
206,VC-LAR-5,VC-LAR-1,False
207,FL-LAR-1,FL-LAR-1,True
207,FL-LAR-13,FL-LAR-5,False
207,FL-LAR-5,VC-LAR-13,False
207,HC-LAR-1,VC-LAR-1,False
207,HC-LAR-13,FL-LAR-13,False
207,HC-LAR-5,HC-LAR-1,False
207,VC-LAR-1,HC-LAR-13,False
207,VC-LAR-13,VC-LAR-5,False
207,VC-LAR-5,HC-LAR-5,False
208,FL-LAR-1,VC-LAR-1,False
208,FL-LAR-13,HC-LAR-1,False
208,FL-LAR-5,FL-LAR-13,False
208,HC-LAR-1,VC-LAR-13,False
208,HC-LAR-13,VC-LAR-5,False
208,HC-LAR-5,FL-LAR-5,False
208,VC-LAR-1,FL-LAR-1,False
208,VC-LAR-13,HC-LAR-13,False
208,VC-LAR-5,HC-LAR-5,False
209,FL-LAR-1,FL-LAR-1,True
209,FL-LAR-13,HC-LAR-5,False
209,FL-LAR-5,HC-LAR-13,False
209,HC-LAR-1,VC-LAR-13,False
209,HC-LAR-13,VC-LAR-1,False
209,HC-LAR-5,VC-LAR-5,False
209,VC-LAR-1,HC-LAR-1,False
209,VC-LAR-13,FL-LAR-5,False
209,VC-LAR-5,FL-LAR-13,False
210,FL-LAR-1,VC-LAR-1,False
210,FL-LAR-13,FL-LAR-5,False
210,FL-LAR-5,HC-LAR-13,False
210,HC-LAR-1,VC-LAR-5,False
210,HC-LAR-13,FL-LAR-1,False
210,HC-LAR-5,HC-LAR-1,False
210,VC-LAR-1,HC-LAR-5,False
210,VC-LAR-13,VC-LAR-13,True
210,VC-LAR-5,FL-LAR-13,False
211,FL-LAR-1,HC-LAR-1,False
211,FL-LAR-13,VC-LAR-5,False
211,FL-LAR-5,FL-LAR-1,False
211,HC-LAR-1,VC-LAR-1,False
211,HC-LAR-13,HC-LAR-13,True
211,HC-LAR-5,HC-LAR-5,True
211,VC-LAR-1,FL-LAR-13,False
211,VC-LAR-13,FL-LAR-5,False
211,VC-LAR-5,VC-LAR-13,False
212,FL-LAR-1,FL-LAR-13,False
212,FL-LAR-13,FL-LAR-5,False
212,FL-LAR-5,VC-LAR-13,False
212,HC-LAR-1,HC-LAR-5,False
212,HC-LAR-13,HC-LAR-1,False
212,HC-LAR-5,VC-LAR-5,False
212,VC-LAR-1,FL-LAR-1,False
212,VC-LAR-13,HC-LAR-13,False
212,VC-LAR-5,VC-LAR-1,False
213,FL-LAR-1,VC-LAR-13,False
213,FL-LAR-13,HC-LAR-5,False
213,FL-LAR-5,HC-LAR-13,False
213,HC-LAR-1,VC-LAR-5,False
213,HC-LAR-13,FL-LAR-5,False
213,HC-LAR-5,FL-LAR-1,False
213,VC-LAR-1,VC-LAR-1,True
213,VC-LAR-13,FL-LAR-13,False
213,VC-LAR-5,HC-LAR-1,False
214,FL-LAR-1,HC-LAR-5,False
214,FL-LAR-13,FL-LAR-5,False
214,FL-LAR-5,FL-LAR-1,False
214,HC-LAR-1,FL-LAR-13,False
214,HC-LAR-13,VC-LAR-1,False
214,HC-LAR-5,HC-LAR-1,False
214,VC-LAR-1,VC-LAR-5,False
214,VC-LAR-13,VC-LAR-13,True
214,VC-LAR-5,HC-LAR-13,False
215,FL-LAR-1,VC-LAR-13,False
215,FL-LAR-13,FL-LAR-1,False
215,FL-LAR-5,VC-LAR-5,False
215,HC-LAR-1,VC-LAR-1,False
215,HC-LAR-13,HC-LAR-5,False
215,HC-LAR-5,HC-LAR-1,False
215,VC-LAR-1,HC-LAR-13,False
215,VC-LAR-13,FL-LAR-13,False
215,VC-LAR-5,FL-LAR-5,False
216,FL-LAR-1,FL-LAR-5,False
216,FL-LAR-13,VC-LAR-5,False
216,FL-LAR-5,HC-LAR-1,False
216,HC-LAR-1,HC-LAR-5,False
216,HC-LAR-13,FL-LAR-1,False
216,HC-LAR-5,HC-LAR-13,False
216,VC-LAR-1,VC-LAR-13,False
216,VC-LAR-13,VC-LAR-1,False
216,VC-LAR-5,FL-LAR-13,False
217,FL-LAR-1,FL-LAR-1,True
217,FL-LAR-13,HC-LAR-1,False
217,FL-LAR-5,FL-LAR-13,False
217,HC-LAR-1,VC-LAR-13,False
217,HC-LAR-13,FL-LAR-5,False
217,HC-LAR-5,VC-LAR-5,False
217,VC-LAR-1,HC-LAR-5,False
217,VC-LAR-13,HC-LAR-13,False
217,VC-LAR-5,VC-LAR-1,False
218,FL-LAR-1,HC-LAR-1,False
218,FL-LAR-13,VC-LAR-5,False
218,FL-LAR-5,FL-LAR-1,False
218,HC-LAR-1,FL-LAR-13,False
218,HC-LAR-13,HC-LAR-13,True
218,HC-LAR-5,HC-LAR-5,True
218,VC-LAR-1,VC-LAR-13,False
218,VC-LAR-13,VC-LAR-1,False
218,VC-LAR-5,FL-LAR-5,False
219,FL-LAR-1,HC-LAR-1,False
219,FL-LAR-13,FL-LAR-1,False
219,FL-LAR-5,VC-LAR-1,False
219,HC-LAR-1,FL-LAR-13,False
219,HC-LAR-13,HC-LAR-13,True
219,HC-LAR-5,VC-LAR-5,False
219,VC-LAR-1,VC-LAR-13,False
219,VC-LAR-13,HC-LAR-5,False
219,VC-LAR-5,FL-LAR-5,False
220,FL-LAR-1,FL-LAR-1,True
220,FL-LAR-13,FL-LAR-13,True
220,FL-LAR-5,VC-LAR-13,False
220,HC-LAR-1,VC-LAR-5,False
220,HC-LAR-13,HC-LAR-13,True
220,HC-LAR-5,HC-LAR-5,True
220,VC-LAR-1,FL-LAR-5,False
220,VC-LAR-13,VC-LAR-1,False
220,VC-LAR-5,HC-LAR-1,False
221,FL-LAR-1,HC-LAR-1,False
221,FL-LAR-13,HC-LAR-13,False
221,FL-LAR-5,VC-LAR-13,False
221,HC-LAR-1,FL-LAR-1,False
221,HC-LAR-13,FL-LAR-13,False
221,HC-LAR-5,FL-LAR-5,False
221,VC-LAR-1,HC-LAR-5,False
221,VC-LAR-13,VC-LAR-1,False
221,VC-LAR-5,VC-LAR-5,True
222,FL-LAR-1,VC-LAR-13,False
222,FL-LAR-13,VC-LAR-1,False
222,FL-LAR-5,VC-LAR-5,False
222,HC-LAR-1,FL-LAR-5,False
222,HC-LAR-13,HC-LAR-1,False
222,HC-LAR-5,HC-LAR-5,True
222,VC-LAR-1,HC-LAR-13,False
222,VC-LAR-13,FL-LAR-1,False
222,VC-LAR-5,FL-LAR-13,False
223,FL-LAR-1,FL-LAR-13,False
223,FL-LAR-13,HC-LAR-1,False
223,FL-LAR-5,HC-LAR-13,False
223,HC-LAR-1,HC-LAR-5,False
223,HC-LAR-13,VC-LAR-13,False
223,HC-LAR-5,FL-LAR-5,False
223,VC-LAR-1,FL-LAR-1,False
223,VC-LAR-13,VC-LAR-1,False
223,VC-LAR-5,VC-LAR-5,True
224,FL-LAR-1,FL-LAR-13,False
224,FL-LAR-13,VC-LAR-1,False
224,FL-LAR-5,HC-LAR-13,False
224,HC-LAR-1,VC-LAR-13,False
224,HC-LAR-13,HC-LAR-5,False
224,HC-LAR-5,FL-LAR-1,False
224,VC-LAR-1,HC-LAR-1,False
224,VC-LAR-13,FL-LAR-5,False
224,VC-LAR-5,VC-LAR-5,True
225,FL-LAR-1,VC-LAR-13,False
225,FL-LAR-13,HC-LAR-5,False
225,FL-LAR-5,FL-LAR-13,False
225,HC-LAR-1,FL-LAR-5,False
225,HC-LAR-13,VC-LAR-5,False
225,HC-LAR-5,HC-LAR-13,False
225,VC-LAR-1,VC-LAR-1,True
225,VC-LAR-13,HC-LAR-1,False
225,VC-LAR-5,FL-LAR-1,False
226,FL-LAR-1,VC-LAR-5,False
226,FL-LAR-13,HC-LAR-13,False
226,FL-LAR-5,HC-LAR-5,False
226,HC-LAR-1,VC-LAR-13,False
226,HC-LAR-13,HC-LAR-1,False
226,HC-LAR-5,FL-LAR-1,False
226,VC-LAR-1,FL-LAR-13,False
226,VC-LAR-13,VC-LAR-1,False
226,VC-LAR-5,FL-LAR-5,False
227,FL-LAR-1,VC-LAR-1,False
227,FL-LAR-13,HC-LAR-5,False
227,FL-LAR-5,HC-LAR-1,False
227,HC-LAR-1,FL-LAR-13,False
227,HC-LAR-13,HC-LAR-13,True
227,HC-LAR-5,FL-LAR-1,False
227,VC-LAR-1,FL-LAR-5,False
227,VC-LAR-13,VC-LAR-5,False
227,VC-LAR-5,VC-LAR-13,False
228,FL-LAR-1,FL-LAR-1,True
228,FL-LAR-13,VC-LAR-1,False
228,FL-LAR-5,FL-LAR-13,False
228,HC-LAR-1,HC-LAR-13,False
228,HC-LAR-13,FL-LAR-5,False
228,HC-LAR-5,VC-LAR-5,False
228,VC-LAR-1,HC-LAR-5,False
228,VC-LAR-13,VC-LAR-13,True
228,VC-LAR-5,HC-LAR-1,False
229,FL-LAR-1,HC-LAR-13,False
229,FL-LAR-13,HC-LAR-5,False
229,FL-LAR-5,FL-LAR-5,True
229,HC-LAR-1,FL-LAR-13,False
229,HC-LAR-13,HC-LAR-1,False
229,HC-LAR-5,FL-LAR-1,False
229,VC-LAR-1,VC-LAR-1,True
229,VC-LAR-13,VC-LAR-5,False
229,VC-LAR-5,VC-LAR-13,False
230,FL-LAR-1,VC-LAR-1,False
230,FL-LAR-13,FL-LAR-5,False
230,FL-LAR-5,FL-LAR-13,False
230,HC-LAR-1,HC-LAR-5,False
230,HC-LAR-13,FL-LAR-1,False
230,HC-LAR-5,HC-LAR-13,False
230,VC-LAR-1,VC-LAR-5,False
230,VC-LAR-13,HC-LAR-1,False
230,VC-LAR-5,VC-LAR-13,False
231,FL-LAR-1,HC-LAR-1,False
231,FL-LAR-13,VC-LAR-1,False
231,FL-LAR-5,HC-LAR-13,False
231,HC-LAR-1,FL-LAR-5,False
231,HC-LAR-13,FL-LAR-13,False
231,HC-LAR-5,VC-LAR-13,False
231,VC-LAR-1,HC-LAR-5,False
231,VC-LAR-13,FL-LAR-1,False
231,VC-LAR-5,VC-LAR-5,True
232,FL-LAR-1,VC-LAR-1,False
232,FL-LAR-13,VC-LAR-13,False
232,FL-LAR-5,FL-LAR-13,False
232,HC-LAR-1,FL-LAR-5,False
232,HC-LAR-13,HC-LAR-1,False
232,HC-LAR-5,HC-LAR-13,False
232,VC-LAR-1,FL-LAR-1,False
232,VC-LAR-13,HC-LAR-5,False
232,VC-LAR-5,VC-LAR-5,True
233,FL-LAR-1,FL-LAR-13,False
233,FL-LAR-13,HC-LAR-5,False
233,FL-LAR-5,VC-LAR-13,False
233,HC-LAR-1,FL-LAR-1,False
233,HC-LAR-13,VC-LAR-1,False
233,HC-LAR-5,HC-LAR-1,False
233,VC-LAR-1,HC-LAR-13,False
233,VC-LAR-13,FL-LAR-5,False
233,VC-LAR-5,VC-LAR-5,True
234,FL-LAR-1,VC-LAR-5,False
234,FL-LAR-13,VC-LAR-1,False
234,FL-LAR-5,HC-LAR-5,False
234,HC-LAR-1,FL-LAR-13,False
234,HC-LAR-13,HC-LAR-1,False
234,HC-LAR-5,VC-LAR-13,False
234,VC-LAR-1,HC-LAR-13,False
234,VC-LAR-13,FL-LAR-5,False
234,VC-LAR-5,FL-LAR-1,False
235,FL-LAR-1,FL-LAR-1,True
235,FL-LAR-13,VC-LAR-5,False
235,FL-LAR-5,VC-LAR-1,False
235,HC-LAR-1,VC-LAR-13,False
235,HC-LAR-13,FL-LAR-13,False
235,HC-LAR-5,HC-LAR-5,True
235,VC-LAR-1,HC-LAR-13,False
235,VC-LAR-13,HC-LAR-1,False
235,VC-LAR-5,FL-LAR-5,False
236,FL-LAR-1,HC-LAR-13,False
236,FL-LAR-13,FL-LAR-1,False
236,FL-LAR-5,VC-LAR-13,False
236,HC-LAR-1,HC-LAR-5,False
236,HC-LAR-13,HC-LAR-1,False
236,HC-LAR-5,FL-LAR-5,False
236,VC-LAR-1,VC-LAR-5,False
236,VC-LAR-13,FL-LAR-13,False
236,VC-LAR-5,VC-LAR-1,False
237,FL-LAR-1,VC-LAR-13,False
237,FL-LAR-13,VC-LAR-1,False
237,FL-LAR-5,HC-LAR-5,False
237,HC-LAR-1,FL-LAR-1,False
237,HC-LAR-13,FL-LAR-5,False
237,HC-LAR-5,VC-LAR-5,False
237,VC-LAR-1,HC-LAR-13,False
237,VC-LAR-13,FL-LAR-13,False
237,VC-LAR-5,HC-LAR-1,False
238,FL-LAR-1,HC-LAR-13,False
238,FL-LAR-13,VC-LAR-5,False
238,FL-LAR-5,FL-LAR-13,False
238,HC-LAR-1,VC-LAR-13,False
238,HC-LAR-13,HC-LAR-5,False
238,HC-LAR-5,VC-LAR-1,False
238,VC-LAR-1,HC-LAR-1,False
238,VC-LAR-13,FL-LAR-1,False
238,VC-LAR-5,FL-LAR-5,False
239,FL-LAR-1,HC-LAR-5,False
239,FL-LAR-13,HC-LAR-1,False
239,FL-LAR-5,VC-LAR-1,False
239,HC-LAR-1,HC-LAR-13,False
239,HC-LAR-13,FL-LAR-1,False
239,HC-LAR-5,VC-LAR-5,False
239,VC-LAR-1,FL-LAR-5,False
239,VC-LAR-13,VC-LAR-13,True
239,VC-LAR-5,FL-LAR-13,False
240,FL-LAR-1,VC-LAR-5,False
240,FL-LAR-13,FL-LAR-13,True
240,FL-LAR-5,HC-LAR-5,False
240,HC-LAR-1,FL-LAR-1,False
240,HC-LAR-13,FL-LAR-5,False
240,HC-LAR-5,HC-LAR-1,False
240,VC-LAR-1,HC-LAR-13,False
240,VC-LAR-13,VC-LAR-13,True
240,VC-LAR-5,VC-LAR-1,False
241,FL-LAR-1,HC-LAR-5,False
241,FL-LAR-13,FL-LAR-5,False
241,FL-LAR-5,FL-LAR-1,False
241,HC-LAR-1,HC-LAR-13,False
241,HC-LAR-13,FL-LAR-13,False
241,HC-LAR-5,VC-LAR-1,False
241,VC-LAR-1,HC-LAR-1,False
241,VC-LAR-13,VC-LAR-5,False
241,VC-LAR-5,VC-LAR-13,False
242,FL-LAR-1,VC-LAR-1,False
242,FL-LAR-13,HC-LAR-13,False
242,FL-LAR-5,VC-LAR-5,False
242,HC-LAR-1,FL-LAR-1,False
242,HC-LAR-13,HC-LAR-5,False
242,HC-LAR-5,FL-LAR-5,False
242,VC-LAR-1,FL-LAR-13,False
242,VC-LAR-13,HC-LAR-1,False
242,VC-LAR-5,VC-LAR-13,False
243,FL-LAR-1,HC-LAR-5,False
243,FL-LAR-13,VC-LAR-5,False
243,FL-LAR-5,FL-LAR-13,False
243,HC-LAR-1,HC-LAR-1,True
243,HC-LAR-13,VC-LAR-1,False
243,HC-LAR-5,FL-LAR-1,False
243,VC-LAR-1,FL-LAR-5,False
243,VC-LAR-13,HC-LAR-13,False
243,VC-LAR-5,VC-LAR-13,False
244,FL-LAR-1,VC-LAR-5,False
244,FL-LAR-13,FL-LAR-1,False
244,FL-LAR-5,FL-LAR-5,True
244,HC-LAR-1,VC-LAR-13,False
244,HC-LAR-13,VC-LAR-1,False
244,HC-LAR-5,FL-LAR-13,False
244,VC-LAR-1,HC-LAR-13,False
244,VC-LAR-13,HC-LAR-1,False
244,VC-LAR-5,HC-LAR-5,False
245,FL-LAR-1,VC-LAR-1,False
245,FL-LAR-13,HC-LAR-13,False
245,FL-LAR-5,HC-LAR-5,False
245,HC-LAR-1,VC-LAR-5,False
245,HC-LAR-13,FL-LAR-13,False
245,HC-LAR-5,FL-LAR-1,False
245,VC-LAR-1,HC-LAR-1,False
245,VC-LAR-13,FL-LAR-5,False
245,VC-LAR-5,VC-LAR-13,False
246,FL-LAR-1,VC-LAR-5,False
246,FL-LAR-13,HC-LAR-1,False
246,FL-LAR-5,FL-LAR-13,False
246,HC-LAR-1,HC-LAR-13,False
246,HC-LAR-13,HC-LAR-5,False
246,HC-LAR-5,VC-LAR-13,False
246,VC-LAR-1,FL-LAR-1,False
246,VC-LAR-13,VC-LAR-1,False
246,VC-LAR-5,FL-LAR-5,False
247,FL-LAR-1,HC-LAR-5,False
247,FL-LAR-13,VC-LAR-1,False
247,FL-LAR-5,HC-LAR-1,False
247,HC-LAR-1,VC-LAR-5,False
247,HC-LAR-13,FL-LAR-5,False
247,HC-LAR-5,VC-LAR-13,False
247,VC-LAR-1,FL-LAR-13,False
247,VC-LAR-13,HC-LAR-13,False
247,VC-LAR-5,FL-LAR-1,False
248,FL-LAR-1,FL-LAR-1,True
248,FL-LAR-13,VC-LAR-5,False
248,FL-LAR-5,FL-LAR-13,False
248,HC-LAR-1,FL-LAR-5,False
248,HC-LAR-13,HC-LAR-5,False
248,HC-LAR-5,VC-LAR-1,False
248,VC-LAR-1,VC-LAR-13,False
248,VC-LAR-13,HC-LAR-13,False
248,VC-LAR-5,HC-LAR-1,False
249,FL-LAR-1,FL-LAR-13,False
249,FL-LAR-13,FL-LAR-5,False
249,FL-LAR-5,HC-LAR-5,False
249,HC-LAR-1,HC-LAR-1,True
249,HC-LAR-13,VC-LAR-13,False
249,HC-LAR-5,VC-LAR-1,False
249,VC-LAR-1,VC-LAR-5,False
249,VC-LAR-13,HC-LAR-13,False
249,VC-LAR-5,FL-LAR-1,False
250,FL-LAR-1,FL-LAR-5,False
250,FL-LAR-13,FL-LAR-1,False
250,FL-LAR-5,VC-LAR-1,False
250,HC-LAR-1,HC-LAR-13,False
250,HC-LAR-13,HC-LAR-1,False
250,HC-LAR-5,FL-LAR-13,False
250,VC-LAR-1,HC-LAR-5,False
250,VC-LAR-13,VC-LAR-5,False
250,VC-LAR-5,VC-LAR-13,False
251,FL-LAR-1,FL-LAR-13,False
251,FL-LAR-13,HC-LAR-13,False
251,FL-LAR-5,FL-LAR-5,True
251,HC-LAR-1,VC-LAR-13,False
251,HC-LAR-13,HC-LAR-5,False
251,HC-LAR-5,FL-LAR-1,False
251,VC-LAR-1,VC-LAR-1,True
251,VC-LAR-13,VC-LAR-5,False
251,VC-LAR-5,HC-LAR-1,False
252,FL-LAR-1,HC-LAR-13,False
252,FL-LAR-13,HC-LAR-5,False
252,FL-LAR-5,FL-LAR-5,True
252,HC-LAR-1,VC-LAR-1,False
252,HC-LAR-13,HC-LAR-1,False
252,HC-LAR-5,FL-LAR-13,False
252,VC-LAR-1,FL-LAR-1,False
252,VC-LAR-13,VC-LAR-13,True
252,VC-LAR-5,VC-LAR-5,True
253,FL-LAR-1,FL-LAR-5,False
253,FL-LAR-13,FL-LAR-1,False
253,FL-LAR-5,FL-LAR-13,False
253,HC-LAR-1,HC-LAR-1,True
253,HC-LAR-13,HC-LAR-5,False
253,HC-LAR-5,HC-LAR-13,False
253,VC-LAR-1,VC-LAR-13,False
253,VC-LAR-13,VC-LAR-1,False
253,VC-LAR-5,VC-LAR-5,True
254,FL-LAR-1,FL-LAR-1,True
254,FL-LAR-13,HC-LAR-1,False
254,FL-LAR-5,VC-LAR-1,False
254,HC-LAR-1,HC-LAR-13,False
254,HC-LAR-13,FL-LAR-13,False
254,HC-LAR-5,VC-LAR-5,False
254,VC-LAR-1,HC-LAR-5,False
254,VC-LAR-13,VC-LAR-13,True
254,VC-LAR-5,FL-LAR-5,False
255,FL-LAR-1,FL-LAR-1,True
255,FL-LAR-13,HC-LAR-13,False
255,FL-LAR-5,HC-LAR-5,False
255,HC-LAR-1,VC-LAR-5,False
255,HC-LAR-13,VC-LAR-1,False
255,HC-LAR-5,VC-LAR-13,False
255,VC-LAR-1,FL-LAR-13,False
255,VC-LAR-13,HC-LAR-1,False
255,VC-LAR-5,FL-LAR-5,False
256,FL-LAR-1,VC-LAR-13,False
256,FL-LAR-13,HC-LAR-1,False
256,FL-LAR-5,FL-LAR-5,True
256,HC-LAR-1,FL-LAR-13,False
256,HC-LAR-13,VC-LAR-1,False
256,HC-LAR-5,FL-LAR-1,False
256,VC-LAR-1,VC-LAR-5,False
256,VC-LAR-13,HC-LAR-5,False
256,VC-LAR-5,HC-LAR-13,False
257,FL-LAR-1,VC-LAR-13,False
257,FL-LAR-13,HC-LAR-5,False
257,FL-LAR-5,VC-LAR-5,False
257,HC-LAR-1,HC-LAR-1,True
257,HC-LAR-13,FL-LAR-13,False
257,HC-LAR-5,VC-LAR-1,False
257,VC-LAR-1,FL-LAR-5,False
257,VC-LAR-13,FL-LAR-1,False
257,VC-LAR-5,HC-LAR-13,False
258,FL-LAR-1,VC-LAR-5,False
258,FL-LAR-13,FL-LAR-5,False
258,FL-LAR-5,VC-LAR-13,False
258,HC-LAR-1,FL-LAR-1,False
258,HC-LAR-13,HC-LAR-13,True
258,HC-LAR-5,FL-LAR-13,False
258,VC-LAR-1,HC-LAR-5,False
258,VC-LAR-13,VC-LAR-1,False
258,VC-LAR-5,HC-LAR-1,False
259,FL-LAR-1,FL-LAR-5,False
259,FL-LAR-13,HC-LAR-5,False
259,FL-LAR-5,FL-LAR-1,False
259,HC-LAR-1,VC-LAR-13,False
259,HC-LAR-13,HC-LAR-1,False
259,HC-LAR-5,VC-LAR-1,False
259,VC-LAR-1,FL-LAR-13,False
259,VC-LAR-13,HC-LAR-13,False
259,VC-LAR-5,VC-LAR-5,True
260,FL-LAR-1,VC-LAR-13,False
260,FL-LAR-13,HC-LAR-5,False
260,FL-LAR-5,FL-LAR-1,False
260,HC-LAR-1,VC-LAR-1,False
260,HC-LAR-13,FL-LAR-5,False
260,HC-LAR-5,FL-LAR-13,False
260,VC-LAR-1,HC-LAR-13,False
260,VC-LAR-13,HC-LAR-1,False
260,VC-LAR-5,VC-LAR-5,True
261,FL-LAR-1,HC-LAR-1,False
261,FL-LAR-13,HC-LAR-13,False
261,FL-LAR-5,HC-LAR-5,False
261,HC-LAR-1,VC-LAR-13,False
261,HC-LAR-13,VC-LAR-5,False
261,HC-LAR-5,FL-LAR-13,False
261,VC-LAR-1,VC-LAR-1,True
261,VC-LAR-13,FL-LAR-5,False
261,VC-LAR-5,FL-LAR-1,False
262,FL-LAR-1,HC-LAR-1,False
262,FL-LAR-13,FL-LAR-5,False
262,FL-LAR-5,HC-LAR-5,False
262,HC-LAR-1,VC-LAR-13,False
262,HC-LAR-13,FL-LAR-13,False
262,HC-LAR-5,VC-LAR-1,False
262,VC-LAR-1,HC-LAR-13,False
262,VC-LAR-13,VC-LAR-5,False
262,VC-LAR-5,FL-LAR-1,False
263,FL-LAR-1,HC-LAR-1,False
263,FL-LAR-13,FL-LAR-13,True
263,FL-LAR-5,VC-LAR-13,False
263,HC-LAR-1,FL-LAR-5,False
263,HC-LAR-13,HC-LAR-13,True
263,HC-LAR-5,VC-LAR-1,False
263,VC-LAR-1,HC-LAR-5,False
263,VC-LAR-13,FL-LAR-1,False
263,VC-LAR-5,VC-LAR-5,True
264,FL-LAR-1,HC-LAR-5,False
264,FL-LAR-13,VC-LAR-1,False
264,FL-LAR-5,HC-LAR-1,False
264,HC-LAR-1,HC-LAR-13,False
264,HC-LAR-13,FL-LAR-1,False
264,HC-LAR-5,FL-LAR-13,False
264,VC-LAR-1,FL-LAR-5,False
264,VC-LAR-13,VC-LAR-13,True
264,VC-LAR-5,VC-LAR-5,True
265,FL-LAR-1,VC-LAR-1,False
265,FL-LAR-13,HC-LAR-5,False
265,FL-LAR-5,HC-LAR-13,False
265,HC-LAR-1,FL-LAR-1,False
265,HC-LAR-13,VC-LAR-13,False
265,HC-LAR-5,HC-LAR-1,False
265,VC-LAR-1,VC-LAR-5,False
265,VC-LAR-13,FL-LAR-13,False
265,VC-LAR-5,FL-LAR-5,False
266,FL-LAR-1,FL-LAR-13,False
266,FL-LAR-13,FL-LAR-1,False
266,FL-LAR-5,VC-LAR-13,False
266,HC-LAR-1,VC-LAR-1,False
266,HC-LAR-13,HC-LAR-13,True
266,HC-LAR-5,HC-LAR-1,False
266,VC-LAR-1,VC-LAR-5,False
266,VC-LAR-13,FL-LAR-5,False
266,VC-LAR-5,HC-LAR-5,False
267,FL-LAR-1,HC-LAR-1,False
267,FL-LAR-13,HC-LAR-5,False
267,FL-LAR-5,FL-LAR-13,False
267,HC-LAR-1,FL-LAR-5,False
267,HC-LAR-13,FL-LAR-1,False
267,HC-LAR-5,VC-LAR-13,False
267,VC-LAR-1,VC-LAR-1,True
267,VC-LAR-13,HC-LAR-13,False
267,VC-LAR-5,VC-LAR-5,True
268,FL-LAR-1,FL-LAR-1,True
268,FL-LAR-13,FL-LAR-13,True
268,FL-LAR-5,FL-LAR-5,True
268,HC-LAR-1,HC-LAR-1,True
268,HC-LAR-13,VC-LAR-5,False
268,HC-LAR-5,HC-LAR-5,True
268,VC-LAR-1,HC-LAR-13,False
268,VC-LAR-13,VC-LAR-1,False
268,VC-LAR-5,VC-LAR-13,False
269,FL-LAR-1,VC-LAR-5,False
269,FL-LAR-13,HC-LAR-13,False
269,FL-LAR-5,HC-LAR-1,False
269,HC-LAR-1,FL-LAR-13,False
269,HC-LAR-13,VC-LAR-13,False
269,HC-LAR-5,FL-LAR-5,False
269,VC-LAR-1,FL-LAR-1,False
269,VC-LAR-13,VC-LAR-1,False
269,VC-LAR-5,HC-LAR-5,False
270,FL-LAR-1,HC-LAR-5,False
270,FL-LAR-13,VC-LAR-5,False
270,FL-LAR-5,FL-LAR-13,False
270,HC-LAR-1,FL-LAR-5,False
270,HC-LAR-13,HC-LAR-1,False
270,HC-LAR-5,VC-LAR-1,False
270,VC-LAR-1,HC-LAR-13,False
270,VC-LAR-13,FL-LAR-1,False
270,VC-LAR-5,VC-LAR-13,False
271,FL-LAR-1,HC-LAR-1,False
271,FL-LAR-13,VC-LAR-5,False
271,FL-LAR-5,HC-LAR-5,False
271,HC-LAR-1,VC-LAR-1,False
271,HC-LAR-13,FL-LAR-1,False
271,HC-LAR-5,VC-LAR-13,False
271,VC-LAR-1,FL-LAR-13,False
271,VC-LAR-13,FL-LAR-5,False
271,VC-LAR-5,HC-LAR-13,False
272,FL-LAR-1,VC-LAR-1,False
272,FL-LAR-13,HC-LAR-5,False
272,FL-LAR-5,VC-LAR-5,False
272,HC-LAR-1,FL-LAR-1,False
272,HC-LAR-13,FL-LAR-5,False
272,HC-LAR-5,HC-LAR-1,False
272,VC-LAR-1,VC-LAR-13,False
272,VC-LAR-13,FL-LAR-13,False
272,VC-LAR-5,HC-LAR-13,False
273,FL-LAR-1,VC-LAR-1,False
273,FL-LAR-13,HC-LAR-1,False
273,FL-LAR-5,VC-LAR-13,False
273,HC-LAR-1,HC-LAR-5,False
273,HC-LAR-13,FL-LAR-5,False
273,HC-LAR-5,FL-LAR-1,False
273,VC-LAR-1,HC-LAR-13,False
273,VC-LAR-13,VC-LAR-5,False
273,VC-LAR-5,FL-LAR-13,False
274,FL-LAR-1,FL-LAR-5,False
274,FL-LAR-13,VC-LAR-13,False
274,FL-LAR-5,VC-LAR-5,False
274,HC-LAR-1,VC-LAR-1,False
274,HC-LAR-13,FL-LAR-1,False
274,HC-LAR-5,HC-LAR-13,False
274,VC-LAR-1,HC-LAR-1,False
274,VC-LAR-13,FL-LAR-13,False
274,VC-LAR-5,HC-LAR-5,False
275,FL-LAR-1,FL-LAR-13,False
275,FL-LAR-13,HC-LAR-13,False
275,FL-LAR-5,VC-LAR-13,False
275,HC-LAR-1,FL-LAR-1,False
275,HC-LAR-13,VC-LAR-1,False
275,HC-LAR-5,VC-LAR-5,False
275,VC-LAR-1,HC-LAR-5,False
275,VC-LAR-13,FL-LAR-5,False
275,VC-LAR-5,HC-LAR-1,False
276,FL-LAR-1,VC-LAR-5,False
276,FL-LAR-13,VC-LAR-1,False
276,FL-LAR-5,FL-LAR-13,False
276,HC-LAR-1,HC-LAR-1,True
276,HC-LAR-13,FL-LAR-5,False
276,HC-LAR-5,HC-LAR-5,True
276,VC-LAR-1,HC-LAR-13,False
276,VC-LAR-13,FL-LAR-1,False
276,VC-LAR-5,VC-LAR-13,False
277,FL-LAR-1,FL-LAR-1,True
277,FL-LAR-13,HC-LAR-1,False
277,FL-LAR-5,FL-LAR-5,True
277,HC-LAR-1,VC-LAR-1,False
277,HC-LAR-13,VC-LAR-5,False
277,HC-LAR-5,HC-LAR-13,False
277,VC-LAR-1,VC-LAR-13,False
277,VC-LAR-13,FL-LAR-13,False
277,VC-LAR-5,HC-LAR-5,False
278,FL-LAR-1,FL-LAR-5,False
278,FL-LAR-13,HC-LAR-5,False
278,FL-LAR-5,VC-LAR-13,False
278,HC-LAR-1,VC-LAR-5,False
278,HC-LAR-13,HC-LAR-13,True
278,HC-LAR-5,FL-LAR-1,False
278,VC-LAR-1,HC-LAR-1,False
278,VC-LAR-13,FL-LAR-13,False
278,VC-LAR-5,VC-LAR-1,False
279,FL-LAR-1,FL-LAR-1,True
279,FL-LAR-13,FL-LAR-5,False
279,FL-LAR-5,VC-LAR-1,False
279,HC-LAR-1,HC-LAR-13,False
279,HC-LAR-13,HC-LAR-1,False
279,HC-LAR-5,FL-LAR-13,False
279,VC-LAR-1,VC-LAR-5,False
279,VC-LAR-13,HC-LAR-5,False
279,VC-LAR-5,VC-LAR-13,False
280,FL-LAR-1,VC-LAR-1,False
280,FL-LAR-13,FL-LAR-13,True
280,FL-LAR-5,VC-LAR-5,False
280,HC-LAR-1,FL-LAR-5,False
280,HC-LAR-13,VC-LAR-13,False
280,HC-LAR-5,HC-LAR-13,False
280,VC-LAR-1,HC-LAR-5,False
280,VC-LAR-13,HC-LAR-1,False
280,VC-LAR-5,FL-LAR-1,False
281,FL-LAR-1,HC-LAR-1,False
281,FL-LAR-13,FL-LAR-13,True
281,FL-LAR-5,FL-LAR-1,False
281,HC-LAR-1,HC-LAR-5,False
281,HC-LAR-13,HC-LAR-13,True
281,HC-LAR-5,VC-LAR-5,False
281,VC-LAR-1,VC-LAR-13,False
281,VC-LAR-13,FL-LAR-5,False
281,VC-LAR-5,VC-LAR-1,False
282,FL-LAR-1,VC-LAR-5,False
282,FL-LAR-13,FL-LAR-5,False
282,FL-LAR-5,HC-LAR-1,False
282,HC-LAR-1,VC-LAR-1,False
282,HC-LAR-13,FL-LAR-1,False
282,HC-LAR-5,HC-LAR-5,True
282,VC-LAR-1,FL-LAR-13,False
282,VC-LAR-13,VC-LAR-13,True
282,VC-LAR-5,HC-LAR-13,False
283,FL-LAR-1,FL-LAR-1,True
283,FL-LAR-13,HC-LAR-5,False
283,FL-LAR-5,HC-LAR-13,False
283,HC-LAR-1,VC-LAR-1,False
283,HC-LAR-13,HC-LAR-1,False
283,HC-LAR-5,VC-LAR-5,False
283,VC-LAR-1,FL-LAR-13,False
283,VC-LAR-13,VC-LAR-13,True
283,VC-LAR-5,FL-LAR-5,False
284,FL-LAR-1,HC-LAR-5,False
284,FL-LAR-13,FL-LAR-5,False
284,FL-LAR-5,VC-LAR-5,False
284,HC-LAR-1,VC-LAR-13,False
284,HC-LAR-13,HC-LAR-13,True
284,HC-LAR-5,FL-LAR-1,False
284,VC-LAR-1,FL-LAR-13,False
284,VC-LAR-13,HC-LAR-1,False
284,VC-LAR-5,VC-LAR-1,False
285,FL-LAR-1,FL-LAR-13,False
285,FL-LAR-13,HC-LAR-5,False
285,FL-LAR-5,HC-LAR-13,False
285,HC-LAR-1,FL-LAR-5,False
285,HC-LAR-13,VC-LAR-5,False
285,HC-LAR-5,VC-LAR-13,False
285,VC-LAR-1,VC-LAR-1,True
285,VC-LAR-13,FL-LAR-1,False
285,VC-LAR-5,HC-LAR-1,False
286,FL-LAR-1,HC-LAR-1,False
286,FL-LAR-13,HC-LAR-13,False
286,FL-LAR-5,VC-LAR-13,False
286,HC-LAR-1,HC-LAR-5,False
286,HC-LAR-13,FL-LAR-1,False
286,HC-LAR-5,FL-LAR-5,False
286,VC-LAR-1,VC-LAR-1,True
286,VC-LAR-13,FL-LAR-13,False
286,VC-LAR-5,VC-LAR-5,True
287,FL-LAR-1,VC-LAR-1,False
287,FL-LAR-13,VC-LAR-13,False
287,FL-LAR-5,FL-LAR-5,True
287,HC-LAR-1,HC-LAR-13,False
287,HC-LAR-13,VC-LAR-5,False
287,HC-LAR-5,FL-LAR-1,False
287,VC-LAR-1,HC-LAR-5,False
287,VC-LAR-13,FL-LAR-13,False
287,VC-LAR-5,HC-LAR-1,False
288,FL-LAR-1,VC-LAR-13,False
288,FL-LAR-13,HC-LAR-5,False
288,FL-LAR-5,HC-LAR-13,False
288,HC-LAR-1,FL-LAR-13,False
288,HC-LAR-13,HC-LAR-1,False
288,HC-LAR-5,FL-LAR-1,False
288,VC-LAR-1,FL-LAR-5,False
288,VC-LAR-13,VC-LAR-1,False
288,VC-LAR-5,VC-LAR-5,True
289,FL-LAR-1,VC-LAR-1,False
289,FL-LAR-13,HC-LAR-13,False
289,FL-LAR-5,VC-LAR-13,False
289,HC-LAR-1,HC-LAR-1,True
289,HC-LAR-13,FL-LAR-13,False
289,HC-LAR-5,FL-LAR-1,False
289,VC-LAR-1,HC-LAR-5,False
289,VC-LAR-13,FL-LAR-5,False
289,VC-LAR-5,VC-LAR-5,True
290,FL-LAR-1,HC-LAR-13,False
290,FL-LAR-13,VC-LAR-1,False
290,FL-LAR-5,FL-LAR-13,False
290,HC-LAR-1,FL-LAR-1,False
290,HC-LAR-13,HC-LAR-1,False
290,HC-LAR-5,HC-LAR-5,True
290,VC-LAR-1,VC-LAR-13,False
290,VC-LAR-13,VC-LAR-5,False
290,VC-LAR-5,FL-LAR-5,False
291,FL-LAR-1,HC-LAR-13,False
291,FL-LAR-13,VC-LAR-13,False
291,FL-LAR-5,VC-LAR-1,False
291,HC-LAR-1,FL-LAR-1,False
291,HC-LAR-13,VC-LAR-5,False
291,HC-LAR-5,HC-LAR-1,False
291,VC-LAR-1,FL-LAR-13,False
291,VC-LAR-13,HC-LAR-5,False
291,VC-LAR-5,FL-LAR-5,False
292,FL-LAR-1,HC-LAR-13,False
292,FL-LAR-13,HC-LAR-5,False
292,FL-LAR-5,VC-LAR-13,False
292,HC-LAR-1,FL-LAR-1,False
292,HC-LAR-13,FL-LAR-13,False
292,HC-LAR-5,HC-LAR-1,False
292,VC-LAR-1,VC-LAR-1,True
292,VC-LAR-13,VC-LAR-5,False
292,VC-LAR-5,FL-LAR-5,False
293,FL-LAR-1,HC-LAR-13,False
293,FL-LAR-13,FL-LAR-5,False
293,FL-LAR-5,HC-LAR-1,False
293,HC-LAR-1,HC-LAR-5,False
293,HC-LAR-13,FL-LAR-13,False
293,HC-LAR-5,VC-LAR-5,False
293,VC-LAR-1,VC-LAR-1,True
293,VC-LAR-13,VC-LAR-13,True
293,VC-LAR-5,FL-LAR-1,False
294,FL-LAR-1,HC-LAR-5,False
294,FL-LAR-13,FL-LAR-13,True
294,FL-LAR-5,VC-LAR-13,False
294,HC-LAR-1,HC-LAR-13,False
294,HC-LAR-13,VC-LAR-5,False
294,HC-LAR-5,FL-LAR-5,False
294,VC-LAR-1,HC-LAR-1,False
294,VC-LAR-13,VC-LAR-1,False
294,VC-LAR-5,FL-LAR-1,False
295,FL-LAR-1,VC-LAR-1,False
295,FL-LAR-13,VC-LAR-5,False
295,FL-LAR-5,VC-LAR-13,False
295,HC-LAR-1,HC-LAR-13,False
295,HC-LAR-13,FL-LAR-1,False
295,HC-LAR-5,FL-LAR-5,False
295,VC-LAR-1,HC-LAR-5,False
295,VC-LAR-13,HC-LAR-1,False
295,VC-LAR-5,FL-LAR-13,False
296,FL-LAR-1,FL-LAR-5,False
296,FL-LAR-13,VC-LAR-5,False
296,FL-LAR-5,HC-LAR-13,False
296,HC-LAR-1,HC-LAR-1,True
296,HC-LAR-13,VC-LAR-1,False
296,HC-LAR-5,HC-LAR-5,True
296,VC-LAR-1,VC-LAR-13,False
296,VC-LAR-13,FL-LAR-1,False
296,VC-LAR-5,FL-LAR-13,False
297,FL-LAR-1,FL-LAR-5,False
297,FL-LAR-13,VC-LAR-13,False
297,FL-LAR-5,HC-LAR-1,False
297,HC-LAR-1,FL-LAR-13,False
297,HC-LAR-13,VC-LAR-5,False
297,HC-LAR-5,FL-LAR-1,False
297,VC-LAR-1,VC-LAR-1,True
297,VC-LAR-13,HC-LAR-5,False
297,VC-LAR-5,HC-LAR-13,False
298,FL-LAR-1,FL-LAR-5,False
298,FL-LAR-13,VC-LAR-1,False
298,FL-LAR-5,FL-LAR-1,False
298,HC-LAR-1,HC-LAR-5,False
298,HC-LAR-13,FL-LAR-13,False
298,HC-LAR-5,HC-LAR-13,False
298,VC-LAR-1,VC-LAR-5,False
298,VC-LAR-13,VC-LAR-13,True
298,VC-LAR-5,HC-LAR-1,False
299,FL-LAR-1,HC-LAR-1,False
299,FL-LAR-13,VC-LAR-13,False
299,FL-LAR-5,FL-LAR-5,True
299,HC-LAR-1,VC-LAR-1,False
299,HC-LAR-13,FL-LAR-13,False
299,HC-LAR-5,HC-LAR-13,False
299,VC-LAR-1,FL-LAR-1,False
299,VC-LAR-13,HC-LAR-5,False
299,VC-LAR-5,VC-LAR-5,True
300,FL-LAR-1,HC-LAR-13,False
300,FL-LAR-13,FL-LAR-1,False
300,FL-LAR-5,VC-LAR-13,False
300,HC-LAR-1,FL-LAR-5,False
300,HC-LAR-13,HC-LAR-1,False
300,HC-LAR-5,FL-LAR-13,False
300,VC-LAR-1,HC-LAR-5,False
300,VC-LAR-13,VC-LAR-1,False
300,VC-LAR-5,VC-LAR-5,True
301,FL-LAR-1,FL-LAR-13,False
301,FL-LAR-13,VC-LAR-5,False
301,FL-LAR-5,HC-LAR-13,False
301,HC-LAR-1,VC-LAR-1,False
301,HC-LAR-13,FL-LAR-5,False
301,HC-LAR-5,VC-LAR-13,False
301,VC-LAR-1,HC-LAR-1,False
301,VC-LAR-13,HC-LAR-5,False
301,VC-LAR-5,FL-LAR-1,False
302,FL-LAR-1,VC-LAR-13,False
302,FL-LAR-13,FL-LAR-13,True
302,FL-LAR-5,VC-LAR-1,False
302,HC-LAR-1,FL-LAR-5,False
302,HC-LAR-13,FL-LAR-1,False
302,HC-LAR-5,HC-LAR-1,False
302,VC-LAR-1,HC-LAR-13,False
302,VC-LAR-13,HC-LAR-5,False
302,VC-LAR-5,VC-LAR-5,True
303,FL-LAR-1,FL-LAR-5,False
303,FL-LAR-13,VC-LAR-13,False
303,FL-LAR-5,VC-LAR-1,False
303,HC-LAR-1,FL-LAR-1,False
303,HC-LAR-13,HC-LAR-1,False
303,HC-LAR-5,FL-LAR-13,False
303,VC-LAR-1,VC-LAR-5,False
303,VC-LAR-13,HC-LAR-5,False
303,VC-LAR-5,HC-LAR-13,False
304,FL-LAR-1,HC-LAR-5,False
304,FL-LAR-13,HC-LAR-13,False
304,FL-LAR-5,FL-LAR-1,False
304,HC-LAR-1,HC-LAR-1,True
304,HC-LAR-13,FL-LAR-5,False
304,HC-LAR-5,VC-LAR-5,False
304,VC-LAR-1,VC-LAR-1,True
304,VC-LAR-13,FL-LAR-13,False
304,VC-LAR-5,VC-LAR-13,False
305,FL-LAR-1,FL-LAR-1,True
305,FL-LAR-13,VC-LAR-13,False
305,FL-LAR-5,HC-LAR-5,False
305,HC-LAR-1,HC-LAR-1,True
305,HC-LAR-13,FL-LAR-5,False
305,HC-LAR-5,VC-LAR-5,False
305,VC-LAR-1,HC-LAR-13,False
305,VC-LAR-13,FL-LAR-13,False
305,VC-LAR-5,VC-LAR-1,False
306,FL-LAR-1,FL-LAR-5,False
306,FL-LAR-13,FL-LAR-1,False
306,FL-LAR-5,VC-LAR-13,False
306,HC-LAR-1,HC-LAR-13,False
306,HC-LAR-13,VC-LAR-5,False
306,HC-LAR-5,FL-LAR-13,False
306,VC-LAR-1,HC-LAR-1,False
306,VC-LAR-13,HC-LAR-5,False
306,VC-LAR-5,VC-LAR-1,False
307,FL-LAR-1,FL-LAR-13,False
307,FL-LAR-13,HC-LAR-5,False
307,FL-LAR-5,VC-LAR-13,False
307,HC-LAR-1,FL-LAR-1,False
307,HC-LAR-13,VC-LAR-5,False
307,HC-LAR-5,FL-LAR-5,False
307,VC-LAR-1,HC-LAR-1,False
307,VC-LAR-13,HC-LAR-13,False
307,VC-LAR-5,VC-LAR-1,False
308,FL-LAR-1,FL-LAR-5,False
308,FL-LAR-13,HC-LAR-5,False
308,FL-LAR-5,FL-LAR-1,False
308,HC-LAR-1,FL-LAR-13,False
308,HC-LAR-13,HC-LAR-1,False
308,HC-LAR-5,VC-LAR-1,False
308,VC-LAR-1,HC-LAR-13,False
308,VC-LAR-13,VC-LAR-5,False
308,VC-LAR-5,VC-LAR-13,False
309,FL-LAR-1,FL-LAR-5,False
309,FL-LAR-13,HC-LAR-13,False
309,FL-LAR-5,VC-LAR-5,False
309,HC-LAR-1,FL-LAR-1,False
309,HC-LAR-13,VC-LAR-1,False
309,HC-LAR-5,VC-LAR-13,False
309,VC-LAR-1,HC-LAR-1,False
309,VC-LAR-13,HC-LAR-5,False
309,VC-LAR-5,FL-LAR-13,False
310,FL-LAR-1,VC-LAR-1,False
310,FL-LAR-13,HC-LAR-13,False
310,FL-LAR-5,VC-LAR-5,False
310,HC-LAR-1,HC-LAR-1,True
310,HC-LAR-13,VC-LAR-13,False
310,HC-LAR-5,FL-LAR-13,False
310,VC-LAR-1,FL-LAR-5,False
310,VC-LAR-13,HC-LAR-5,False
310,VC-LAR-5,FL-LAR-1,False
311,FL-LAR-1,HC-LAR-1,False
311,FL-LAR-13,HC-LAR-13,False
311,FL-LAR-5,VC-LAR-13,False
311,HC-LAR-1,HC-LAR-5,False
311,HC-LAR-13,VC-LAR-1,False
311,HC-LAR-5,FL-LAR-5,False
311,VC-LAR-1,FL-LAR-13,False
311,VC-LAR-13,FL-LAR-1,False
311,VC-LAR-5,VC-LAR-5,True
312,FL-LAR-1,FL-LAR-13,False
312,FL-LAR-13,VC-LAR-13,False
312,FL-LAR-5,FL-LAR-1,False
312,HC-LAR-1,VC-LAR-5,False
312,HC-LAR-13,HC-LAR-13,True
312,HC-LAR-5,HC-LAR-5,True
312,VC-LAR-1,VC-LAR-1,True
312,VC-LAR-13,FL-LAR-5,False
312,VC-LAR-5,HC-LAR-1,False
313,FL-LAR-1,VC-LAR-1,False
313,FL-LAR-13,FL-LAR-13,True
313,FL-LAR-5,HC-LAR-1,False
313,HC-LAR-1,FL-LAR-1,False
313,HC-LAR-13,VC-LAR-5,False
313,HC-LAR-5,HC-LAR-5,True
313,VC-LAR-1,VC-LAR-13,False
313,VC-LAR-13,FL-LAR-5,False
313,VC-LAR-5,HC-LAR-13,False
314,FL-LAR-1,VC-LAR-1,False
314,FL-LAR-13,VC-LAR-5,False
314,FL-LAR-5,FL-LAR-1,False
314,HC-LAR-1,HC-LAR-1,True
314,HC-LAR-13,FL-LAR-5,False
314,HC-LAR-5,FL-LAR-13,False
314,VC-LAR-1,HC-LAR-5,False
314,VC-LAR-13,HC-LAR-13,False
314,VC-LAR-5,VC-LAR-13,False
315,FL-LAR-1,VC-LAR-5,False
315,FL-LAR-13,HC-LAR-13,False
315,FL-LAR-5,VC-LAR-13,False
315,HC-LAR-1,HC-LAR-5,False
315,HC-LAR-13,FL-LAR-5,False
315,HC-LAR-5,VC-LAR-1,False
315,VC-LAR-1,FL-LAR-13,False
315,VC-LAR-13,HC-LAR-1,False
315,VC-LAR-5,FL-LAR-1,False
316,FL-LAR-1,HC-LAR-1,False
316,FL-LAR-13,VC-LAR-1,False
316,FL-LAR-5,FL-LAR-1,False
316,HC-LAR-1,VC-LAR-13,False
316,HC-LAR-13,VC-LAR-5,False
316,HC-LAR-5,HC-LAR-13,False
316,VC-LAR-1,FL-LAR-5,False
316,VC-LAR-13,HC-LAR-5,False
316,VC-LAR-5,FL-LAR-13,False
317,FL-LAR-1,HC-LAR-13,False
317,FL-LAR-13,VC-LAR-5,False
317,FL-LAR-5,HC-LAR-1,False
317,HC-LAR-1,VC-LAR-1,False
317,HC-LAR-13,FL-LAR-1,False
317,HC-LAR-5,FL-LAR-13,False
317,VC-LAR-1,HC-LAR-5,False
317,VC-LAR-13,FL-LAR-5,False
317,VC-LAR-5,VC-LAR-13,False
318,FL-LAR-1,HC-LAR-5,False
318,FL-LAR-13,VC-LAR-13,False
318,FL-LAR-5,VC-LAR-5,False
318,HC-LAR-1,FL-LAR-13,False
318,HC-LAR-13,HC-LAR-1,False
318,HC-LAR-5,FL-LAR-5,False
318,VC-LAR-1,VC-LAR-1,True
318,VC-LAR-13,HC-LAR-13,False
318,VC-LAR-5,FL-LAR-1,False
319,FL-LAR-1,VC-LAR-13,False
319,FL-LAR-13,VC-LAR-5,False
319,FL-LAR-5,VC-LAR-1,False
319,HC-LAR-1,HC-LAR-1,True
319,HC-LAR-13,FL-LAR-1,False
319,HC-LAR-5,HC-LAR-5,True
319,VC-LAR-1,FL-LAR-5,False
319,VC-LAR-13,FL-LAR-13,False
319,VC-LAR-5,HC-LAR-13,False
320,FL-LAR-1,FL-LAR-1,True
320,FL-LAR-13,HC-LAR-13,False
320,FL-LAR-5,HC-LAR-5,False
320,HC-LAR-1,FL-LAR-5,False
320,HC-LAR-13,VC-LAR-13,False
320,HC-LAR-5,VC-LAR-1,False
320,VC-LAR-1,HC-LAR-1,False
320,VC-LAR-13,FL-LAR-13,False
320,VC-LAR-5,VC-LAR-5,True
321,FL-LAR-1,VC-LAR-1,False
321,FL-LAR-13,FL-LAR-13,True
321,FL-LAR-5,VC-LAR-5,False
321,HC-LAR-1,HC-LAR-13,False
321,HC-LAR-13,FL-LAR-1,False
321,HC-LAR-5,VC-LAR-13,False
321,VC-LAR-1,FL-LAR-5,False
321,VC-LAR-13,HC-LAR-1,False
321,VC-LAR-5,HC-LAR-5,False
322,FL-LAR-1,VC-LAR-1,False
322,FL-LAR-13,HC-LAR-13,False
322,FL-LAR-5,VC-LAR-13,False
322,HC-LAR-1,VC-LAR-5,False
322,HC-LAR-13,FL-LAR-5,False
322,HC-LAR-5,FL-LAR-13,False
322,VC-LAR-1,HC-LAR-1,False
322,VC-LAR-13,FL-LAR-1,False
322,VC-LAR-5,HC-LAR-5,False
323,FL-LAR-1,VC-LAR-1,False
323,FL-LAR-13,FL-LAR-1,False
323,FL-LAR-5,HC-LAR-1,False
323,HC-LAR-1,VC-LAR-13,False
323,HC-LAR-13,HC-LAR-13,True
323,HC-LAR-5,FL-LAR-5,False
323,VC-LAR-1,FL-LAR-13,False
323,VC-LAR-13,HC-LAR-5,False
323,VC-LAR-5,VC-LAR-5,True
324,FL-LAR-1,FL-LAR-5,False
324,FL-LAR-13,HC-LAR-5,False
324,FL-LAR-5,FL-LAR-13,False
324,HC-LAR-1,VC-LAR-5,False
324,HC-LAR-13,VC-LAR-1,False
324,HC-LAR-5,HC-LAR-13,False
324,VC-LAR-1,FL-LAR-1,False
324,VC-LAR-13,VC-LAR-13,True
324,VC-LAR-5,HC-LAR-1,False
325,FL-LAR-1,HC-LAR-5,False
325,FL-LAR-13,VC-LAR-5,False
325,FL-LAR-5,HC-LAR-1,False
325,HC-LAR-1,FL-LAR-5,False
325,HC-LAR-13,VC-LAR-13,False
325,HC-LAR-5,FL-LAR-13,False
325,VC-LAR-1,VC-LAR-1,True
325,VC-LAR-13,HC-LAR-13,False
325,VC-LAR-5,FL-LAR-1,False
326,FL-LAR-1,HC-LAR-5,False
326,FL-LAR-13,VC-LAR-5,False
326,FL-LAR-5,HC-LAR-1,False
326,HC-LAR-1,FL-LAR-5,False
326,HC-LAR-13,VC-LAR-1,False
326,HC-LAR-5,FL-LAR-13,False
326,VC-LAR-1,HC-LAR-13,False
326,VC-LAR-13,VC-LAR-13,True
326,VC-LAR-5,FL-LAR-1,False
327,FL-LAR-1,HC-LAR-13,False
327,FL-LAR-13,FL-LAR-5,False
327,FL-LAR-5,VC-LAR-1,False
327,HC-LAR-1,VC-LAR-13,False
327,HC-LAR-13,VC-LAR-5,False
327,HC-LAR-5,HC-LAR-1,False
327,VC-LAR-1,FL-LAR-13,False
327,VC-LAR-13,FL-LAR-1,False
327,VC-LAR-5,HC-LAR-5,False
328,FL-LAR-1,VC-LAR-1,False
328,FL-LAR-13,FL-LAR-1,False
328,FL-LAR-5,HC-LAR-5,False
328,HC-LAR-1,HC-LAR-13,False
328,HC-LAR-13,VC-LAR-13,False
328,HC-LAR-5,FL-LAR-5,False
328,VC-LAR-1,HC-LAR-1,False
328,VC-LAR-13,VC-LAR-5,False
328,VC-LAR-5,FL-LAR-13,False
329,FL-LAR-1,HC-LAR-13,False
329,FL-LAR-13,VC-LAR-13,False
329,FL-LAR-5,FL-LAR-5,True
329,HC-LAR-1,FL-LAR-1,False
329,HC-LAR-13,HC-LAR-5,False
329,HC-LAR-5,VC-LAR-1,False
329,VC-LAR-1,FL-LAR-13,False
329,VC-LAR-13,VC-LAR-5,False
329,VC-LAR-5,HC-LAR-1,False
330,FL-LAR-1,HC-LAR-13,False
330,FL-LAR-13,VC-LAR-1,False
330,FL-LAR-5,FL-LAR-5,True
330,HC-LAR-1,FL-LAR-13,False
330,HC-LAR-13,HC-LAR-1,False
330,HC-LAR-5,HC-LAR-5,True
330,VC-LAR-1,VC-LAR-13,False
330,VC-LAR-13,VC-LAR-5,False
330,VC-LAR-5,FL-LAR-1,False
331,FL-LAR-1,FL-LAR-5,False
331,FL-LAR-13,VC-LAR-1,False
331,FL-LAR-5,VC-LAR-5,False
331,HC-LAR-1,FL-LAR-13,False
331,HC-LAR-13,FL-LAR-1,False
331,HC-LAR-5,VC-LAR-13,False
331,VC-LAR-1,HC-LAR-1,False
331,VC-LAR-13,HC-LAR-13,False
331,VC-LAR-5,HC-LAR-5,False
332,FL-LAR-1,VC-LAR-1,False
332,FL-LAR-13,VC-LAR-13,False
332,FL-LAR-5,HC-LAR-1,False
332,HC-LAR-1,HC-LAR-5,False
332,HC-LAR-13,FL-LAR-13,False
332,HC-LAR-5,FL-LAR-1,False
332,VC-LAR-1,VC-LAR-5,False
332,VC-LAR-13,HC-LAR-13,False
332,VC-LAR-5,FL-LAR-5,False
333,FL-LAR-1,VC-LAR-1,False
333,FL-LAR-13,FL-LAR-1,False
333,FL-LAR-5,VC-LAR-5,False
333,HC-LAR-1,HC-LAR-1,True
333,HC-LAR-13,FL-LAR-13,False
333,HC-LAR-5,VC-LAR-13,False
333,VC-LAR-1,HC-LAR-13,False
333,VC-LAR-13,HC-LAR-5,False
333,VC-LAR-5,FL-LAR-5,False
334,FL-LAR-1,VC-LAR-1,False
334,FL-LAR-13,FL-LAR-5,False
334,FL-LAR-5,HC-LAR-5,False
334,HC-LAR-1,FL-LAR-1,False
334,HC-LAR-13,HC-LAR-1,False
334,HC-LAR-5,FL-LAR-13,False
334,VC-LAR-1,VC-LAR-13,False
334,VC-LAR-13,VC-LAR-5,False
334,VC-LAR-5,HC-LAR-13,False
335,FL-LAR-1,VC-LAR-13,False
335,FL-LAR-13,HC-LAR-13,False
335,FL-LAR-5,FL-LAR-13,False
335,HC-LAR-1,HC-LAR-5,False
335,HC-LAR-13,VC-LAR-1,False
335,HC-LAR-5,FL-LAR-5,False
335,VC-LAR-1,FL-LAR-1,False
335,VC-LAR-13,VC-LAR-5,False
335,VC-LAR-5,HC-LAR-1,False
336,FL-LAR-1,VC-LAR-1,False
336,FL-LAR-13,VC-LAR-5,False
336,FL-LAR-5,HC-LAR-5,False
336,HC-LAR-1,HC-LAR-13,False
336,HC-LAR-13,VC-LAR-13,False
336,HC-LAR-5,FL-LAR-5,False
336,VC-LAR-1,HC-LAR-1,False
336,VC-LAR-13,FL-LAR-13,False
336,VC-LAR-5,FL-LAR-1,False
337,FL-LAR-1,HC-LAR-13,False
337,FL-LAR-13,FL-LAR-13,True
337,FL-LAR-5,VC-LAR-1,False
337,HC-LAR-1,HC-LAR-1,True
337,HC-LAR-13,FL-LAR-5,False
337,HC-LAR-5,FL-LAR-1,False
337,VC-LAR-1,HC-LAR-5,False
337,VC-LAR-13,VC-LAR-13,True
337,VC-LAR-5,VC-LAR-5,True
338,FL-LAR-1,HC-LAR-13,False
338,FL-LAR-13,VC-LAR-1,False
338,FL-LAR-5,FL-LAR-1,False
338,HC-LAR-1,VC-LAR-13,False
338,HC-LAR-13,FL-LAR-13,False
338,HC-LAR-5,HC-LAR-5,True
338,VC-LAR-1,HC-LAR-1,False
338,VC-LAR-13,FL-LAR-5,False
338,VC-LAR-5,VC-LAR-5,True
339,FL-LAR-1,FL-LAR-5,False
339,FL-LAR-13,VC-LAR-13,False
339,FL-LAR-5,FL-LAR-13,False
339,HC-LAR-1,VC-LAR-1,False
339,HC-LAR-13,HC-LAR-5,False
339,HC-LAR-5,HC-LAR-1,False
339,VC-LAR-1,VC-LAR-5,False
339,VC-LAR-13,FL-LAR-1,False
339,VC-LAR-5,HC-LAR-13,False
340,FL-LAR-1,HC-LAR-1,False
340,FL-LAR-13,FL-LAR-5,False
340,FL-LAR-5,HC-LAR-13,False
340,HC-LAR-1,VC-LAR-1,False
340,HC-LAR-13,HC-LAR-5,False
340,HC-LAR-5,VC-LAR-5,False
340,VC-LAR-1,VC-LAR-13,False
340,VC-LAR-13,FL-LAR-1,False
340,VC-LAR-5,FL-LAR-13,False
341,FL-LAR-1,FL-LAR-13,False
341,FL-LAR-13,HC-LAR-1,False
341,FL-LAR-5,FL-LAR-5,True
341,HC-LAR-1,HC-LAR-13,False
341,HC-LAR-13,HC-LAR-5,False
341,HC-LAR-5,VC-LAR-1,False
341,VC-LAR-1,FL-LAR-1,False
341,VC-LAR-13,VC-LAR-13,True
341,VC-LAR-5,VC-LAR-5,True
342,FL-LAR-1,VC-LAR-1,False
342,FL-LAR-13,FL-LAR-13,True
342,FL-LAR-5,VC-LAR-13,False
342,HC-LAR-1,FL-LAR-5,False
342,HC-LAR-13,HC-LAR-1,False
342,HC-LAR-5,HC-LAR-13,False
342,VC-LAR-1,HC-LAR-5,False
342,VC-LAR-13,VC-LAR-5,False
342,VC-LAR-5,FL-LAR-1,False
343,FL-LAR-1,FL-LAR-1,True
343,FL-LAR-13,VC-LAR-5,False
343,FL-LAR-5,VC-LAR-13,False
343,HC-LAR-1,FL-LAR-5,False
343,HC-LAR-13,VC-LAR-1,False
343,HC-LAR-5,HC-LAR-5,True
343,VC-LAR-1,HC-LAR-13,False
343,VC-LAR-13,FL-LAR-13,False
343,VC-LAR-5,HC-LAR-1,False
344,FL-LAR-1,FL-LAR-1,True
344,FL-LAR-13,HC-LAR-13,False
344,FL-LAR-5,HC-LAR-5,False
344,HC-LAR-1,FL-LAR-13,False
344,HC-LAR-13,VC-LAR-5,False
344,HC-LAR-5,VC-LAR-1,False
344,VC-LAR-1,FL-LAR-5,False
344,VC-LAR-13,HC-LAR-1,False
344,VC-LAR-5,VC-LAR-13,False
345,FL-LAR-1,HC-LAR-5,False
345,FL-LAR-13,VC-LAR-5,False
345,FL-LAR-5,FL-LAR-13,False
345,HC-LAR-1,HC-LAR-1,True
345,HC-LAR-13,VC-LAR-13,False
345,HC-LAR-5,FL-LAR-5,False
345,VC-LAR-1,HC-LAR-13,False
345,VC-LAR-13,VC-LAR-1,False
345,VC-LAR-5,FL-LAR-1,False
346,FL-LAR-1,HC-LAR-5,False
346,FL-LAR-13,FL-LAR-5,False
346,FL-LAR-5,VC-LAR-5,False
346,HC-LAR-1,FL-LAR-13,False
346,HC-LAR-13,HC-LAR-1,False
346,HC-LAR-5,VC-LAR-13,False
346,VC-LAR-1,HC-LAR-13,False
346,VC-LAR-13,VC-LAR-1,False
346,VC-LAR-5,FL-LAR-1,False
347,FL-LAR-1,HC-LAR-5,False
347,FL-LAR-13,HC-LAR-1,False
347,FL-LAR-5,VC-LAR-5,False
347,HC-LAR-1,VC-LAR-13,False
347,HC-LAR-13,FL-LAR-1,False
347,HC-LAR-5,FL-LAR-5,False
347,VC-LAR-1,HC-LAR-13,False
347,VC-LAR-13,FL-LAR-13,False
347,VC-LAR-5,VC-LAR-1,False
348,FL-LAR-1,HC-LAR-13,False
348,FL-LAR-13,HC-LAR-5,False
348,FL-LAR-5,FL-LAR-5,True
348,HC-LAR-1,FL-LAR-1,False
348,HC-LAR-13,VC-LAR-1,False
348,HC-LAR-5,VC-LAR-13,False
348,VC-LAR-1,HC-LAR-1,False
348,VC-LAR-13,FL-LAR-13,False
348,VC-LAR-5,VC-LAR-5,True
349,FL-LAR-1,FL-LAR-13,False
349,FL-LAR-13,HC-LAR-13,False
349,FL-LAR-5,VC-LAR-13,False
349,HC-LAR-1,HC-LAR-5,False
349,HC-LAR-13,VC-LAR-1,False
349,HC-LAR-5,FL-LAR-5,False
349,VC-LAR-1,FL-LAR-1,False
349,VC-LAR-13,VC-LAR-5,False
349,VC-LAR-5,HC-LAR-1,False
350,FL-LAR-1,HC-LAR-5,False
350,FL-LAR-13,HC-LAR-13,False
350,FL-LAR-5,HC-LAR-1,False
350,HC-LAR-1,FL-LAR-5,False
350,HC-LAR-13,VC-LAR-13,False
350,HC-LAR-5,VC-LAR-1,False
350,VC-LAR-1,FL-LAR-1,False
350,VC-LAR-13,VC-LAR-5,False
350,VC-LAR-5,FL-LAR-13,False
351,FL-LAR-1,VC-LAR-13,False
351,FL-LAR-13,VC-LAR-5,False
351,FL-LAR-5,VC-LAR-1,False
351,HC-LAR-1,HC-LAR-13,False
351,HC-LAR-13,FL-LAR-1,False
351,HC-LAR-5,FL-LAR-5,False
351,VC-LAR-1,FL-LAR-13,False
351,VC-LAR-13,HC-LAR-5,False
351,VC-LAR-5,HC-LAR-1,False
352,FL-LAR-1,FL-LAR-13,False
352,FL-LAR-13,HC-LAR-1,False
352,FL-LAR-5,FL-LAR-5,True
352,HC-LAR-1,FL-LAR-1,False
352,HC-LAR-13,HC-LAR-5,False
352,HC-LAR-5,VC-LAR-5,False
352,VC-LAR-1,VC-LAR-1,True
352,VC-LAR-13,HC-LAR-13,False
352,VC-LAR-5,VC-LAR-13,False
353,FL-LAR-1,HC-LAR-1,False
353,FL-LAR-13,FL-LAR-13,True
353,FL-LAR-5,HC-LAR-13,False
353,HC-LAR-1,VC-LAR-1,False
353,HC-LAR-13,FL-LAR-1,False
353,HC-LAR-5,FL-LAR-5,False
353,VC-LAR-1,VC-LAR-5,False
353,VC-LAR-13,HC-LAR-5,False
353,VC-LAR-5,VC-LAR-13,False
354,FL-LAR-1,FL-LAR-13,False
354,FL-LAR-13,VC-LAR-5,False
354,FL-LAR-5,HC-LAR-5,False
354,HC-LAR-1,HC-LAR-1,True
354,HC-LAR-13,VC-LAR-1,False
354,HC-LAR-5,FL-LAR-1,False
354,VC-LAR-1,FL-LAR-5,False
354,VC-LAR-13,HC-LAR-13,False
354,VC-LAR-5,VC-LAR-13,False
355,FL-LAR-1,HC-LAR-1,False
355,FL-LAR-13,VC-LAR-13,False
355,FL-LAR-5,FL-LAR-13,False
355,HC-LAR-1,HC-LAR-13,False
355,HC-LAR-13,HC-LAR-5,False
355,HC-LAR-5,VC-LAR-5,False
355,VC-LAR-1,FL-LAR-5,False
355,VC-LAR-13,FL-LAR-1,False
355,VC-LAR-5,VC-LAR-1,False
356,FL-LAR-1,VC-LAR-5,False
356,FL-LAR-13,HC-LAR-5,False
356,FL-LAR-5,VC-LAR-1,False
356,HC-LAR-1,FL-LAR-13,False
356,HC-LAR-13,VC-LAR-13,False
356,HC-LAR-5,FL-LAR-1,False
356,VC-LAR-1,HC-LAR-1,False
356,VC-LAR-13,FL-LAR-5,False
356,VC-LAR-5,HC-LAR-13,False
357,FL-LAR-1,HC-LAR-13,False
357,FL-LAR-13,HC-LAR-5,False
357,FL-LAR-5,VC-LAR-1,False
357,HC-LAR-1,VC-LAR-5,False
357,HC-LAR-13,FL-LAR-1,False
357,HC-LAR-5,HC-LAR-1,False
357,VC-LAR-1,VC-LAR-13,False
357,VC-LAR-13,FL-LAR-5,False
357,VC-LAR-5,FL-LAR-13,False
358,FL-LAR-1,VC-LAR-5,False
358,FL-LAR-13,VC-LAR-1,False
358,FL-LAR-5,FL-LAR-5,True
358,HC-LAR-1,HC-LAR-1,True
358,HC-LAR-13,FL-LAR-1,False
358,HC-LAR-5,FL-LAR-13,False
358,VC-LAR-1,VC-LAR-13,False
358,VC-LAR-13,HC-LAR-5,False
358,VC-LAR-5,HC-LAR-13,False
359,FL-LAR-1,HC-LAR-13,False
359,FL-LAR-13,VC-LAR-13,False
359,FL-LAR-5,FL-LAR-1,False
359,HC-LAR-1,VC-LAR-1,False
359,HC-LAR-13,FL-LAR-13,False
359,HC-LAR-5,HC-LAR-5,True
359,VC-LAR-1,FL-LAR-5,False
359,VC-LAR-13,VC-LAR-5,False
359,VC-LAR-5,HC-LAR-1,False
360,FL-LAR-1,FL-LAR-13,False
360,FL-LAR-13,HC-LAR-13,False
360,FL-LAR-5,VC-LAR-13,False
360,HC-LAR-1,HC-LAR-1,True
360,HC-LAR-13,VC-LAR-1,False
360,HC-LAR-5,FL-LAR-5,False
360,VC-LAR-1,VC-LAR-5,False
360,VC-LAR-13,FL-LAR-1,False
360,VC-LAR-5,HC-LAR-5,False
361,FL-LAR-1,HC-LAR-1,False
361,FL-LAR-13,VC-LAR-13,False
361,FL-LAR-5,FL-LAR-5,True
361,HC-LAR-1,VC-LAR-5,False
361,HC-LAR-13,HC-LAR-13,True
361,HC-LAR-5,HC-LAR-5,True
361,VC-LAR-1,VC-LAR-1,True
361,VC-LAR-13,FL-LAR-1,False
361,VC-LAR-5,FL-LAR-13,False
362,FL-LAR-1,VC-LAR-13,False
362,FL-LAR-13,VC-LAR-5,False
362,FL-LAR-5,HC-LAR-5,False
362,HC-LAR-1,HC-LAR-1,True
362,HC-LAR-13,FL-LAR-5,False
362,HC-LAR-5,HC-LAR-13,False
362,VC-LAR-1,FL-LAR-13,False
362,VC-LAR-13,VC-LAR-1,False
362,VC-LAR-5,FL-LAR-1,False
363,FL-LAR-1,FL-LAR-5,False
363,FL-LAR-13,FL-LAR-13,True
363,FL-LAR-5,VC-LAR-5,False
363,HC-LAR-1,HC-LAR-5,False
363,HC-LAR-13,VC-LAR-13,False
363,HC-LAR-5,FL-LAR-1,False
363,VC-LAR-1,HC-LAR-13,False
363,VC-LAR-13,HC-LAR-1,False
363,VC-LAR-5,VC-LAR-1,False
364,FL-LAR-1,VC-LAR-13,False
364,FL-LAR-13,FL-LAR-13,True
364,FL-LAR-5,FL-LAR-5,True
364,HC-LAR-1,HC-LAR-13,False
364,HC-LAR-13,HC-LAR-5,False
364,HC-LAR-5,VC-LAR-5,False
364,VC-LAR-1,HC-LAR-1,False
364,VC-LAR-13,FL-LAR-1,False
364,VC-LAR-5,VC-LAR-1,False
365,FL-LAR-1,FL-LAR-13,False
365,FL-LAR-13,VC-LAR-5,False
365,FL-LAR-5,HC-LAR-1,False
365,HC-LAR-1,HC-LAR-5,False
365,HC-LAR-13,FL-LAR-5,False
365,HC-LAR-5,VC-LAR-1,False
365,VC-LAR-1,FL-LAR-1,False
365,VC-LAR-13,VC-LAR-13,True
365,VC-LAR-5,HC-LAR-13,False
366,FL-LAR-1,FL-LAR-13,False
366,FL-LAR-13,VC-LAR-13,False
366,FL-LAR-5,FL-LAR-1,False
366,HC-LAR-1,FL-LAR-5,False
366,HC-LAR-13,HC-LAR-13,True
366,HC-LAR-5,VC-LAR-5,False
366,VC-LAR-1,HC-LAR-1,False
366,VC-LAR-13,HC-LAR-5,False
366,VC-LAR-5,VC-LAR-1,False
367,FL-LAR-1,HC-LAR-1,False
367,FL-LAR-13,VC-LAR-13,False
367,FL-LAR-5,VC-LAR-5,False
367,HC-LAR-1,FL-LAR-13,False
367,HC-LAR-13,FL-LAR-5,False
367,HC-LAR-5,HC-LAR-5,True
367,VC-LAR-1,FL-LAR-1,False
367,VC-LAR-13,VC-LAR-1,False
367,VC-LAR-5,HC-LAR-13,False
368,FL-LAR-1,VC-LAR-13,False
368,FL-LAR-13,FL-LAR-1,False
368,FL-LAR-5,VC-LAR-5,False
368,HC-LAR-1,HC-LAR-5,False
368,HC-LAR-13,FL-LAR-5,False
368,HC-LAR-5,HC-LAR-1,False
368,VC-LAR-1,VC-LAR-1,True
368,VC-LAR-13,FL-LAR-13,False
368,VC-LAR-5,HC-LAR-13,False
369,FL-LAR-1,HC-LAR-5,False
369,FL-LAR-13,HC-LAR-1,False
369,FL-LAR-5,FL-LAR-1,False
369,HC-LAR-1,VC-LAR-13,False
369,HC-LAR-13,VC-LAR-1,False
369,HC-LAR-5,FL-LAR-13,False
369,VC-LAR-1,HC-LAR-13,False
369,VC-LAR-13,VC-LAR-5,False
369,VC-LAR-5,FL-LAR-5,False
370,FL-LAR-1,VC-LAR-5,False
370,FL-LAR-13,VC-LAR-1,False
370,FL-LAR-5,FL-LAR-5,True
370,HC-LAR-1,FL-LAR-13,False
370,HC-LAR-13,FL-LAR-1,False
370,HC-LAR-5,HC-LAR-5,True
370,VC-LAR-1,HC-LAR-13,False
370,VC-LAR-13,VC-LAR-13,True
370,VC-LAR-5,HC-LAR-1,False
371,FL-LAR-1,FL-LAR-5,False
371,FL-LAR-13,HC-LAR-5,False
371,FL-LAR-5,FL-LAR-1,False
371,HC-LAR-1,VC-LAR-13,False
371,HC-LAR-13,VC-LAR-1,False
371,HC-LAR-5,FL-LAR-13,False
371,VC-LAR-1,HC-LAR-1,False
371,VC-LAR-13,VC-LAR-5,False
371,VC-LAR-5,HC-LAR-13,False
372,FL-LAR-1,HC-LAR-13,False
372,FL-LAR-13,VC-LAR-1,False
372,FL-LAR-5,HC-LAR-1,False
372,HC-LAR-1,FL-LAR-5,False
372,HC-LAR-13,VC-LAR-5,False
372,HC-LAR-5,HC-LAR-5,True
372,VC-LAR-1,VC-LAR-13,False
372,VC-LAR-13,FL-LAR-1,False
372,VC-LAR-5,FL-LAR-13,False
373,FL-LAR-1,HC-LAR-5,False
373,FL-LAR-13,FL-LAR-1,False
373,FL-LAR-5,VC-LAR-5,False
373,HC-LAR-1,VC-LAR-13,False
373,HC-LAR-13,HC-LAR-1,False
373,HC-LAR-5,HC-LAR-13,False
373,VC-LAR-1,FL-LAR-5,False
373,VC-LAR-13,VC-LAR-1,False
373,VC-LAR-5,FL-LAR-13,False
374,FL-LAR-1,FL-LAR-5,False
374,FL-LAR-13,HC-LAR-13,False
374,FL-LAR-5,FL-LAR-1,False
374,HC-LAR-1,FL-LAR-13,False
374,HC-LAR-13,VC-LAR-1,False
374,HC-LAR-5,HC-LAR-5,True
374,VC-LAR-1,VC-LAR-13,False
374,VC-LAR-13,VC-LAR-5,False
374,VC-LAR-5,HC-LAR-1,False
375,FL-LAR-1,VC-LAR-13,False
375,FL-LAR-13,VC-LAR-5,False
375,FL-LAR-5,FL-LAR-13,False
375,HC-LAR-1,FL-LAR-5,False
375,HC-LAR-13,HC-LAR-13,True
375,HC-LAR-5,HC-LAR-5,True
375,VC-LAR-1,FL-LAR-1,False
375,VC-LAR-13,VC-LAR-1,False
375,VC-LAR-5,HC-LAR-1,False
376,FL-LAR-1,HC-LAR-5,False
376,FL-LAR-13,FL-LAR-5,False
376,FL-LAR-5,VC-LAR-13,False
376,HC-LAR-1,VC-LAR-1,False
376,HC-LAR-13,VC-LAR-5,False
376,HC-LAR-5,HC-LAR-1,False
376,VC-LAR-1,FL-LAR-13,False
376,VC-LAR-13,FL-LAR-1,False
376,VC-LAR-5,HC-LAR-13,False
377,FL-LAR-1,FL-LAR-5,False
377,FL-LAR-13,VC-LAR-1,False
377,FL-LAR-5,VC-LAR-5,False
377,HC-LAR-1,HC-LAR-5,False
377,HC-LAR-13,FL-LAR-1,False
377,HC-LAR-5,FL-LAR-13,False
377,VC-LAR-1,HC-LAR-1,False
377,VC-LAR-13,VC-LAR-13,True
377,VC-LAR-5,HC-LAR-13,False
378,FL-LAR-1,VC-LAR-1,False
378,FL-LAR-13,HC-LAR-13,False
378,FL-LAR-5,VC-LAR-5,False
378,HC-LAR-1,FL-LAR-5,False
378,HC-LAR-13,HC-LAR-5,False
378,HC-LAR-5,VC-LAR-13,False
378,VC-LAR-1,HC-LAR-1,False
378,VC-LAR-13,FL-LAR-13,False
378,VC-LAR-5,FL-LAR-1,False
379,FL-LAR-1,HC-LAR-1,False
379,FL-LAR-13,VC-LAR-5,False
379,FL-LAR-5,VC-LAR-1,False
379,HC-LAR-1,HC-LAR-5,False
379,HC-LAR-13,FL-LAR-13,False
379,HC-LAR-5,FL-LAR-1,False
379,VC-LAR-1,FL-LAR-5,False
379,VC-LAR-13,VC-LAR-13,True
379,VC-LAR-5,HC-LAR-13,False
380,FL-LAR-1,FL-LAR-13,False
380,FL-LAR-13,VC-LAR-1,False
380,FL-LAR-5,HC-LAR-13,False
380,HC-LAR-1,VC-LAR-13,False
380,HC-LAR-13,FL-LAR-5,False
380,HC-LAR-5,VC-LAR-5,False
380,VC-LAR-1,FL-LAR-1,False
380,VC-LAR-13,HC-LAR-1,False
380,VC-LAR-5,HC-LAR-5,False
381,FL-LAR-1,FL-LAR-1,True
381,FL-LAR-13,VC-LAR-1,False
381,FL-LAR-5,VC-LAR-13,False
381,HC-LAR-1,FL-LAR-5,False
381,HC-LAR-13,HC-LAR-5,False
381,HC-LAR-5,VC-LAR-5,False
381,VC-LAR-1,HC-LAR-13,False
381,VC-LAR-13,HC-LAR-1,False
381,VC-LAR-5,FL-LAR-13,False
382,FL-LAR-1,HC-LAR-13,False
382,FL-LAR-13,HC-LAR-1,False
382,FL-LAR-5,HC-LAR-5,False
382,HC-LAR-1,VC-LAR-5,False
382,HC-LAR-13,FL-LAR-5,False
382,HC-LAR-5,VC-LAR-13,False
382,VC-LAR-1,FL-LAR-13,False
382,VC-LAR-13,VC-LAR-1,False
382,VC-LAR-5,FL-LAR-1,False
383,FL-LAR-1,VC-LAR-13,False
383,FL-LAR-13,VC-LAR-5,False
383,FL-LAR-5,HC-LAR-5,False
383,HC-LAR-1,HC-LAR-13,False
383,HC-LAR-13,FL-LAR-13,False
383,HC-LAR-5,VC-LAR-1,False
383,VC-LAR-1,FL-LAR-1,False
383,VC-LAR-13,FL-LAR-5,False
383,VC-LAR-5,HC-LAR-1,False
384,FL-LAR-1,HC-LAR-1,False
384,FL-LAR-13,FL-LAR-5,False
384,FL-LAR-5,HC-LAR-13,False
384,HC-LAR-1,VC-LAR-13,False
384,HC-LAR-13,HC-LAR-5,False
384,HC-LAR-5,VC-LAR-5,False
384,VC-LAR-1,FL-LAR-1,False
384,VC-LAR-13,FL-LAR-13,False
384,VC-LAR-5,VC-LAR-1,False
385,FL-LAR-1,FL-LAR-1,True
385,FL-LAR-13,HC-LAR-13,False
385,FL-LAR-5,FL-LAR-13,False
385,HC-LAR-1,VC-LAR-5,False
385,HC-LAR-13,HC-LAR-1,False
385,HC-LAR-5,VC-LAR-13,False
385,VC-LAR-1,HC-LAR-5,False
385,VC-LAR-13,VC-LAR-1,False
385,VC-LAR-5,FL-LAR-5,False
386,FL-LAR-1,VC-LAR-5,False
386,FL-LAR-13,HC-LAR-13,False
386,FL-LAR-5,FL-LAR-1,False
386,HC-LAR-1,FL-LAR-13,False
386,HC-LAR-13,VC-LAR-1,False
386,HC-LAR-5,VC-LAR-13,False
386,VC-LAR-1,HC-LAR-1,False
386,VC-LAR-13,FL-LAR-5,False
386,VC-LAR-5,HC-LAR-5,False
387,FL-LAR-1,VC-LAR-5,False
387,FL-LAR-13,HC-LAR-1,False
387,FL-LAR-5,VC-LAR-13,False
387,HC-LAR-1,HC-LAR-13,False
387,HC-LAR-13,FL-LAR-1,False
387,HC-LAR-5,VC-LAR-1,False
387,VC-LAR-1,FL-LAR-5,False
387,VC-LAR-13,HC-LAR-5,False
387,VC-LAR-5,FL-LAR-13,False
388,FL-LAR-1,FL-LAR-13,False
388,FL-LAR-13,FL-LAR-1,False
388,FL-LAR-5,VC-LAR-5,False
388,HC-LAR-1,HC-LAR-1,True
388,HC-LAR-13,VC-LAR-13,False
388,HC-LAR-5,VC-LAR-1,False
388,VC-LAR-1,HC-LAR-13,False
388,VC-LAR-13,HC-LAR-5,False
388,VC-LAR-5,FL-LAR-5,False
389,FL-LAR-1,FL-LAR-5,False
389,FL-LAR-13,FL-LAR-1,False
389,FL-LAR-5,VC-LAR-13,False
389,HC-LAR-1,VC-LAR-1,False
389,HC-LAR-13,HC-LAR-13,True
389,HC-LAR-5,HC-LAR-5,True
389,VC-LAR-1,VC-LAR-5,False
389,VC-LAR-13,HC-LAR-1,False
389,VC-LAR-5,FL-LAR-13,False
390,FL-LAR-1,HC-LAR-13,False
390,FL-LAR-13,HC-LAR-5,False
390,FL-LAR-5,FL-LAR-13,False
390,HC-LAR-1,VC-LAR-5,False
390,HC-LAR-13,FL-LAR-1,False
390,HC-LAR-5,VC-LAR-1,False
390,VC-LAR-1,HC-LAR-1,False
390,VC-LAR-13,VC-LAR-13,True
390,VC-LAR-5,FL-LAR-5,False
391,FL-LAR-1,HC-LAR-1,False
391,FL-LAR-13,FL-LAR-1,False
391,FL-LAR-5,FL-LAR-5,True
391,HC-LAR-1,VC-LAR-1,False
391,HC-LAR-13,VC-LAR-13,False
391,HC-LAR-5,HC-LAR-5,True
391,VC-LAR-1,FL-LAR-13,False
391,VC-LAR-13,VC-LAR-5,False
391,VC-LAR-5,HC-LAR-13,False
392,FL-LAR-1,VC-LAR-13,False
392,FL-LAR-13,FL-LAR-13,True
392,FL-LAR-5,VC-LAR-1,False
392,HC-LAR-1,HC-LAR-13,False
392,HC-LAR-13,FL-LAR-5,False
392,HC-LAR-5,VC-LAR-5,False
392,VC-LAR-1,HC-LAR-1,False
392,VC-LAR-13,HC-LAR-5,False
392,VC-LAR-5,FL-LAR-1,False
393,FL-LAR-1,FL-LAR-13,False
393,FL-LAR-13,HC-LAR-13,False
393,FL-LAR-5,FL-LAR-5,True
393,HC-LAR-1,VC-LAR-13,False
393,HC-LAR-13,HC-LAR-5,False
393,HC-LAR-5,VC-LAR-5,False
393,VC-LAR-1,HC-LAR-1,False
393,VC-LAR-13,FL-LAR-1,False
393,VC-LAR-5,VC-LAR-1,False
394,FL-LAR-1,FL-LAR-5,False
394,FL-LAR-13,VC-LAR-13,False
394,FL-LAR-5,HC-LAR-5,False
394,HC-LAR-1,VC-LAR-5,False
394,HC-LAR-13,FL-LAR-13,False
394,HC-LAR-5,HC-LAR-1,False
394,VC-LAR-1,HC-LAR-13,False
394,VC-LAR-13,FL-LAR-1,False
394,VC-LAR-5,VC-LAR-1,False
395,FL-LAR-1,HC-LAR-1,False
395,FL-LAR-13,VC-LAR-13,False
395,FL-LAR-5,VC-LAR-1,False
395,HC-LAR-1,HC-LAR-13,False
395,HC-LAR-13,VC-LAR-5,False
395,HC-LAR-5,HC-LAR-5,True
395,VC-LAR-1,FL-LAR-13,False
395,VC-LAR-13,FL-LAR-1,False
395,VC-LAR-5,FL-LAR-5,False
396,FL-LAR-1,HC-LAR-13,False
396,FL-LAR-13,VC-LAR-13,False
396,FL-LAR-5,VC-LAR-5,False
396,HC-LAR-1,HC-LAR-1,True
396,HC-LAR-13,VC-LAR-1,False
396,HC-LAR-5,FL-LAR-1,False
396,VC-LAR-1,HC-LAR-5,False
396,VC-LAR-13,FL-LAR-13,False
396,VC-LAR-5,FL-LAR-5,False
397,FL-LAR-1,HC-LAR-13,False
397,FL-LAR-13,VC-LAR-1,False
397,FL-LAR-5,VC-LAR-13,False
397,HC-LAR-1,VC-LAR-5,False
397,HC-LAR-13,FL-LAR-1,False
397,HC-LAR-5,HC-LAR-1,False
397,VC-LAR-1,FL-LAR-13,False
397,VC-LAR-13,HC-LAR-5,False
397,VC-LAR-5,FL-LAR-5,False
398,FL-LAR-1,VC-LAR-5,False
398,FL-LAR-13,FL-LAR-5,False
398,FL-LAR-5,HC-LAR-1,False
398,HC-LAR-1,HC-LAR-13,False
398,HC-LAR-13,FL-LAR-1,False
398,HC-LAR-5,VC-LAR-13,False
398,VC-LAR-1,HC-LAR-5,False
398,VC-LAR-13,FL-LAR-13,False
398,VC-LAR-5,VC-LAR-1,False
399,FL-LAR-1,FL-LAR-1,True
399,FL-LAR-13,HC-LAR-1,False
399,FL-LAR-5,HC-LAR-5,False
399,HC-LAR-1,VC-LAR-13,False
399,HC-LAR-13,FL-LAR-5,False
399,HC-LAR-5,FL-LAR-13,False
399,VC-LAR-1,VC-LAR-5,False
399,VC-LAR-13,VC-LAR-1,False
399,VC-LAR-5,HC-LAR-13,False
400,FL-LAR-1,HC-LAR-13,False
400,FL-LAR-13,VC-LAR-13,False
400,FL-LAR-5,VC-LAR-5,False
400,HC-LAR-1,HC-LAR-1,True
400,HC-LAR-13,VC-LAR-1,False
400,HC-LAR-5,FL-LAR-5,False
400,VC-LAR-1,FL-LAR-1,False
400,VC-LAR-13,HC-LAR-5,False
400,VC-LAR-5,FL-LAR-13,False
401,FL-LAR-1,VC-LAR-1,False
401,FL-LAR-13,HC-LAR-5,False
401,FL-LAR-5,HC-LAR-13,False
401,HC-LAR-1,FL-LAR-1,False
401,HC-LAR-13,VC-LAR-5,False
401,HC-LAR-5,VC-LAR-13,False
401,VC-LAR-1,FL-LAR-13,False
401,VC-LAR-13,FL-LAR-5,False
401,VC-LAR-5,HC-LAR-1,False
402,FL-LAR-1,FL-LAR-1,True
402,FL-LAR-13,HC-LAR-5,False
402,FL-LAR-5,VC-LAR-13,False
402,HC-LAR-1,FL-LAR-5,False
402,HC-LAR-13,HC-LAR-1,False
402,HC-LAR-5,VC-LAR-1,False
402,VC-LAR-1,HC-LAR-13,False
402,VC-LAR-13,VC-LAR-5,False
402,VC-LAR-5,FL-LAR-13,False
403,FL-LAR-1,HC-LAR-5,False
403,FL-LAR-13,HC-LAR-1,False
403,FL-LAR-5,VC-LAR-5,False
403,HC-LAR-1,HC-LAR-13,False
403,HC-LAR-13,VC-LAR-1,False
403,HC-LAR-5,FL-LAR-5,False
403,VC-LAR-1,FL-LAR-1,False
403,VC-LAR-13,VC-LAR-13,True
403,VC-LAR-5,FL-LAR-13,False
404,FL-LAR-1,VC-LAR-1,False
404,FL-LAR-13,FL-LAR-13,True
404,FL-LAR-5,HC-LAR-1,False
404,HC-LAR-1,FL-LAR-1,False
404,HC-LAR-13,FL-LAR-5,False
404,HC-LAR-5,VC-LAR-13,False
404,VC-LAR-1,VC-LAR-5,False
404,VC-LAR-13,HC-LAR-13,False
404,VC-LAR-5,HC-LAR-5,False
405,FL-LAR-1,FL-LAR-1,True
405,FL-LAR-13,FL-LAR-13,True
405,FL-LAR-5,VC-LAR-5,False
405,HC-LAR-1,HC-LAR-5,False
405,HC-LAR-13,HC-LAR-13,True
405,HC-LAR-5,HC-LAR-1,False
405,VC-LAR-1,VC-LAR-13,False
405,VC-LAR-13,FL-LAR-5,False
405,VC-LAR-5,VC-LAR-1,False
406,FL-LAR-1,FL-LAR-13,False
406,FL-LAR-13,FL-LAR-1,False
406,FL-LAR-5,VC-LAR-5,False
406,HC-LAR-1,VC-LAR-1,False
406,HC-LAR-13,FL-LAR-5,False
406,HC-LAR-5,HC-LAR-5,True
406,VC-LAR-1,HC-LAR-1,False
406,VC-LAR-13,HC-LAR-13,False
406,VC-LAR-5,VC-LAR-13,False
407,FL-LAR-1,FL-LAR-13,False
407,FL-LAR-13,FL-LAR-1,False
407,FL-LAR-5,VC-LAR-5,False
407,HC-LAR-1,VC-LAR-13,False
407,HC-LAR-13,FL-LAR-5,False
407,HC-LAR-5,HC-LAR-1,False
407,VC-LAR-1,VC-LAR-1,True
407,VC-LAR-13,HC-LAR-13,False
407,VC-LAR-5,HC-LAR-5,False
408,FL-LAR-1,HC-LAR-1,False
408,FL-LAR-13,FL-LAR-5,False
408,FL-LAR-5,HC-LAR-5,False
408,HC-LAR-1,FL-LAR-1,False
408,HC-LAR-13,VC-LAR-13,False
408,HC-LAR-5,FL-LAR-13,False
408,VC-LAR-1,HC-LAR-13,False
408,VC-LAR-13,VC-LAR-1,False
408,VC-LAR-5,VC-LAR-5,True
409,FL-LAR-1,FL-LAR-5,False
409,FL-LAR-13,HC-LAR-13,False
409,FL-LAR-5,VC-LAR-5,False
409,HC-LAR-1,HC-LAR-1,True
409,HC-LAR-13,HC-LAR-5,False
409,HC-LAR-5,FL-LAR-13,False
409,VC-LAR-1,VC-LAR-1,True
409,VC-LAR-13,VC-LAR-13,True
409,VC-LAR-5,FL-LAR-1,False
410,FL-LAR-1,FL-LAR-13,False
410,FL-LAR-13,VC-LAR-1,False
410,FL-LAR-5,HC-LAR-13,False
410,HC-LAR-1,VC-LAR-13,False
410,HC-LAR-13,HC-LAR-1,False
410,HC-LAR-5,VC-LAR-5,False
410,VC-LAR-1,HC-LAR-5,False
410,VC-LAR-13,FL-LAR-1,False
410,VC-LAR-5,FL-LAR-5,False
411,FL-LAR-1,FL-LAR-13,False
411,FL-LAR-13,HC-LAR-13,False
411,FL-LAR-5,FL-LAR-5,True
411,HC-LAR-1,FL-LAR-1,False
411,HC-LAR-13,VC-LAR-13,False
411,HC-LAR-5,VC-LAR-1,False
411,VC-LAR-1,HC-LAR-1,False
411,VC-LAR-13,VC-LAR-5,False
411,VC-LAR-5,HC-LAR-5,False
412,FL-LAR-1,VC-LAR-13,False
412,FL-LAR-13,HC-LAR-13,False
412,FL-LAR-5,VC-LAR-1,False
412,HC-LAR-1,HC-LAR-1,True
412,HC-LAR-13,FL-LAR-13,False
412,HC-LAR-5,VC-LAR-5,False
412,VC-LAR-1,FL-LAR-1,False
412,VC-LAR-13,HC-LAR-5,False
412,VC-LAR-5,FL-LAR-5,False
413,FL-LAR-1,VC-LAR-5,False
413,FL-LAR-13,FL-LAR-5,False
413,FL-LAR-5,FL-LAR-13,False
413,HC-LAR-1,HC-LAR-1,True
413,HC-LAR-13,HC-LAR-5,False
413,HC-LAR-5,VC-LAR-13,False
413,VC-LAR-1,FL-LAR-1,False
413,VC-LAR-13,HC-LAR-13,False
413,VC-LAR-5,VC-LAR-1,False
414,FL-LAR-1,VC-LAR-5,False
414,FL-LAR-13,HC-LAR-13,False
414,FL-LAR-5,FL-LAR-13,False
414,HC-LAR-1,HC-LAR-1,True
414,HC-LAR-13,VC-LAR-13,False
414,HC-LAR-5,VC-LAR-1,False
414,VC-LAR-1,FL-LAR-1,False
414,VC-LAR-13,HC-LAR-5,False
414,VC-LAR-5,FL-LAR-5,False
415,FL-LAR-1,FL-LAR-1,True
415,FL-LAR-13,HC-LAR-13,False
415,FL-LAR-5,FL-LAR-5,True
415,HC-LAR-1,VC-LAR-5,False
415,HC-LAR-13,FL-LAR-13,False
415,HC-LAR-5,HC-LAR-5,True
415,VC-LAR-1,VC-LAR-1,True
415,VC-LAR-13,HC-LAR-1,False
415,VC-LAR-5,VC-LAR-13,False
416,FL-LAR-1,VC-LAR-13,False
416,FL-LAR-13,VC-LAR-5,False
416,FL-LAR-5,HC-LAR-13,False
416,HC-LAR-1,HC-LAR-1,True
416,HC-LAR-13,VC-LAR-1,False
416,HC-LAR-5,FL-LAR-13,False
416,VC-LAR-1,FL-LAR-5,False
416,VC-LAR-13,HC-LAR-5,False
416,VC-LAR-5,FL-LAR-1,False
417,FL-LAR-1,VC-LAR-13,False
417,FL-LAR-13,FL-LAR-5,False
417,FL-LAR-5,VC-LAR-5,False
417,HC-LAR-1,HC-LAR-13,False
417,HC-LAR-13,HC-LAR-5,False
417,HC-LAR-5,HC-LAR-1,False
417,VC-LAR-1,VC-LAR-1,True
417,VC-LAR-13,FL-LAR-13,False
417,VC-LAR-5,FL-LAR-1,False
418,FL-LAR-1,FL-LAR-1,True
418,FL-LAR-13,HC-LAR-1,False
418,FL-LAR-5,HC-LAR-13,False
418,HC-LAR-1,VC-LAR-1,False
418,HC-LAR-13,FL-LAR-13,False
418,HC-LAR-5,VC-LAR-5,False
418,VC-LAR-1,VC-LAR-13,False
418,VC-LAR-13,FL-LAR-5,False
418,VC-LAR-5,HC-LAR-5,False
419,FL-LAR-1,HC-LAR-1,False
419,FL-LAR-13,FL-LAR-1,False
419,FL-LAR-5,HC-LAR-13,False
419,HC-LAR-1,VC-LAR-13,False
419,HC-LAR-13,VC-LAR-1,False
419,HC-LAR-5,FL-LAR-13,False
419,VC-LAR-1,VC-LAR-5,False
419,VC-LAR-13,HC-LAR-5,False
419,VC-LAR-5,FL-LAR-5,False
420,FL-LAR-1,VC-LAR-5,False
420,FL-LAR-13,HC-LAR-5,False
420,FL-LAR-5,HC-LAR-1,False
420,HC-LAR-1,VC-LAR-1,False
420,HC-LAR-13,FL-LAR-13,False
420,HC-LAR-5,HC-LAR-13,False
420,VC-LAR-1,FL-LAR-5,False
420,VC-LAR-13,VC-LAR-13,True
420,VC-LAR-5,FL-LAR-1,False
421,FL-LAR-1,VC-LAR-1,False
421,FL-LAR-13,HC-LAR-13,False
421,FL-LAR-5,VC-LAR-5,False
421,HC-LAR-1,FL-LAR-13,False
421,HC-LAR-13,HC-LAR-5,False
421,HC-LAR-5,VC-LAR-13,False
421,VC-LAR-1,FL-LAR-5,False
421,VC-LAR-13,FL-LAR-1,False
421,VC-LAR-5,HC-LAR-1,False
422,FL-LAR-1,HC-LAR-5,False
422,FL-LAR-13,HC-LAR-1,False
422,FL-LAR-5,HC-LAR-13,False
422,HC-LAR-1,VC-LAR-1,False
422,HC-LAR-13,VC-LAR-5,False
422,HC-LAR-5,FL-LAR-13,False
422,VC-LAR-1,FL-LAR-1,False
422,VC-LAR-13,FL-LAR-5,False
422,VC-LAR-5,VC-LAR-13,False
423,FL-LAR-1,VC-LAR-5,False
423,FL-LAR-13,HC-LAR-1,False
423,FL-LAR-5,VC-LAR-13,False
423,HC-LAR-1,HC-LAR-13,False
423,HC-LAR-13,VC-LAR-1,False
423,HC-LAR-5,FL-LAR-1,False
423,VC-LAR-1,FL-LAR-13,False
423,VC-LAR-13,HC-LAR-5,False
423,VC-LAR-5,FL-LAR-5,False
424,FL-LAR-1,VC-LAR-1,False
424,FL-LAR-13,FL-LAR-1,False
424,FL-LAR-5,VC-LAR-5,False
424,HC-LAR-1,VC-LAR-13,False
424,HC-LAR-13,HC-LAR-5,False
424,HC-LAR-5,FL-LAR-5,False
424,VC-LAR-1,FL-LAR-13,False
424,VC-LAR-13,HC-LAR-13,False
424,VC-LAR-5,HC-LAR-1,False
425,FL-LAR-1,HC-LAR-13,False
425,FL-LAR-13,VC-LAR-1,False
425,FL-LAR-5,HC-LAR-1,False
425,HC-LAR-1,FL-LAR-5,False
425,HC-LAR-13,FL-LAR-1,False
425,HC-LAR-5,FL-LAR-13,False
425,VC-LAR-1,HC-LAR-5,False
425,VC-LAR-13,VC-LAR-13,True
425,VC-LAR-5,VC-LAR-5,True
426,FL-LAR-1,HC-LAR-5,False
426,FL-LAR-13,FL-LAR-1,False
426,FL-LAR-5,VC-LAR-5,False
426,HC-LAR-1,VC-LAR-13,False
426,HC-LAR-13,VC-LAR-1,False
426,HC-LAR-5,HC-LAR-1,False
426,VC-LAR-1,HC-LAR-13,False
426,VC-LAR-13,FL-LAR-5,False
426,VC-LAR-5,FL-LAR-13,False
427,FL-LAR-1,HC-LAR-13,False
427,FL-LAR-13,HC-LAR-1,False
427,FL-LAR-5,FL-LAR-13,False
427,HC-LAR-1,VC-LAR-1,False
427,HC-LAR-13,VC-LAR-13,False
427,HC-LAR-5,FL-LAR-1,False
427,VC-LAR-1,HC-LAR-5,False
427,VC-LAR-13,FL-LAR-5,False
427,VC-LAR-5,VC-LAR-5,True
428,FL-LAR-1,HC-LAR-5,False
428,FL-LAR-13,VC-LAR-13,False
428,FL-LAR-5,FL-LAR-5,True
428,HC-LAR-1,VC-LAR-1,False
428,HC-LAR-13,HC-LAR-1,False
428,HC-LAR-5,HC-LAR-13,False
428,VC-LAR-1,VC-LAR-5,False
428,VC-LAR-13,FL-LAR-1,False
428,VC-LAR-5,FL-LAR-13,False
429,FL-LAR-1,VC-LAR-5,False
429,FL-LAR-13,HC-LAR-5,False
429,FL-LAR-5,VC-LAR-13,False
429,HC-LAR-1,FL-LAR-5,False
429,HC-LAR-13,HC-LAR-1,False
429,HC-LAR-5,VC-LAR-1,False
429,VC-LAR-1,FL-LAR-13,False
429,VC-LAR-13,HC-LAR-13,False
429,VC-LAR-5,FL-LAR-1,False
430,FL-LAR-1,FL-LAR-13,False
430,FL-LAR-13,HC-LAR-13,False
430,FL-LAR-5,FL-LAR-1,False
430,HC-LAR-1,VC-LAR-13,False
430,HC-LAR-13,HC-LAR-1,False
430,HC-LAR-5,HC-LAR-5,True
430,VC-LAR-1,VC-LAR-5,False
430,VC-LAR-13,VC-LAR-1,False
430,VC-LAR-5,FL-LAR-5,False
431,FL-LAR-1,FL-LAR-13,False
431,FL-LAR-13,HC-LAR-13,False
431,FL-LAR-5,HC-LAR-1,False
431,HC-LAR-1,FL-LAR-1,False
431,HC-LAR-13,HC-LAR-5,False
431,HC-LAR-5,VC-LAR-5,False
431,VC-LAR-1,VC-LAR-1,True
431,VC-LAR-13,VC-LAR-13,True
431,VC-LAR-5,FL-LAR-5,False
432,FL-LAR-1,HC-LAR-5,False
432,FL-LAR-13,FL-LAR-13,True
432,FL-LAR-5,VC-LAR-1,False
432,HC-LAR-1,FL-LAR-1,False
432,HC-LAR-13,VC-LAR-5,False
432,HC-LAR-5,FL-LAR-5,False
432,VC-LAR-1,VC-LAR-13,False
432,VC-LAR-13,HC-LAR-13,False
432,VC-LAR-5,HC-LAR-1,False
433,FL-LAR-1,FL-LAR-13,False
433,FL-LAR-13,FL-LAR-1,False
433,FL-LAR-5,VC-LAR-13,False
433,HC-LAR-1,HC-LAR-1,True
433,HC-LAR-13,HC-LAR-5,False
433,HC-LAR-5,HC-LAR-13,False
433,VC-LAR-1,VC-LAR-5,False
433,VC-LAR-13,FL-LAR-5,False
433,VC-LAR-5,VC-LAR-1,False
434,FL-LAR-1,VC-LAR-1,False
434,FL-LAR-13,HC-LAR-5,False
434,FL-LAR-5,FL-LAR-1,False
434,HC-LAR-1,VC-LAR-5,False
434,HC-LAR-13,HC-LAR-13,True
434,HC-LAR-5,FL-LAR-5,False
434,VC-LAR-1,FL-LAR-13,False
434,VC-LAR-13,HC-LAR-1,False
434,VC-LAR-5,VC-LAR-13,False
435,FL-LAR-1,VC-LAR-13,False
435,FL-LAR-13,VC-LAR-5,False
435,FL-LAR-5,VC-LAR-1,False
435,HC-LAR-1,FL-LAR-13,False
435,HC-LAR-13,FL-LAR-1,False
435,HC-LAR-5,HC-LAR-1,False
435,VC-LAR-1,HC-LAR-5,False
435,VC-LAR-13,FL-LAR-5,False
435,VC-LAR-5,HC-LAR-13,False
436,FL-LAR-1,HC-LAR-1,False
436,FL-LAR-13,HC-LAR-13,False
436,FL-LAR-5,FL-LAR-1,False
436,HC-LAR-1,FL-LAR-5,False
436,HC-LAR-13,VC-LAR-5,False
436,HC-LAR-5,HC-LAR-5,True
436,VC-LAR-1,VC-LAR-13,False
436,VC-LAR-13,FL-LAR-13,False
436,VC-LAR-5,VC-LAR-1,False
437,FL-LAR-1,FL-LAR-1,True
437,FL-LAR-13,VC-LAR-1,False
437,FL-LAR-5,HC-LAR-5,False
437,HC-LAR-1,VC-LAR-5,False
437,HC-LAR-13,HC-LAR-13,True
437,HC-LAR-5,FL-LAR-5,False
437,VC-LAR-1,HC-LAR-1,False
437,VC-LAR-13,VC-LAR-13,True
437,VC-LAR-5,FL-LAR-13,False
438,FL-LAR-1,FL-LAR-5,False
438,FL-LAR-13,VC-LAR-5,False
438,FL-LAR-5,HC-LAR-5,False
438,HC-LAR-1,HC-LAR-13,False
438,HC-LAR-13,FL-LAR-13,False
438,HC-LAR-5,VC-LAR-13,False
438,VC-LAR-1,HC-LAR-1,False
438,VC-LAR-13,VC-LAR-1,False
438,VC-LAR-5,FL-LAR-1,False
439,FL-LAR-1,HC-LAR-13,False
439,FL-LAR-13,VC-LAR-1,False
439,FL-LAR-5,FL-LAR-13,False
439,HC-LAR-1,FL-LAR-5,False
439,HC-LAR-13,HC-LAR-1,False
439,HC-LAR-5,VC-LAR-13,False
439,VC-LAR-1,HC-LAR-5,False
439,VC-LAR-13,VC-LAR-5,False
439,VC-LAR-5,FL-LAR-1,False
440,FL-LAR-1,VC-LAR-5,False
440,FL-LAR-13,VC-LAR-1,False
440,FL-LAR-5,HC-LAR-1,False
440,HC-LAR-1,VC-LAR-13,False
440,HC-LAR-13,FL-LAR-5,False
440,HC-LAR-5,FL-LAR-13,False
440,VC-LAR-1,HC-LAR-13,False
440,VC-LAR-13,FL-LAR-1,False
440,VC-LAR-5,HC-LAR-5,False
441,FL-LAR-1,FL-LAR-13,False
441,FL-LAR-13,HC-LAR-5,False
441,FL-LAR-5,FL-LAR-5,True
441,HC-LAR-1,VC-LAR-5,False
441,HC-LAR-13,VC-LAR-13,False
441,HC-LAR-5,HC-LAR-13,False
441,VC-LAR-1,VC-LAR-1,True
441,VC-LAR-13,HC-LAR-1,False
441,VC-LAR-5,FL-LAR-1,False
442,FL-LAR-1,VC-LAR-1,False
442,FL-LAR-13,HC-LAR-1,False
442,FL-LAR-5,FL-LAR-5,True
442,HC-LAR-1,FL-LAR-13,False
442,HC-LAR-13,HC-LAR-13,True
442,HC-LAR-5,VC-LAR-13,False
442,VC-LAR-1,FL-LAR-1,False
442,VC-LAR-13,VC-LAR-5,False
442,VC-LAR-5,HC-LAR-5,False
443,FL-LAR-1,VC-LAR-13,False
443,FL-LAR-13,VC-LAR-1,False
443,FL-LAR-5,FL-LAR-5,True
443,HC-LAR-1,HC-LAR-5,False
443,HC-LAR-13,VC-LAR-5,False
443,HC-LAR-5,FL-LAR-13,False
443,VC-LAR-1,HC-LAR-13,False
443,VC-LAR-13,FL-LAR-1,False
443,VC-LAR-5,HC-LAR-1,False
444,FL-LAR-1,HC-LAR-5,False
444,FL-LAR-13,FL-LAR-5,False
444,FL-LAR-5,FL-LAR-13,False
444,HC-LAR-1,HC-LAR-1,True
444,HC-LAR-13,VC-LAR-5,False
444,HC-LAR-5,FL-LAR-1,False
444,VC-LAR-1,VC-LAR-13,False
444,VC-LAR-13,HC-LAR-13,False
444,VC-LAR-5,VC-LAR-1,False
445,FL-LAR-1,FL-LAR-13,False
445,FL-LAR-13,HC-LAR-5,False
445,FL-LAR-5,FL-LAR-5,True
445,HC-LAR-1,FL-LAR-1,False
445,HC-LAR-13,HC-LAR-1,False
445,HC-LAR-5,VC-LAR-5,False
445,VC-LAR-1,VC-LAR-13,False
445,VC-LAR-13,VC-LAR-1,False
445,VC-LAR-5,HC-LAR-13,False
446,FL-LAR-1,FL-LAR-13,False
446,FL-LAR-13,HC-LAR-13,False
446,FL-LAR-5,HC-LAR-1,False
446,HC-LAR-1,HC-LAR-5,False
446,HC-LAR-13,FL-LAR-5,False
446,HC-LAR-5,VC-LAR-5,False
446,VC-LAR-1,VC-LAR-1,True
446,VC-LAR-13,FL-LAR-1,False
446,VC-LAR-5,VC-LAR-13,False
447,FL-LAR-1,VC-LAR-5,False
447,FL-LAR-13,HC-LAR-5,False
447,FL-LAR-5,VC-LAR-1,False
447,HC-LAR-1,VC-LAR-13,False
447,HC-LAR-13,HC-LAR-1,False
447,HC-LAR-5,FL-LAR-1,False
447,VC-LAR-1,FL-LAR-13,False
447,VC-LAR-13,HC-LAR-13,False
447,VC-LAR-5,FL-LAR-5,False
448,FL-LAR-1,HC-LAR-13,False
448,FL-LAR-13,HC-LAR-1,False
448,FL-LAR-5,HC-LAR-5,False
448,HC-LAR-1,FL-LAR-5,False
448,HC-LAR-13,VC-LAR-13,False
448,HC-LAR-5,FL-LAR-13,False
448,VC-LAR-1,VC-LAR-5,False
448,VC-LAR-13,FL-LAR-1,False
448,VC-LAR-5,VC-LAR-1,False
449,FL-LAR-1,VC-LAR-1,False
449,FL-LAR-13,HC-LAR-1,False
449,FL-LAR-5,FL-LAR-1,False
449,HC-LAR-1,FL-LAR-5,False
449,HC-LAR-13,FL-LAR-13,False
449,HC-LAR-5,HC-LAR-13,False
449,VC-LAR-1,HC-LAR-5,False
449,VC-LAR-13,VC-LAR-5,False
449,VC-LAR-5,VC-LAR-13,False
450,FL-LAR-1,VC-LAR-1,False
450,FL-LAR-13,VC-LAR-13,False
450,FL-LAR-5,FL-LAR-5,True
450,HC-LAR-1,FL-LAR-1,False
450,HC-LAR-13,HC-LAR-13,True
450,HC-LAR-5,HC-LAR-5,True
450,VC-LAR-1,VC-LAR-5,False
450,VC-LAR-13,HC-LAR-1,False
450,VC-LAR-5,FL-LAR-13,False
451,FL-LAR-1,VC-LAR-5,False
451,FL-LAR-13,FL-LAR-13,True
451,FL-LAR-5,FL-LAR-5,True
451,HC-LAR-1,HC-LAR-13,False
451,HC-LAR-13,VC-LAR-1,False
451,HC-LAR-5,HC-LAR-5,True
451,VC-LAR-1,HC-LAR-1,False
451,VC-LAR-13,VC-LAR-13,True
451,VC-LAR-5,FL-LAR-1,False
452,FL-LAR-1,VC-LAR-13,False
452,FL-LAR-13,HC-LAR-13,False
452,FL-LAR-5,FL-LAR-13,False
452,HC-LAR-1,FL-LAR-5,False
452,HC-LAR-13,VC-LAR-5,False
452,HC-LAR-5,VC-LAR-1,False
452,VC-LAR-1,HC-LAR-5,False
452,VC-LAR-13,FL-LAR-1,False
452,VC-LAR-5,HC-LAR-1,False
453,FL-LAR-1,VC-LAR-13,False
453,FL-LAR-13,FL-LAR-1,False
453,FL-LAR-5,VC-LAR-1,False
453,HC-LAR-1,FL-LAR-5,False
453,HC-LAR-13,HC-LAR-1,False
453,HC-LAR-5,HC-LAR-5,True
453,VC-LAR-1,FL-LAR-13,False
453,VC-LAR-13,HC-LAR-13,False
453,VC-LAR-5,VC-LAR-5,True
454,FL-LAR-1,HC-LAR-13,False
454,FL-LAR-13,FL-LAR-1,False
454,FL-LAR-5,VC-LAR-13,False
454,HC-LAR-1,VC-LAR-1,False
454,HC-LAR-13,FL-LAR-5,False
454,HC-LAR-5,HC-LAR-5,True
454,VC-LAR-1,HC-LAR-1,False
454,VC-LAR-13,VC-LAR-5,False
454,VC-LAR-5,FL-LAR-13,False
455,FL-LAR-1,VC-LAR-1,False
455,FL-LAR-13,FL-LAR-1,False
455,FL-LAR-5,VC-LAR-5,False
455,HC-LAR-1,HC-LAR-5,False
455,HC-LAR-13,FL-LAR-5,False
455,HC-LAR-5,HC-LAR-13,False
455,VC-LAR-1,FL-LAR-13,False
455,VC-LAR-13,VC-LAR-13,True
455,VC-LAR-5,HC-LAR-1,False
456,FL-LAR-1,FL-LAR-13,False
456,FL-LAR-13,HC-LAR-13,False
456,FL-LAR-5,HC-LAR-5,False
456,HC-LAR-1,HC-LAR-1,True
456,HC-LAR-13,FL-LAR-1,False
456,HC-LAR-5,VC-LAR-5,False
456,VC-LAR-1,VC-LAR-1,True
456,VC-LAR-13,VC-LAR-13,True
456,VC-LAR-5,FL-LAR-5,False
457,FL-LAR-1,VC-LAR-1,False
457,FL-LAR-13,HC-LAR-13,False
457,FL-LAR-5,HC-LAR-5,False
457,HC-LAR-1,FL-LAR-1,False
457,HC-LAR-13,HC-LAR-1,False
457,HC-LAR-5,FL-LAR-5,False
457,VC-LAR-1,VC-LAR-13,False
457,VC-LAR-13,VC-LAR-5,False
457,VC-LAR-5,FL-LAR-13,False
458,FL-LAR-1,VC-LAR-1,False
458,FL-LAR-13,VC-LAR-5,False
458,FL-LAR-5,FL-LAR-13,False
458,HC-LAR-1,HC-LAR-1,True
458,HC-LAR-13,HC-LAR-5,False
458,HC-LAR-5,FL-LAR-1,False
458,VC-LAR-1,FL-LAR-5,False
458,VC-LAR-13,HC-LAR-13,False
458,VC-LAR-5,VC-LAR-13,False
459,FL-LAR-1,FL-LAR-1,True
459,FL-LAR-13,VC-LAR-1,False
459,FL-LAR-5,HC-LAR-13,False
459,HC-LAR-1,FL-LAR-5,False
459,HC-LAR-13,HC-LAR-5,False
459,HC-LAR-5,VC-LAR-13,False
459,VC-LAR-1,FL-LAR-13,False
459,VC-LAR-13,VC-LAR-5,False
459,VC-LAR-5,HC-LAR-1,False
460,FL-LAR-1,FL-LAR-13,False
460,FL-LAR-13,VC-LAR-5,False
460,FL-LAR-5,HC-LAR-5,False
460,HC-LAR-1,HC-LAR-13,False
460,HC-LAR-13,HC-LAR-1,False
460,HC-LAR-5,VC-LAR-1,False
460,VC-LAR-1,VC-LAR-13,False
460,VC-LAR-13,FL-LAR-5,False
460,VC-LAR-5,FL-LAR-1,False
461,FL-LAR-1,FL-LAR-13,False
461,FL-LAR-13,VC-LAR-1,False
461,FL-LAR-5,VC-LAR-5,False
461,HC-LAR-1,FL-LAR-1,False
461,HC-LAR-13,HC-LAR-5,False
461,HC-LAR-5,FL-LAR-5,False
461,VC-LAR-1,HC-LAR-1,False
461,VC-LAR-13,VC-LAR-13,True
461,VC-LAR-5,HC-LAR-13,False
462,FL-LAR-1,VC-LAR-5,False
462,FL-LAR-13,FL-LAR-13,True
462,FL-LAR-5,FL-LAR-1,False
462,HC-LAR-1,HC-LAR-5,False
462,HC-LAR-13,VC-LAR-1,False
462,HC-LAR-5,HC-LAR-13,False
462,VC-LAR-1,VC-LAR-13,False
462,VC-LAR-13,FL-LAR-5,False
462,VC-LAR-5,HC-LAR-1,False
463,FL-LAR-1,VC-LAR-13,False
463,FL-LAR-13,FL-LAR-5,False
463,FL-LAR-5,HC-LAR-5,False
463,HC-LAR-1,FL-LAR-1,False
463,HC-LAR-13,HC-LAR-13,True
463,HC-LAR-5,VC-LAR-1,False
463,VC-LAR-1,VC-LAR-5,False
463,VC-LAR-13,FL-LAR-13,False
463,VC-LAR-5,HC-LAR-1,False
464,FL-LAR-1,HC-LAR-5,False
464,FL-LAR-13,FL-LAR-5,False
464,FL-LAR-5,VC-LAR-5,False
464,HC-LAR-1,VC-LAR-1,False
464,HC-LAR-13,VC-LAR-13,False
464,HC-LAR-5,FL-LAR-1,False
464,VC-LAR-1,HC-LAR-13,False
464,VC-LAR-13,HC-LAR-1,False
464,VC-LAR-5,FL-LAR-13,False
465,FL-LAR-1,VC-LAR-13,False
465,FL-LAR-13,HC-LAR-5,False
465,FL-LAR-5,FL-LAR-13,False
465,HC-LAR-1,HC-LAR-1,True
465,HC-LAR-13,VC-LAR-5,False
465,HC-LAR-5,FL-LAR-1,False
465,VC-LAR-1,HC-LAR-13,False
465,VC-LAR-13,VC-LAR-1,False
465,VC-LAR-5,FL-LAR-5,False
466,FL-LAR-1,FL-LAR-1,True
466,FL-LAR-13,VC-LAR-1,False
466,FL-LAR-5,VC-LAR-5,False
466,HC-LAR-1,HC-LAR-1,True
466,HC-LAR-13,HC-LAR-5,False
466,HC-LAR-5,FL-LAR-5,False
466,VC-LAR-1,VC-LAR-13,False
466,VC-LAR-13,HC-LAR-13,False
466,VC-LAR-5,FL-LAR-13,False
467,FL-LAR-1,HC-LAR-13,False
467,FL-LAR-13,FL-LAR-13,True
467,FL-LAR-5,HC-LAR-5,False
467,HC-LAR-1,HC-LAR-1,True
467,HC-LAR-13,VC-LAR-1,False
467,HC-LAR-5,VC-LAR-5,False
467,VC-LAR-1,FL-LAR-1,False
467,VC-LAR-13,FL-LAR-5,False
467,VC-LAR-5,VC-LAR-13,False
468,FL-LAR-1,HC-LAR-5,False
468,FL-LAR-13,VC-LAR-5,False
468,FL-LAR-5,VC-LAR-13,False
468,HC-LAR-1,HC-LAR-13,False
468,HC-LAR-13,FL-LAR-1,False
468,HC-LAR-5,VC-LAR-1,False
468,VC-LAR-1,FL-LAR-5,False
468,VC-LAR-13,HC-LAR-1,False
468,VC-LAR-5,FL-LAR-13,False
469,FL-LAR-1,VC-LAR-1,False
469,FL-LAR-13,VC-LAR-5,False
469,FL-LAR-5,VC-LAR-13,False
469,HC-LAR-1,FL-LAR-13,False
469,HC-LAR-13,FL-LAR-5,False
469,HC-LAR-5,HC-LAR-1,False
469,VC-LAR-1,HC-LAR-13,False
469,VC-LAR-13,HC-LAR-5,False
469,VC-LAR-5,FL-LAR-1,False
470,FL-LAR-1,VC-LAR-5,False
470,FL-LAR-13,VC-LAR-13,False
470,FL-LAR-5,HC-LAR-1,False
470,HC-LAR-1,HC-LAR-13,False
470,HC-LAR-13,FL-LAR-5,False
470,HC-LAR-5,HC-LAR-5,True
470,VC-LAR-1,FL-LAR-13,False
470,VC-LAR-13,FL-LAR-1,False
470,VC-LAR-5,VC-LAR-1,False
471,FL-LAR-1,VC-LAR-13,False
471,FL-LAR-13,HC-LAR-13,False
471,FL-LAR-5,HC-LAR-1,False
471,HC-LAR-1,FL-LAR-13,False
471,HC-LAR-13,VC-LAR-1,False
471,HC-LAR-5,HC-LAR-5,True
471,VC-LAR-1,VC-LAR-5,False
471,VC-LAR-13,FL-LAR-5,False
471,VC-LAR-5,FL-LAR-1,False
472,FL-LAR-1,VC-LAR-13,False
472,FL-LAR-13,HC-LAR-5,False
472,FL-LAR-5,HC-LAR-1,False
472,HC-LAR-1,HC-LAR-13,False
472,HC-LAR-13,VC-LAR-5,False
472,HC-LAR-5,FL-LAR-5,False
472,VC-LAR-1,FL-LAR-1,False
472,VC-LAR-13,VC-LAR-1,False
472,VC-LAR-5,FL-LAR-13,False
473,FL-LAR-1,FL-LAR-1,True
473,FL-LAR-13,FL-LAR-13,True
473,FL-LAR-5,HC-LAR-1,False
473,HC-LAR-1,VC-LAR-5,False
473,HC-LAR-13,VC-LAR-1,False
473,HC-LAR-5,FL-LAR-5,False
473,VC-LAR-1,HC-LAR-13,False
473,VC-LAR-13,HC-LAR-5,False
473,VC-LAR-5,VC-LAR-13,False
474,FL-LAR-1,VC-LAR-13,False
474,FL-LAR-13,HC-LAR-13,False
474,FL-LAR-5,FL-LAR-13,False
474,HC-LAR-1,VC-LAR-1,False
474,HC-LAR-13,VC-LAR-5,False
474,HC-LAR-5,FL-LAR-5,False
474,VC-LAR-1,FL-LAR-1,False
474,VC-LAR-13,HC-LAR-5,False
474,VC-LAR-5,HC-LAR-1,False
475,FL-LAR-1,FL-LAR-1,True
475,FL-LAR-13,VC-LAR-13,False
475,FL-LAR-5,HC-LAR-13,False
475,HC-LAR-1,HC-LAR-5,False
475,HC-LAR-13,VC-LAR-1,False
475,HC-LAR-5,FL-LAR-13,False
475,VC-LAR-1,VC-LAR-5,False
475,VC-LAR-13,FL-LAR-5,False
475,VC-LAR-5,HC-LAR-1,False
476,FL-LAR-1,FL-LAR-5,False
476,FL-LAR-13,HC-LAR-5,False
476,FL-LAR-5,HC-LAR-1,False
476,HC-LAR-1,HC-LAR-13,False
476,HC-LAR-13,VC-LAR-13,False
476,HC-LAR-5,FL-LAR-1,False
476,VC-LAR-1,VC-LAR-5,False
476,VC-LAR-13,FL-LAR-13,False
476,VC-LAR-5,VC-LAR-1,False
477,FL-LAR-1,FL-LAR-5,False
477,FL-LAR-13,VC-LAR-5,False
477,FL-LAR-5,FL-LAR-1,False
477,HC-LAR-1,HC-LAR-1,True
477,HC-LAR-13,FL-LAR-13,False
477,HC-LAR-5,HC-LAR-5,True
477,VC-LAR-1,VC-LAR-13,False
477,VC-LAR-13,HC-LAR-13,False
477,VC-LAR-5,VC-LAR-1,False
478,FL-LAR-1,HC-LAR-13,False
478,FL-LAR-13,HC-LAR-1,False
478,FL-LAR-5,VC-LAR-5,False
478,HC-LAR-1,FL-LAR-1,False
478,HC-LAR-13,FL-LAR-5,False
478,HC-LAR-5,VC-LAR-1,False
478,VC-LAR-1,FL-LAR-13,False
478,VC-LAR-13,VC-LAR-13,True
478,VC-LAR-5,HC-LAR-5,False
479,FL-LAR-1,HC-LAR-1,False
479,FL-LAR-13,HC-LAR-5,False
479,FL-LAR-5,HC-LAR-13,False
479,HC-LAR-1,FL-LAR-13,False
479,HC-LAR-13,VC-LAR-5,False
479,HC-LAR-5,VC-LAR-13,False
479,VC-LAR-1,FL-LAR-5,False
479,VC-LAR-13,FL-LAR-1,False
479,VC-LAR-5,VC-LAR-1,False
480,FL-LAR-1,VC-LAR-13,False
480,FL-LAR-13,VC-LAR-1,False
480,FL-LAR-5,FL-LAR-1,False
480,HC-LAR-1,HC-LAR-1,True
480,HC-LAR-13,VC-LAR-5,False
480,HC-LAR-5,FL-LAR-5,False
480,VC-LAR-1,HC-LAR-13,False
480,VC-LAR-13,HC-LAR-5,False
480,VC-LAR-5,FL-LAR-13,False
481,FL-LAR-1,VC-LAR-1,False
481,FL-LAR-13,HC-LAR-5,False
481,FL-LAR-5,HC-LAR-1,False
481,HC-LAR-1,FL-LAR-1,False
481,HC-LAR-13,FL-LAR-5,False
481,HC-LAR-5,HC-LAR-13,False
481,VC-LAR-1,VC-LAR-13,False
481,VC-LAR-13,FL-LAR-13,False
481,VC-LAR-5,VC-LAR-5,True
482,FL-LAR-1,VC-LAR-13,False
482,FL-LAR-13,HC-LAR-1,False
482,FL-LAR-5,HC-LAR-5,False
482,HC-LAR-1,HC-LAR-13,False
482,HC-LAR-13,FL-LAR-13,False
482,HC-LAR-5,FL-LAR-5,False
482,VC-LAR-1,VC-LAR-5,False
482,VC-LAR-13,VC-LAR-1,False
482,VC-LAR-5,FL-LAR-1,False
483,FL-LAR-1,VC-LAR-5,False
483,FL-LAR-13,FL-LAR-13,True
483,FL-LAR-5,FL-LAR-1,False
483,HC-LAR-1,FL-LAR-5,False
483,HC-LAR-13,HC-LAR-1,False
483,HC-LAR-5,HC-LAR-13,False
483,VC-LAR-1,VC-LAR-13,False
483,VC-LAR-13,VC-LAR-1,False
483,VC-LAR-5,HC-LAR-5,False
484,FL-LAR-1,VC-LAR-5,False
484,FL-LAR-13,FL-LAR-13,True
484,FL-LAR-5,FL-LAR-5,True
484,HC-LAR-1,VC-LAR-1,False
484,HC-LAR-13,FL-LAR-1,False
484,HC-LAR-5,VC-LAR-13,False
484,VC-LAR-1,HC-LAR-1,False
484,VC-LAR-13,HC-LAR-13,False
484,VC-LAR-5,HC-LAR-5,False
485,FL-LAR-1,FL-LAR-1,True
485,FL-LAR-13,VC-LAR-1,False
485,FL-LAR-5,VC-LAR-13,False
485,HC-LAR-1,HC-LAR-5,False
485,HC-LAR-13,HC-LAR-13,True
485,HC-LAR-5,FL-LAR-5,False
485,VC-LAR-1,HC-LAR-1,False
485,VC-LAR-13,FL-LAR-13,False
485,VC-LAR-5,VC-LAR-5,True
486,FL-LAR-1,VC-LAR-1,False
486,FL-LAR-13,HC-LAR-13,False
486,FL-LAR-5,FL-LAR-5,True
486,HC-LAR-1,VC-LAR-5,False
486,HC-LAR-13,HC-LAR-1,False
486,HC-LAR-5,VC-LAR-13,False
486,VC-LAR-1,HC-LAR-5,False
486,VC-LAR-13,FL-LAR-1,False
486,VC-LAR-5,FL-LAR-13,False
487,FL-LAR-1,HC-LAR-5,False
487,FL-LAR-13,FL-LAR-1,False
487,FL-LAR-5,VC-LAR-13,False
487,HC-LAR-1,VC-LAR-1,False
487,HC-LAR-13,VC-LAR-5,False
487,HC-LAR-5,FL-LAR-5,False
487,VC-LAR-1,HC-LAR-1,False
487,VC-LAR-13,FL-LAR-13,False
487,VC-LAR-5,HC-LAR-13,False
488,FL-LAR-1,HC-LAR-13,False
488,FL-LAR-13,FL-LAR-13,True
488,FL-LAR-5,HC-LAR-5,False
488,HC-LAR-1,FL-LAR-1,False
488,HC-LAR-13,VC-LAR-5,False
488,HC-LAR-5,FL-LAR-5,False
488,VC-LAR-1,VC-LAR-1,True
488,VC-LAR-13,VC-LAR-13,True
488,VC-LAR-5,HC-LAR-1,False
489,FL-LAR-1,FL-LAR-5,False
489,FL-LAR-13,HC-LAR-5,False
489,FL-LAR-5,HC-LAR-1,False
489,HC-LAR-1,VC-LAR-5,False
489,HC-LAR-13,VC-LAR-1,False
489,HC-LAR-5,FL-LAR-1,False
489,VC-LAR-1,HC-LAR-13,False
489,VC-LAR-13,VC-LAR-13,True
489,VC-LAR-5,FL-LAR-13,False
490,FL-LAR-1,HC-LAR-1,False
490,FL-LAR-13,VC-LAR-13,False
490,FL-LAR-5,HC-LAR-13,False
490,HC-LAR-1,FL-LAR-1,False
490,HC-LAR-13,VC-LAR-1,False
490,HC-LAR-5,HC-LAR-5,True
490,VC-LAR-1,FL-LAR-13,False
490,VC-LAR-13,FL-LAR-5,False
490,VC-LAR-5,VC-LAR-5,True
491,FL-LAR-1,HC-LAR-13,False
491,FL-LAR-13,VC-LAR-1,False
491,FL-LAR-5,VC-LAR-5,False
491,HC-LAR-1,HC-LAR-5,False
491,HC-LAR-13,HC-LAR-1,False
491,HC-LAR-5,FL-LAR-13,False
491,VC-LAR-1,FL-LAR-1,False
491,VC-LAR-13,FL-LAR-5,False
491,VC-LAR-5,VC-LAR-13,False
492,FL-LAR-1,HC-LAR-1,False
492,FL-LAR-13,HC-LAR-5,False
492,FL-LAR-5,HC-LAR-13,False
492,HC-LAR-1,FL-LAR-5,False
492,HC-LAR-13,FL-LAR-1,False
492,HC-LAR-5,VC-LAR-1,False
492,VC-LAR-1,VC-LAR-13,False
492,VC-LAR-13,VC-LAR-5,False
492,VC-LAR-5,FL-LAR-13,False
493,FL-LAR-1,FL-LAR-13,False
493,FL-LAR-13,HC-LAR-5,False
493,FL-LAR-5,FL-LAR-1,False
493,HC-LAR-1,HC-LAR-1,True
493,HC-LAR-13,VC-LAR-13,False
493,HC-LAR-5,HC-LAR-13,False
493,VC-LAR-1,FL-LAR-5,False
493,VC-LAR-13,VC-LAR-5,False
493,VC-LAR-5,VC-LAR-1,False
494,FL-LAR-1,HC-LAR-13,False
494,FL-LAR-13,FL-LAR-5,False
494,FL-LAR-5,HC-LAR-5,False
494,HC-LAR-1,HC-LAR-1,True
494,HC-LAR-13,VC-LAR-5,False
494,HC-LAR-5,FL-LAR-1,False
494,VC-LAR-1,VC-LAR-13,False
494,VC-LAR-13,VC-LAR-1,False
494,VC-LAR-5,FL-LAR-13,False
495,FL-LAR-1,FL-LAR-5,False
495,FL-LAR-13,VC-LAR-5,False
495,FL-LAR-5,FL-LAR-13,False
495,HC-LAR-1,HC-LAR-1,True
495,HC-LAR-13,FL-LAR-1,False
495,HC-LAR-5,HC-LAR-13,False
495,VC-LAR-1,VC-LAR-1,True
495,VC-LAR-13,HC-LAR-5,False
495,VC-LAR-5,VC-LAR-13,False
496,FL-LAR-1,FL-LAR-1,True
496,FL-LAR-13,VC-LAR-1,False
496,FL-LAR-5,FL-LAR-5,True
496,HC-LAR-1,VC-LAR-5,False
496,HC-LAR-13,VC-LAR-13,False
496,HC-LAR-5,HC-LAR-13,False
496,VC-LAR-1,HC-LAR-5,False
496,VC-LAR-13,FL-LAR-13,False
496,VC-LAR-5,HC-LAR-1,False
497,FL-LAR-1,FL-LAR-5,False
497,FL-LAR-13,HC-LAR-5,False
497,FL-LAR-5,VC-LAR-13,False
497,HC-LAR-1,HC-LAR-1,True
497,HC-LAR-13,VC-LAR-1,False
497,HC-LAR-5,HC-LAR-13,False
497,VC-LAR-1,FL-LAR-13,False
497,VC-LAR-13,FL-LAR-1,False
497,VC-LAR-5,VC-LAR-5,True
498,FL-LAR-1,HC-LAR-5,False
498,FL-LAR-13,FL-LAR-13,True
498,FL-LAR-5,HC-LAR-1,False
498,HC-LAR-1,FL-LAR-1,False
498,HC-LAR-13,VC-LAR-1,False
498,HC-LAR-5,VC-LAR-13,False
498,VC-LAR-1,HC-LAR-13,False
498,VC-LAR-13,VC-LAR-5,False
498,VC-LAR-5,FL-LAR-5,False
499,FL-LAR-1,FL-LAR-13,False
499,FL-LAR-13,FL-LAR-1,False
499,FL-LAR-5,VC-LAR-5,False
499,HC-LAR-1,HC-LAR-5,False
499,HC-LAR-13,VC-LAR-1,False
499,HC-LAR-5,FL-LAR-5,False
499,VC-LAR-1,VC-LAR-13,False
499,VC-LAR-13,HC-LAR-1,False
499,VC-LAR-5,HC-LAR-13,False
500,FL-LAR-1,FL-LAR-1,True
500,FL-LAR-13,FL-LAR-13,True
500,FL-LAR-5,HC-LAR-5,False
500,HC-LAR-1,VC-LAR-1,False
500,HC-LAR-13,HC-LAR-1,False
500,HC-LAR-5,HC-LAR-13,False
500,VC-LAR-1,FL-LAR-5,False
500,VC-LAR-13,VC-LAR-13,True
500,VC-LAR-5,VC-LAR-5,True
501,FL-LAR-1,FL-LAR-5,False
501,FL-LAR-13,FL-LAR-13,True
501,FL-LAR-5,VC-LAR-1,False
501,HC-LAR-1,HC-LAR-1,True
501,HC-LAR-13,VC-LAR-5,False
501,HC-LAR-5,HC-LAR-5,True
501,VC-LAR-1,FL-LAR-1,False
501,VC-LAR-13,HC-LAR-13,False
501,VC-LAR-5,VC-LAR-13,False
502,FL-LAR-1,HC-LAR-5,False
502,FL-LAR-13,FL-LAR-5,False
502,FL-LAR-5,HC-LAR-1,False
502,HC-LAR-1,FL-LAR-1,False
502,HC-LAR-13,FL-LAR-13,False
502,HC-LAR-5,VC-LAR-13,False
502,VC-LAR-1,VC-LAR-5,False
502,VC-LAR-13,VC-LAR-1,False
502,VC-LAR-5,HC-LAR-13,False
503,FL-LAR-1,VC-LAR-13,False
503,FL-LAR-13,HC-LAR-1,False
503,FL-LAR-5,FL-LAR-13,False
503,HC-LAR-1,VC-LAR-1,False
503,HC-LAR-13,HC-LAR-5,False
503,HC-LAR-5,FL-LAR-5,False
503,VC-LAR-1,VC-LAR-5,False
503,VC-LAR-13,FL-LAR-1,False
503,VC-LAR-5,HC-LAR-13,False
504,FL-LAR-1,VC-LAR-1,False
504,FL-LAR-13,VC-LAR-5,False
504,FL-LAR-5,FL-LAR-5,True
504,HC-LAR-1,VC-LAR-13,False
504,HC-LAR-13,HC-LAR-1,False
504,HC-LAR-5,FL-LAR-1,False
504,VC-LAR-1,HC-LAR-13,False
504,VC-LAR-13,FL-LAR-13,False
504,VC-LAR-5,HC-LAR-5,False
505,FL-LAR-1,FL-LAR-1,True
505,FL-LAR-13,HC-LAR-1,False
505,FL-LAR-5,HC-LAR-13,False
505,HC-LAR-1,HC-LAR-5,False
505,HC-LAR-13,FL-LAR-13,False
505,HC-LAR-5,FL-LAR-5,False
505,VC-LAR-1,VC-LAR-1,True
505,VC-LAR-13,VC-LAR-5,False
505,VC-LAR-5,VC-LAR-13,False
506,FL-LAR-1,FL-LAR-1,True
506,FL-LAR-13,HC-LAR-13,False
506,FL-LAR-5,VC-LAR-1,False
506,HC-LAR-1,HC-LAR-1,True
506,HC-LAR-13,FL-LAR-5,False
506,HC-LAR-5,FL-LAR-13,False
506,VC-LAR-1,VC-LAR-13,False
506,VC-LAR-13,VC-LAR-5,False
506,VC-LAR-5,HC-LAR-5,False
507,FL-LAR-1,VC-LAR-1,False
507,FL-LAR-13,FL-LAR-5,False
507,FL-LAR-5,FL-LAR-13,False
507,HC-LAR-1,HC-LAR-5,False
507,HC-LAR-13,FL-LAR-1,False
507,HC-LAR-5,VC-LAR-5,False
507,VC-LAR-1,HC-LAR-13,False
507,VC-LAR-13,HC-LAR-1,False
507,VC-LAR-5,VC-LAR-13,False
508,FL-LAR-1,VC-LAR-13,False
508,FL-LAR-13,FL-LAR-13,True
508,FL-LAR-5,HC-LAR-5,False
508,HC-LAR-1,FL-LAR-5,False
508,HC-LAR-13,HC-LAR-1,False
508,HC-LAR-5,VC-LAR-1,False
508,VC-LAR-1,VC-LAR-5,False
508,VC-LAR-13,FL-LAR-1,False
508,VC-LAR-5,HC-LAR-13,False
509,FL-LAR-1,FL-LAR-5,False
509,FL-LAR-13,HC-LAR-5,False
509,FL-LAR-5,HC-LAR-13,False
509,HC-LAR-1,VC-LAR-1,False
509,HC-LAR-13,HC-LAR-1,False
509,HC-LAR-5,FL-LAR-13,False
509,VC-LAR-1,FL-LAR-1,False
509,VC-LAR-13,VC-LAR-13,True
509,VC-LAR-5,VC-LAR-5,True
510,FL-LAR-1,VC-LAR-13,False
510,FL-LAR-13,FL-LAR-1,False
510,FL-LAR-5,VC-LAR-1,False
510,HC-LAR-1,HC-LAR-13,False
510,HC-LAR-13,VC-LAR-5,False
510,HC-LAR-5,FL-LAR-13,False
510,VC-LAR-1,FL-LAR-5,False
510,VC-LAR-13,HC-LAR-1,False
510,VC-LAR-5,HC-LAR-5,False
511,FL-LAR-1,HC-LAR-13,False
511,FL-LAR-13,HC-LAR-1,False
511,FL-LAR-5,FL-LAR-1,False
511,HC-LAR-1,FL-LAR-5,False
511,HC-LAR-13,VC-LAR-1,False
511,HC-LAR-5,HC-LAR-5,True
511,VC-LAR-1,FL-LAR-13,False
511,VC-LAR-13,VC-LAR-5,False
511,VC-LAR-5,VC-LAR-13,False
512,FL-LAR-1,FL-LAR-13,False
512,FL-LAR-13,HC-LAR-5,False
512,FL-LAR-5,VC-LAR-1,False
512,HC-LAR-1,HC-LAR-1,True
512,HC-LAR-13,FL-LAR-1,False
512,HC-LAR-5,FL-LAR-5,False
512,VC-LAR-1,VC-LAR-5,False
512,VC-LAR-13,VC-LAR-13,True
512,VC-LAR-5,HC-LAR-13,False
513,FL-LAR-1,HC-LAR-5,False
513,FL-LAR-13,VC-LAR-1,False
513,FL-LAR-5,FL-LAR-5,True
513,HC-LAR-1,FL-LAR-13,False
513,HC-LAR-13,HC-LAR-13,True
513,HC-LAR-5,VC-LAR-5,False
513,VC-LAR-1,HC-LAR-1,False
513,VC-LAR-13,VC-LAR-13,True
513,VC-LAR-5,FL-LAR-1,False
514,FL-LAR-1,VC-LAR-5,False
514,FL-LAR-13,HC-LAR-1,False
514,FL-LAR-5,HC-LAR-5,False
514,HC-LAR-1,VC-LAR-13,False
514,HC-LAR-13,VC-LAR-1,False
514,HC-LAR-5,FL-LAR-1,False
514,VC-LAR-1,FL-LAR-13,False
514,VC-LAR-13,FL-LAR-5,False
514,VC-LAR-5,HC-LAR-13,False
515,FL-LAR-1,VC-LAR-13,False
515,FL-LAR-13,FL-LAR-1,False
515,FL-LAR-5,VC-LAR-5,False
515,HC-LAR-1,FL-LAR-5,False
515,HC-LAR-13,HC-LAR-5,False
515,HC-LAR-5,VC-LAR-1,False
515,VC-LAR-1,HC-LAR-1,False
515,VC-LAR-13,FL-LAR-13,False
515,VC-LAR-5,HC-LAR-13,False
516,FL-LAR-1,FL-LAR-5,False
516,FL-LAR-13,VC-LAR-5,False
516,FL-LAR-5,FL-LAR-13,False
516,HC-LAR-1,HC-LAR-1,True
516,HC-LAR-13,FL-LAR-1,False
516,HC-LAR-5,HC-LAR-5,True
516,VC-LAR-1,VC-LAR-1,True
516,VC-LAR-13,VC-LAR-13,True
516,VC-LAR-5,HC-LAR-13,False
517,FL-LAR-1,FL-LAR-13,False
517,FL-LAR-13,FL-LAR-5,False
517,FL-LAR-5,VC-LAR-5,False
517,HC-LAR-1,VC-LAR-1,False
517,HC-LAR-13,FL-LAR-1,False
517,HC-LAR-5,VC-LAR-13,False
517,VC-LAR-1,HC-LAR-13,False
517,VC-LAR-13,HC-LAR-1,False
517,VC-LAR-5,HC-LAR-5,False
518,FL-LAR-1,VC-LAR-5,False
518,FL-LAR-13,FL-LAR-5,False
518,FL-LAR-5,FL-LAR-13,False
518,HC-LAR-1,FL-LAR-1,False
518,HC-LAR-13,HC-LAR-5,False
518,HC-LAR-5,HC-LAR-1,False
518,VC-LAR-1,HC-LAR-13,False
518,VC-LAR-13,VC-LAR-1,False
518,VC-LAR-5,VC-LAR-13,False
519,FL-LAR-1,HC-LAR-5,False
519,FL-LAR-13,VC-LAR-1,False
519,FL-LAR-5,FL-LAR-13,False
519,HC-LAR-1,FL-LAR-5,False
519,HC-LAR-13,VC-LAR-5,False
519,HC-LAR-5,HC-LAR-1,False
519,VC-LAR-1,FL-LAR-1,False
519,VC-LAR-13,HC-LAR-13,False
519,VC-LAR-5,VC-LAR-13,False
520,FL-LAR-1,HC-LAR-13,False
520,FL-LAR-13,FL-LAR-13,True
520,FL-LAR-5,VC-LAR-13,False
520,HC-LAR-1,HC-LAR-1,True
520,HC-LAR-13,VC-LAR-5,False
520,HC-LAR-5,FL-LAR-1,False
520,VC-LAR-1,HC-LAR-5,False
520,VC-LAR-13,VC-LAR-1,False
520,VC-LAR-5,FL-LAR-5,False
521,FL-LAR-1,FL-LAR-5,False
521,FL-LAR-13,VC-LAR-5,False
521,FL-LAR-5,HC-LAR-1,False
521,HC-LAR-1,FL-LAR-13,False
521,HC-LAR-13,FL-LAR-1,False
521,HC-LAR-5,VC-LAR-1,False
521,VC-LAR-1,VC-LAR-13,False
521,VC-LAR-13,HC-LAR-5,False
521,VC-LAR-5,HC-LAR-13,False
522,FL-LAR-1,VC-LAR-5,False
522,FL-LAR-13,FL-LAR-5,False
522,FL-LAR-5,HC-LAR-1,False
522,HC-LAR-1,HC-LAR-5,False
522,HC-LAR-13,FL-LAR-1,False
522,HC-LAR-5,VC-LAR-13,False
522,VC-LAR-1,HC-LAR-13,False
522,VC-LAR-13,FL-LAR-13,False
522,VC-LAR-5,VC-LAR-1,False
523,FL-LAR-1,VC-LAR-5,False
523,FL-LAR-13,VC-LAR-1,False
523,FL-LAR-5,HC-LAR-5,False
523,HC-LAR-1,VC-LAR-13,False
523,HC-LAR-13,HC-LAR-1,False
523,HC-LAR-5,HC-LAR-13,False
523,VC-LAR-1,FL-LAR-1,False
523,VC-LAR-13,FL-LAR-13,False
523,VC-LAR-5,FL-LAR-5,False
524,FL-LAR-1,HC-LAR-1,False
524,FL-LAR-13,HC-LAR-5,False
524,FL-LAR-5,FL-LAR-5,True
524,HC-LAR-1,FL-LAR-13,False
524,HC-LAR-13,FL-LAR-1,False
524,HC-LAR-5,HC-LAR-13,False
524,VC-LAR-1,VC-LAR-1,True
524,VC-LAR-13,VC-LAR-13,True
524,VC-LAR-5,VC-LAR-5,True
525,FL-LAR-1,VC-LAR-13,False
525,FL-LAR-13,HC-LAR-5,False
525,FL-LAR-5,HC-LAR-13,False
525,HC-LAR-1,VC-LAR-5,False
525,HC-LAR-13,FL-LAR-13,False
525,HC-LAR-5,VC-LAR-1,False
525,VC-LAR-1,HC-LAR-1,False
525,VC-LAR-13,FL-LAR-5,False
525,VC-LAR-5,FL-LAR-1,False
526,FL-LAR-1,FL-LAR-5,False
526,FL-LAR-13,VC-LAR-5,False
526,FL-LAR-5,HC-LAR-5,False
526,HC-LAR-1,FL-LAR-1,False
526,HC-LAR-13,FL-LAR-13,False
526,HC-LAR-5,VC-LAR-1,False
526,VC-LAR-1,HC-LAR-13,False
526,VC-LAR-13,HC-LAR-1,False
526,VC-LAR-5,VC-LAR-13,False
527,FL-LAR-1,VC-LAR-1,False
527,FL-LAR-13,VC-LAR-5,False
527,FL-LAR-5,FL-LAR-5,True
527,HC-LAR-1,FL-LAR-1,False
527,HC-LAR-13,HC-LAR-13,True
527,HC-LAR-5,HC-LAR-1,False
527,VC-LAR-1,FL-LAR-13,False
527,VC-LAR-13,HC-LAR-5,False
527,VC-LAR-5,VC-LAR-13,False
528,FL-LAR-1,HC-LAR-5,False
528,FL-LAR-13,HC-LAR-13,False
528,FL-LAR-5,HC-LAR-1,False
528,HC-LAR-1,FL-LAR-5,False
528,HC-LAR-13,VC-LAR-1,False
528,HC-LAR-5,VC-LAR-5,False
528,VC-LAR-1,FL-LAR-1,False
528,VC-LAR-13,VC-LAR-13,True
528,VC-LAR-5,FL-LAR-13,False
529,FL-LAR-1,HC-LAR-1,False
529,FL-LAR-13,VC-LAR-13,False
529,FL-LAR-5,HC-LAR-13,False
529,HC-LAR-1,HC-LAR-5,False
529,HC-LAR-13,VC-LAR-1,False
529,HC-LAR-5,VC-LAR-5,False
529,VC-LAR-1,FL-LAR-5,False
529,VC-LAR-13,FL-LAR-13,False
529,VC-LAR-5,FL-LAR-1,False
530,FL-LAR-1,FL-LAR-13,False
530,FL-LAR-13,VC-LAR-13,False
530,FL-LAR-5,VC-LAR-1,False
530,HC-LAR-1,VC-LAR-5,False
530,HC-LAR-13,FL-LAR-1,False
530,HC-LAR-5,HC-LAR-13,False
530,VC-LAR-1,HC-LAR-1,False
530,VC-LAR-13,FL-LAR-5,False
530,VC-LAR-5,HC-LAR-5,False
531,FL-LAR-1,VC-LAR-13,False
531,FL-LAR-13,FL-LAR-1,False
531,FL-LAR-5,FL-LAR-5,True
531,HC-LAR-1,HC-LAR-5,False
531,HC-LAR-13,HC-LAR-13,True
531,HC-LAR-5,FL-LAR-13,False
531,VC-LAR-1,VC-LAR-5,False
531,VC-LAR-13,HC-LAR-1,False
531,VC-LAR-5,VC-LAR-1,False
532,FL-LAR-1,HC-LAR-5,False
532,FL-LAR-13,FL-LAR-5,False
532,FL-LAR-5,VC-LAR-1,False
532,HC-LAR-1,FL-LAR-13,False
532,HC-LAR-13,HC-LAR-13,True
532,HC-LAR-5,VC-LAR-5,False
532,VC-LAR-1,VC-LAR-13,False
532,VC-LAR-13,HC-LAR-1,False
532,VC-LAR-5,FL-LAR-1,False
533,FL-LAR-1,HC-LAR-13,False
533,FL-LAR-13,VC-LAR-1,False
533,FL-LAR-5,FL-LAR-5,True
533,HC-LAR-1,HC-LAR-5,False
533,HC-LAR-13,FL-LAR-13,False
533,HC-LAR-5,VC-LAR-5,False
533,VC-LAR-1,FL-LAR-1,False
533,VC-LAR-13,VC-LAR-13,True
533,VC-LAR-5,HC-LAR-1,False
534,FL-LAR-1,VC-LAR-13,False
534,FL-LAR-13,VC-LAR-1,False
534,FL-LAR-5,FL-LAR-13,False
534,HC-LAR-1,HC-LAR-13,False
534,HC-LAR-13,HC-LAR-1,False
534,HC-LAR-5,FL-LAR-5,False
534,VC-LAR-1,VC-LAR-5,False
534,VC-LAR-13,FL-LAR-1,False
534,VC-LAR-5,HC-LAR-5,False
535,FL-LAR-1,HC-LAR-5,False
535,FL-LAR-13,VC-LAR-1,False
535,FL-LAR-5,FL-LAR-5,True
535,HC-LAR-1,FL-LAR-13,False
535,HC-LAR-13,FL-LAR-1,False
535,HC-LAR-5,VC-LAR-5,False
535,VC-LAR-1,HC-LAR-1,False
535,VC-LAR-13,VC-LAR-13,True
535,VC-LAR-5,HC-LAR-13,False
536,FL-LAR-1,HC-LAR-5,False
536,FL-LAR-13,VC-LAR-13,False
536,FL-LAR-5,HC-LAR-1,False
536,HC-LAR-1,FL-LAR-5,False
536,HC-LAR-13,FL-LAR-13,False
536,HC-LAR-5,FL-LAR-1,False
536,VC-LAR-1,VC-LAR-1,True
536,VC-LAR-13,HC-LAR-13,False
536,VC-LAR-5,VC-LAR-5,True
537,FL-LAR-1,FL-LAR-13,False
537,FL-LAR-13,FL-LAR-1,False
537,FL-LAR-5,HC-LAR-1,False
537,HC-LAR-1,HC-LAR-13,False
537,HC-LAR-13,FL-LAR-5,False
537,HC-LAR-5,VC-LAR-5,False
537,VC-LAR-1,VC-LAR-1,True
537,VC-LAR-13,HC-LAR-5,False
537,VC-LAR-5,VC-LAR-13,False
538,FL-LAR-1,FL-LAR-1,True
538,FL-LAR-13,VC-LAR-5,False
538,FL-LAR-5,HC-LAR-5,False
538,HC-LAR-1,FL-LAR-5,False
538,HC-LAR-13,HC-LAR-1,False
538,HC-LAR-5,VC-LAR-13,False
538,VC-LAR-1,FL-LAR-13,False
538,VC-LAR-13,HC-LAR-13,False
538,VC-LAR-5,VC-LAR-1,False
539,FL-LAR-1,FL-LAR-5,False
539,FL-LAR-13,FL-LAR-13,True
539,FL-LAR-5,VC-LAR-1,False
539,HC-LAR-1,VC-LAR-13,False
539,HC-LAR-13,FL-LAR-1,False
539,HC-LAR-5,VC-LAR-5,False
539,VC-LAR-1,HC-LAR-13,False
539,VC-LAR-13,HC-LAR-5,False
539,VC-LAR-5,HC-LAR-1,False
540,FL-LAR-1,FL-LAR-13,False
540,FL-LAR-13,HC-LAR-1,False
540,FL-LAR-5,VC-LAR-13,False
540,HC-LAR-1,HC-LAR-5,False
540,HC-LAR-13,HC-LAR-13,True
540,HC-LAR-5,VC-LAR-5,False
540,VC-LAR-1,FL-LAR-5,False
540,VC-LAR-13,FL-LAR-1,False
540,VC-LAR-5,VC-LAR-1,False
541,FL-LAR-1,VC-LAR-1,False
541,FL-LAR-13,FL-LAR-1,False
541,FL-LAR-5,HC-LAR-5,False
541,HC-LAR-1,HC-LAR-13,False
541,HC-LAR-13,VC-LAR-5,False
541,HC-LAR-5,VC-LAR-13,False
541,VC-LAR-1,FL-LAR-13,False
541,VC-LAR-13,HC-LAR-1,False
541,VC-LAR-5,FL-LAR-5,False
542,FL-LAR-1,FL-LAR-13,False
542,FL-LAR-13,HC-LAR-5,False
542,FL-LAR-5,VC-LAR-1,False
542,HC-LAR-1,HC-LAR-1,True
542,HC-LAR-13,FL-LAR-5,False
542,HC-LAR-5,HC-LAR-13,False
542,VC-LAR-1,VC-LAR-5,False
542,VC-LAR-13,VC-LAR-13,True
542,VC-LAR-5,FL-LAR-1,False
543,FL-LAR-1,HC-LAR-5,False
543,FL-LAR-13,VC-LAR-5,False
543,FL-LAR-5,HC-LAR-13,False
543,HC-LAR-1,FL-LAR-1,False
543,HC-LAR-13,HC-LAR-1,False
543,HC-LAR-5,FL-LAR-5,False
543,VC-LAR-1,VC-LAR-13,False
543,VC-LAR-13,FL-LAR-13,False
543,VC-LAR-5,VC-LAR-1,False
544,FL-LAR-1,HC-LAR-1,False
544,FL-LAR-13,VC-LAR-1,False
544,FL-LAR-5,HC-LAR-5,False
544,HC-LAR-1,FL-LAR-5,False
544,HC-LAR-13,VC-LAR-13,False
544,HC-LAR-5,VC-LAR-5,False
544,VC-LAR-1,FL-LAR-13,False
544,VC-LAR-13,HC-LAR-13,False
544,VC-LAR-5,FL-LAR-1,False
545,FL-LAR-1,HC-LAR-1,False
545,FL-LAR-13,HC-LAR-5,False
545,FL-LAR-5,FL-LAR-1,False
545,HC-LAR-1,VC-LAR-13,False
545,HC-LAR-13,HC-LAR-13,True
545,HC-LAR-5,FL-LAR-5,False
545,VC-LAR-1,FL-LAR-13,False
545,VC-LAR-13,VC-LAR-1,False
545,VC-LAR-5,VC-LAR-5,True
546,FL-LAR-1,FL-LAR-13,False
546,FL-LAR-13,VC-LAR-5,False
546,FL-LAR-5,HC-LAR-1,False
546,HC-LAR-1,HC-LAR-5,False
546,HC-LAR-13,FL-LAR-1,False
546,HC-LAR-5,HC-LAR-13,False
546,VC-LAR-1,VC-LAR-13,False
546,VC-LAR-13,FL-LAR-5,False
546,VC-LAR-5,VC-LAR-1,False
547,FL-LAR-1,FL-LAR-1,True
547,FL-LAR-13,HC-LAR-13,False
547,FL-LAR-5,VC-LAR-13,False
547,HC-LAR-1,FL-LAR-5,False
547,HC-LAR-13,HC-LAR-1,False
547,HC-LAR-5,VC-LAR-5,False
547,VC-LAR-1,VC-LAR-1,True
547,VC-LAR-13,FL-LAR-13,False
547,VC-LAR-5,HC-LAR-5,False
548,FL-LAR-1,VC-LAR-13,False
548,FL-LAR-13,FL-LAR-13,True
548,FL-LAR-5,VC-LAR-5,False
548,HC-LAR-1,VC-LAR-1,False
548,HC-LAR-13,HC-LAR-1,False
548,HC-LAR-5,FL-LAR-5,False
548,VC-LAR-1,HC-LAR-13,False
548,VC-LAR-13,HC-LAR-5,False
548,VC-LAR-5,FL-LAR-1,False
549,FL-LAR-1,FL-LAR-1,True
549,FL-LAR-13,HC-LAR-5,False
549,FL-LAR-5,VC-LAR-5,False
549,HC-LAR-1,VC-LAR-1,False
549,HC-LAR-13,VC-LAR-13,False
549,HC-LAR-5,FL-LAR-5,False
549,VC-LAR-1,HC-LAR-1,False
549,VC-LAR-13,HC-LAR-13,False
549,VC-LAR-5,FL-LAR-13,False
550,FL-LAR-1,VC-LAR-1,False
550,FL-LAR-13,FL-LAR-1,False
550,FL-LAR-5,VC-LAR-13,False
550,HC-LAR-1,HC-LAR-13,False
550,HC-LAR-13,VC-LAR-5,False
550,HC-LAR-5,FL-LAR-13,False
550,VC-LAR-1,HC-LAR-1,False
550,VC-LAR-13,FL-LAR-5,False
550,VC-LAR-5,HC-LAR-5,False
551,FL-LAR-1,FL-LAR-13,False
551,FL-LAR-13,VC-LAR-1,False
551,FL-LAR-5,HC-LAR-5,False
551,HC-LAR-1,VC-LAR-5,False
551,HC-LAR-13,HC-LAR-1,False
551,HC-LAR-5,FL-LAR-5,False
551,VC-LAR-1,FL-LAR-1,False
551,VC-LAR-13,VC-LAR-13,True
551,VC-LAR-5,HC-LAR-13,False
552,FL-LAR-1,VC-LAR-1,False
552,FL-LAR-13,FL-LAR-1,False
552,FL-LAR-5,FL-LAR-5,True
552,HC-LAR-1,VC-LAR-5,False
552,HC-LAR-13,HC-LAR-5,False
552,HC-LAR-5,HC-LAR-1,False
552,VC-LAR-1,VC-LAR-13,False
552,VC-LAR-13,HC-LAR-13,False
552,VC-LAR-5,FL-LAR-13,False
553,FL-LAR-1,FL-LAR-5,False
553,FL-LAR-13,VC-LAR-1,False
553,FL-LAR-5,VC-LAR-13,False
553,HC-LAR-1,HC-LAR-13,False
553,HC-LAR-13,FL-LAR-13,False
553,HC-LAR-5,VC-LAR-5,False
553,VC-LAR-1,FL-LAR-1,False
553,VC-LAR-13,HC-LAR-5,False
553,VC-LAR-5,HC-LAR-1,False
554,FL-LAR-1,VC-LAR-5,False
554,FL-LAR-13,HC-LAR-13,False
554,FL-LAR-5,FL-LAR-1,False
554,HC-LAR-1,VC-LAR-1,False
554,HC-LAR-13,HC-LAR-1,False
554,HC-LAR-5,FL-LAR-5,False
554,VC-LAR-1,FL-LAR-13,False
554,VC-LAR-13,HC-LAR-5,False
554,VC-LAR-5,VC-LAR-13,False
555,FL-LAR-1,VC-LAR-5,False
555,FL-LAR-13,HC-LAR-1,False
555,FL-LAR-5,FL-LAR-13,False
555,HC-LAR-1,FL-LAR-1,False
555,HC-LAR-13,HC-LAR-5,False
555,HC-LAR-5,VC-LAR-13,False
555,VC-LAR-1,VC-LAR-1,True
555,VC-LAR-13,FL-LAR-5,False
555,VC-LAR-5,HC-LAR-13,False
556,FL-LAR-1,HC-LAR-13,False
556,FL-LAR-13,FL-LAR-5,False
556,FL-LAR-5,VC-LAR-13,False
556,HC-LAR-1,FL-LAR-13,False
556,HC-LAR-13,VC-LAR-5,False
556,HC-LAR-5,FL-LAR-1,False
556,VC-LAR-1,HC-LAR-5,False
556,VC-LAR-13,HC-LAR-1,False
556,VC-LAR-5,VC-LAR-1,False
557,FL-LAR-1,VC-LAR-1,False
557,FL-LAR-13,HC-LAR-5,False
557,FL-LAR-5,HC-LAR-13,False
557,HC-LAR-1,FL-LAR-1,False
557,HC-LAR-13,VC-LAR-13,False
557,HC-LAR-5,VC-LAR-5,False
557,VC-LAR-1,FL-LAR-13,False
557,VC-LAR-13,HC-LAR-1,False
557,VC-LAR-5,FL-LAR-5,False
558,FL-LAR-1,FL-LAR-13,False
558,FL-LAR-13,VC-LAR-13,False
558,FL-LAR-5,HC-LAR-13,False
558,HC-LAR-1,FL-LAR-5,False
558,HC-LAR-13,VC-LAR-5,False
558,HC-LAR-5,HC-LAR-1,False
558,VC-LAR-1,FL-LAR-1,False
558,VC-LAR-13,HC-LAR-5,False
558,VC-LAR-5,VC-LAR-1,False
559,FL-LAR-1,HC-LAR-5,False
559,FL-LAR-13,FL-LAR-13,True
559,FL-LAR-5,HC-LAR-1,False
559,HC-LAR-1,HC-LAR-13,False
559,HC-LAR-13,VC-LAR-13,False
559,HC-LAR-5,FL-LAR-1,False
559,VC-LAR-1,VC-LAR-1,True
559,VC-LAR-13,FL-LAR-5,False
559,VC-LAR-5,VC-LAR-5,True
560,FL-LAR-1,FL-LAR-5,False
560,FL-LAR-13,FL-LAR-13,True
560,FL-LAR-5,FL-LAR-1,False
560,HC-LAR-1,VC-LAR-1,False
560,HC-LAR-13,HC-LAR-1,False
560,HC-LAR-5,VC-LAR-13,False
560,VC-LAR-1,HC-LAR-13,False
560,VC-LAR-13,HC-LAR-5,False
560,VC-LAR-5,VC-LAR-5,True
561,FL-LAR-1,VC-LAR-1,False
561,FL-LAR-13,VC-LAR-5,False
561,FL-LAR-5,HC-LAR-13,False
561,HC-LAR-1,FL-LAR-13,False
561,HC-LAR-13,HC-LAR-1,False
561,HC-LAR-5,VC-LAR-13,False
561,VC-LAR-1,FL-LAR-1,False
561,VC-LAR-13,HC-LAR-5,False
561,VC-LAR-5,FL-LAR-5,False
562,FL-LAR-1,HC-LAR-13,False
562,FL-LAR-13,VC-LAR-13,False
562,FL-LAR-5,HC-LAR-1,False
562,HC-LAR-1,HC-LAR-5,False
562,HC-LAR-13,VC-LAR-5,False
562,HC-LAR-5,VC-LAR-1,False
562,VC-LAR-1,FL-LAR-13,False
562,VC-LAR-13,FL-LAR-1,False
562,VC-LAR-5,FL-LAR-5,False
563,FL-LAR-1,HC-LAR-5,False
563,FL-LAR-13,FL-LAR-1,False
563,FL-LAR-5,VC-LAR-5,False
563,HC-LAR-1,HC-LAR-13,False
563,HC-LAR-13,FL-LAR-13,False
563,HC-LAR-5,VC-LAR-1,False
563,VC-LAR-1,HC-LAR-1,False
563,VC-LAR-13,VC-LAR-13,True
563,VC-LAR-5,FL-LAR-5,False
564,FL-LAR-1,HC-LAR-5,False
564,FL-LAR-13,FL-LAR-1,False
564,FL-LAR-5,VC-LAR-13,False
564,HC-LAR-1,FL-LAR-13,False
564,HC-LAR-13,FL-LAR-5,False
564,HC-LAR-5,HC-LAR-1,False
564,VC-LAR-1,HC-LAR-13,False
564,VC-LAR-13,VC-LAR-1,False
564,VC-LAR-5,VC-LAR-5,True
565,FL-LAR-1,HC-LAR-1,False
565,FL-LAR-13,VC-LAR-1,False
565,FL-LAR-5,FL-LAR-5,True
565,HC-LAR-1,FL-LAR-1,False
565,HC-LAR-13,HC-LAR-5,False
565,HC-LAR-5,HC-LAR-13,False
565,VC-LAR-1,VC-LAR-5,False
565,VC-LAR-13,VC-LAR-13,True
565,VC-LAR-5,FL-LAR-13,False
566,FL-LAR-1,VC-LAR-1,False
566,FL-LAR-13,FL-LAR-5,False
566,FL-LAR-5,HC-LAR-5,False
566,HC-LAR-1,VC-LAR-13,False
566,HC-LAR-13,FL-LAR-13,False
566,HC-LAR-5,HC-LAR-13,False
566,VC-LAR-1,FL-LAR-1,False
566,VC-LAR-13,VC-LAR-5,False
566,VC-LAR-5,HC-LAR-1,False
567,FL-LAR-1,VC-LAR-5,False
567,FL-LAR-13,FL-LAR-13,True
567,FL-LAR-5,VC-LAR-13,False
567,HC-LAR-1,HC-LAR-13,False
567,HC-LAR-13,FL-LAR-1,False
567,HC-LAR-5,VC-LAR-1,False
567,VC-LAR-1,HC-LAR-1,False
567,VC-LAR-13,FL-LAR-5,False
567,VC-LAR-5,HC-LAR-5,False
568,FL-LAR-1,HC-LAR-13,False
568,FL-LAR-13,VC-LAR-5,False
568,FL-LAR-5,VC-LAR-13,False
568,HC-LAR-1,VC-LAR-1,False
568,HC-LAR-13,FL-LAR-13,False
568,HC-LAR-5,FL-LAR-1,False
568,VC-LAR-1,HC-LAR-1,False
568,VC-LAR-13,FL-LAR-5,False
568,VC-LAR-5,HC-LAR-5,False
569,FL-LAR-1,HC-LAR-13,False
569,FL-LAR-13,VC-LAR-5,False
569,FL-LAR-5,HC-LAR-5,False
569,HC-LAR-1,VC-LAR-13,False
569,HC-LAR-13,FL-LAR-5,False
569,HC-LAR-5,FL-LAR-1,False
569,VC-LAR-1,HC-LAR-1,False
569,VC-LAR-13,FL-LAR-13,False
569,VC-LAR-5,VC-LAR-1,False
570,FL-LAR-1,FL-LAR-13,False
570,FL-LAR-13,FL-LAR-1,False
570,FL-LAR-5,HC-LAR-1,False
570,HC-LAR-1,VC-LAR-5,False
570,HC-LAR-13,VC-LAR-13,False
570,HC-LAR-5,VC-LAR-1,False
570,VC-LAR-1,HC-LAR-5,False
570,VC-LAR-13,FL-LAR-5,False
570,VC-LAR-5,HC-LAR-13,False
571,FL-LAR-1,VC-LAR-5,False
571,FL-LAR-13,FL-LAR-5,False
571,FL-LAR-5,HC-LAR-5,False
571,HC-LAR-1,VC-LAR-13,False
571,HC-LAR-13,VC-LAR-1,False
571,HC-LAR-5,FL-LAR-13,False
571,VC-LAR-1,FL-LAR-1,False
571,VC-LAR-13,HC-LAR-1,False
571,VC-LAR-5,HC-LAR-13,False
572,FL-LAR-1,FL-LAR-13,False
572,FL-LAR-13,FL-LAR-5,False
572,FL-LAR-5,FL-LAR-1,False
572,HC-LAR-1,VC-LAR-13,False
572,HC-LAR-13,VC-LAR-1,False
572,HC-LAR-5,HC-LAR-1,False
572,VC-LAR-1,HC-LAR-13,False
572,VC-LAR-13,VC-LAR-5,False
572,VC-LAR-5,HC-LAR-5,False
573,FL-LAR-1,VC-LAR-5,False
573,FL-LAR-13,FL-LAR-1,False
573,FL-LAR-5,HC-LAR-1,False
573,HC-LAR-1,VC-LAR-1,False
573,HC-LAR-13,VC-LAR-13,False
573,HC-LAR-5,FL-LAR-13,False
573,VC-LAR-1,HC-LAR-13,False
573,VC-LAR-13,HC-LAR-5,False
573,VC-LAR-5,FL-LAR-5,False
574,FL-LAR-1,VC-LAR-13,False
574,FL-LAR-13,HC-LAR-13,False
574,FL-LAR-5,HC-LAR-1,False
574,HC-LAR-1,VC-LAR-1,False
574,HC-LAR-13,FL-LAR-13,False
574,HC-LAR-5,FL-LAR-1,False
574,VC-LAR-1,HC-LAR-5,False
574,VC-LAR-13,FL-LAR-5,False
574,VC-LAR-5,VC-LAR-5,True
575,FL-LAR-1,HC-LAR-5,False
575,FL-LAR-13,HC-LAR-1,False
575,FL-LAR-5,VC-LAR-5,False
575,HC-LAR-1,VC-LAR-1,False
575,HC-LAR-13,FL-LAR-13,False
575,HC-LAR-5,FL-LAR-1,False
575,VC-LAR-1,VC-LAR-13,False
575,VC-LAR-13,HC-LAR-13,False
575,VC-LAR-5,FL-LAR-5,False
576,FL-LAR-1,VC-LAR-5,False
576,FL-LAR-13,HC-LAR-13,False
576,FL-LAR-5,FL-LAR-5,True
576,HC-LAR-1,HC-LAR-1,True
576,HC-LAR-13,VC-LAR-13,False
576,HC-LAR-5,VC-LAR-1,False
576,VC-LAR-1,FL-LAR-1,False
576,VC-LAR-13,FL-LAR-13,False
576,VC-LAR-5,HC-LAR-5,False
577,FL-LAR-1,FL-LAR-1,True
577,FL-LAR-13,HC-LAR-5,False
577,FL-LAR-5,FL-LAR-5,True
577,HC-LAR-1,HC-LAR-1,True
577,HC-LAR-13,FL-LAR-13,False
577,HC-LAR-5,VC-LAR-13,False
577,VC-LAR-1,VC-LAR-5,False
577,VC-LAR-13,VC-LAR-1,False
577,VC-LAR-5,HC-LAR-13,False
578,FL-LAR-1,HC-LAR-1,False
578,FL-LAR-13,FL-LAR-1,False
578,FL-LAR-5,VC-LAR-13,False
578,HC-LAR-1,FL-LAR-13,False
578,HC-LAR-13,HC-LAR-13,True
578,HC-LAR-5,FL-LAR-5,False
578,VC-LAR-1,HC-LAR-5,False
578,VC-LAR-13,VC-LAR-5,False
578,VC-LAR-5,VC-LAR-1,False
579,FL-LAR-1,HC-LAR-1,False
579,FL-LAR-13,FL-LAR-5,False
579,FL-LAR-5,HC-LAR-5,False
579,HC-LAR-1,FL-LAR-1,False
579,HC-LAR-13,VC-LAR-1,False
579,HC-LAR-5,FL-LAR-13,False
579,VC-LAR-1,HC-LAR-13,False
579,VC-LAR-13,VC-LAR-13,True
579,VC-LAR-5,VC-LAR-5,True
580,FL-LAR-1,VC-LAR-13,False
580,FL-LAR-13,VC-LAR-5,False
580,FL-LAR-5,FL-LAR-5,True
580,HC-LAR-1,HC-LAR-1,True
580,HC-LAR-13,VC-LAR-1,False
580,HC-LAR-5,FL-LAR-1,False
580,VC-LAR-1,FL-LAR-13,False
580,VC-LAR-13,HC-LAR-13,False
580,VC-LAR-5,HC-LAR-5,False
581,FL-LAR-1,FL-LAR-13,False
581,FL-LAR-13,FL-LAR-1,False
581,FL-LAR-5,VC-LAR-5,False
581,HC-LAR-1,HC-LAR-5,False
581,HC-LAR-13,HC-LAR-1,False
581,HC-LAR-5,FL-LAR-5,False
581,VC-LAR-1,VC-LAR-13,False
581,VC-LAR-13,VC-LAR-1,False
581,VC-LAR-5,HC-LAR-13,False
582,FL-LAR-1,VC-LAR-1,False
582,FL-LAR-13,VC-LAR-5,False
582,FL-LAR-5,HC-LAR-5,False
582,HC-LAR-1,FL-LAR-13,False
582,HC-LAR-13,FL-LAR-5,False
582,HC-LAR-5,VC-LAR-13,False
582,VC-LAR-1,HC-LAR-13,False
582,VC-LAR-13,HC-LAR-1,False
582,VC-LAR-5,FL-LAR-1,False
583,FL-LAR-1,VC-LAR-13,False
583,FL-LAR-13,VC-LAR-5,False
583,FL-LAR-5,VC-LAR-1,False
583,HC-LAR-1,HC-LAR-5,False
583,HC-LAR-13,FL-LAR-1,False
583,HC-LAR-5,HC-LAR-13,False
583,VC-LAR-1,FL-LAR-13,False
583,VC-LAR-13,HC-LAR-1,False
583,VC-LAR-5,FL-LAR-5,False
584,FL-LAR-1,FL-LAR-5,False
584,FL-LAR-13,VC-LAR-13,False
584,FL-LAR-5,FL-LAR-13,False
584,HC-LAR-1,FL-LAR-1,False
584,HC-LAR-13,HC-LAR-5,False
584,HC-LAR-5,HC-LAR-13,False
584,VC-LAR-1,VC-LAR-1,True
584,VC-LAR-13,HC-LAR-1,False
584,VC-LAR-5,VC-LAR-5,True
585,FL-LAR-1,FL-LAR-13,False
585,FL-LAR-13,HC-LAR-5,False
585,FL-LAR-5,HC-LAR-1,False
585,HC-LAR-1,FL-LAR-1,False
585,HC-LAR-13,VC-LAR-13,False
585,HC-LAR-5,HC-LAR-13,False
585,VC-LAR-1,VC-LAR-5,False
585,VC-LAR-13,VC-LAR-1,False
585,VC-LAR-5,FL-LAR-5,False
586,FL-LAR-1,FL-LAR-5,False
586,FL-LAR-13,HC-LAR-5,False
586,FL-LAR-5,VC-LAR-13,False
586,HC-LAR-1,VC-LAR-1,False
586,HC-LAR-13,HC-LAR-1,False
586,HC-LAR-5,HC-LAR-13,False
586,VC-LAR-1,FL-LAR-13,False
586,VC-LAR-13,FL-LAR-1,False
586,VC-LAR-5,VC-LAR-5,True
587,FL-LAR-1,HC-LAR-13,False
587,FL-LAR-13,FL-LAR-13,True
587,FL-LAR-5,VC-LAR-5,False
587,HC-LAR-1,HC-LAR-1,True
587,HC-LAR-13,FL-LAR-1,False
587,HC-LAR-5,FL-LAR-5,False
587,VC-LAR-1,VC-LAR-1,True
587,VC-LAR-13,VC-LAR-13,True
587,VC-LAR-5,HC-LAR-5,False
588,FL-LAR-1,FL-LAR-5,False
588,FL-LAR-13,VC-LAR-1,False
588,FL-LAR-5,HC-LAR-1,False
588,HC-LAR-1,VC-LAR-13,False
588,HC-LAR-13,FL-LAR-13,False
588,HC-LAR-5,HC-LAR-5,True
588,VC-LAR-1,VC-LAR-5,False
588,VC-LAR-13,FL-LAR-1,False
588,VC-LAR-5,HC-LAR-13,False
589,FL-LAR-1,VC-LAR-13,False
589,FL-LAR-13,HC-LAR-1,False
589,FL-LAR-5,FL-LAR-5,True
589,HC-LAR-1,HC-LAR-5,False
589,HC-LAR-13,HC-LAR-13,True
589,HC-LAR-5,VC-LAR-1,False
589,VC-LAR-1,FL-LAR-13,False
589,VC-LAR-13,VC-LAR-5,False
589,VC-LAR-5,FL-LAR-1,False
590,FL-LAR-1,FL-LAR-1,True
590,FL-LAR-13,HC-LAR-1,False
590,FL-LAR-5,FL-LAR-13,False
590,HC-LAR-1,VC-LAR-1,False
590,HC-LAR-13,FL-LAR-5,False
590,HC-LAR-5,HC-LAR-13,False
590,VC-LAR-1,HC-LAR-5,False
590,VC-LAR-13,VC-LAR-13,True
590,VC-LAR-5,VC-LAR-5,True
591,FL-LAR-1,FL-LAR-5,False
591,FL-LAR-13,HC-LAR-5,False
591,FL-LAR-5,FL-LAR-13,False
591,HC-LAR-1,VC-LAR-13,False
591,HC-LAR-13,FL-LAR-1,False
591,HC-LAR-5,HC-LAR-13,False
591,VC-LAR-1,VC-LAR-5,False
591,VC-LAR-13,HC-LAR-1,False
591,VC-LAR-5,VC-LAR-1,False
592,FL-LAR-1,FL-LAR-1,True
592,FL-LAR-13,VC-LAR-5,False
592,FL-LAR-5,VC-LAR-13,False
592,HC-LAR-1,HC-LAR-13,False
592,HC-LAR-13,HC-LAR-1,False
592,HC-LAR-5,VC-LAR-1,False
592,VC-LAR-1,FL-LAR-5,False
592,VC-LAR-13,HC-LAR-5,False
592,VC-LAR-5,FL-LAR-13,False
593,FL-LAR-1,FL-LAR-5,False
593,FL-LAR-13,VC-LAR-13,False
593,FL-LAR-5,HC-LAR-13,False
593,HC-LAR-1,FL-LAR-13,False
593,HC-LAR-13,HC-LAR-1,False
593,HC-LAR-5,HC-LAR-5,True
593,VC-LAR-1,VC-LAR-5,False
593,VC-LAR-13,FL-LAR-1,False
593,VC-LAR-5,VC-LAR-1,False
594,FL-LAR-1,FL-LAR-1,True
594,FL-LAR-13,HC-LAR-13,False
594,FL-LAR-5,VC-LAR-1,False
594,HC-LAR-1,FL-LAR-5,False
594,HC-LAR-13,VC-LAR-13,False
594,HC-LAR-5,VC-LAR-5,False
594,VC-LAR-1,HC-LAR-5,False
594,VC-LAR-13,HC-LAR-1,False
594,VC-LAR-5,FL-LAR-13,False
595,FL-LAR-1,FL-LAR-1,True
595,FL-LAR-13,FL-LAR-13,True
595,FL-LAR-5,VC-LAR-1,False
595,HC-LAR-1,HC-LAR-5,False
595,HC-LAR-13,VC-LAR-5,False
595,HC-LAR-5,VC-LAR-13,False
595,VC-LAR-1,HC-LAR-13,False
595,VC-LAR-13,HC-LAR-1,False
595,VC-LAR-5,FL-LAR-5,False
596,FL-LAR-1,VC-LAR-1,False
596,FL-LAR-13,VC-LAR-13,False
596,FL-LAR-5,FL-LAR-13,False
596,HC-LAR-1,HC-LAR-5,False
596,HC-LAR-13,VC-LAR-5,False
596,HC-LAR-5,FL-LAR-1,False
596,VC-LAR-1,HC-LAR-1,False
596,VC-LAR-13,FL-LAR-5,False
596,VC-LAR-5,HC-LAR-13,False
597,FL-LAR-1,VC-LAR-13,False
597,FL-LAR-13,FL-LAR-13,True
597,FL-LAR-5,FL-LAR-1,False
597,HC-LAR-1,VC-LAR-5,False
597,HC-LAR-13,HC-LAR-1,False
597,HC-LAR-5,FL-LAR-5,False
597,VC-LAR-1,HC-LAR-13,False
597,VC-LAR-13,VC-LAR-1,False
597,VC-LAR-5,HC-LAR-5,False
598,FL-LAR-1,HC-LAR-5,False
598,FL-LAR-13,VC-LAR-5,False
598,FL-LAR-5,HC-LAR-13,False
598,HC-LAR-1,FL-LAR-1,False
598,HC-LAR-13,VC-LAR-13,False
598,HC-LAR-5,HC-LAR-1,False
598,VC-LAR-1,FL-LAR-5,False
598,VC-LAR-13,VC-LAR-1,False
598,VC-LAR-5,FL-LAR-13,False
599,FL-LAR-1,HC-LAR-5,False
599,FL-LAR-13,VC-LAR-5,False
599,FL-LAR-5,HC-LAR-13,False
599,HC-LAR-1,FL-LAR-5,False
599,HC-LAR-13,HC-LAR-1,False
599,HC-LAR-5,FL-LAR-13,False
599,VC-LAR-1,VC-LAR-1,True
599,VC-LAR-13,VC-LAR-13,True
599,VC-LAR-5,FL-LAR-1,False
600,FL-LAR-1,VC-LAR-13,False
600,FL-LAR-13,HC-LAR-5,False
600,FL-LAR-5,HC-LAR-13,False
600,HC-LAR-1,FL-LAR-1,False
600,HC-LAR-13,FL-LAR-13,False
600,HC-LAR-5,HC-LAR-1,False
600,VC-LAR-1,VC-LAR-1,True
600,VC-LAR-13,FL-LAR-5,False
600,VC-LAR-5,VC-LAR-5,True
601,FL-LAR-1,HC-LAR-5,False
601,FL-LAR-13,VC-LAR-1,False
601,FL-LAR-5,VC-LAR-13,False
601,HC-LAR-1,FL-LAR-5,False
601,HC-LAR-13,VC-LAR-5,False
601,HC-LAR-5,HC-LAR-1,False
601,VC-LAR-1,FL-LAR-13,False
601,VC-LAR-13,HC-LAR-13,False
601,VC-LAR-5,FL-LAR-1,False
602,FL-LAR-1,FL-LAR-1,True
602,FL-LAR-13,HC-LAR-13,False
602,FL-LAR-5,FL-LAR-5,True
602,HC-LAR-1,HC-LAR-1,True
602,HC-LAR-13,VC-LAR-13,False
602,HC-LAR-5,FL-LAR-13,False
602,VC-LAR-1,VC-LAR-5,False
602,VC-LAR-13,VC-LAR-1,False
602,VC-LAR-5,HC-LAR-5,False
603,FL-LAR-1,VC-LAR-13,False
603,FL-LAR-13,FL-LAR-13,True
603,FL-LAR-5,VC-LAR-1,False
603,HC-LAR-1,HC-LAR-5,False
603,HC-LAR-13,VC-LAR-5,False
603,HC-LAR-5,FL-LAR-1,False
603,VC-LAR-1,HC-LAR-1,False
603,VC-LAR-13,FL-LAR-5,False
603,VC-LAR-5,HC-LAR-13,False
604,FL-LAR-1,VC-LAR-5,False
604,FL-LAR-13,HC-LAR-1,False
604,FL-LAR-5,VC-LAR-13,False
604,HC-LAR-1,FL-LAR-1,False
604,HC-LAR-13,FL-LAR-13,False
604,HC-LAR-5,HC-LAR-13,False
604,VC-LAR-1,VC-LAR-1,True
604,VC-LAR-13,FL-LAR-5,False
604,VC-LAR-5,HC-LAR-5,False
605,FL-LAR-1,VC-LAR-13,False
605,FL-LAR-13,FL-LAR-1,False
605,FL-LAR-5,HC-LAR-13,False
605,HC-LAR-1,VC-LAR-5,False
605,HC-LAR-13,HC-LAR-5,False
605,HC-LAR-5,FL-LAR-13,False
605,VC-LAR-1,VC-LAR-1,True
605,VC-LAR-13,FL-LAR-5,False
605,VC-LAR-5,HC-LAR-1,False
606,FL-LAR-1,FL-LAR-5,False
606,FL-LAR-13,HC-LAR-13,False
606,FL-LAR-5,VC-LAR-13,False
606,HC-LAR-1,FL-LAR-1,False
606,HC-LAR-13,VC-LAR-5,False
606,HC-LAR-5,FL-LAR-13,False
606,VC-LAR-1,HC-LAR-1,False
606,VC-LAR-13,VC-LAR-1,False
606,VC-LAR-5,HC-LAR-5,False
607,FL-LAR-1,FL-LAR-1,True
607,FL-LAR-13,HC-LAR-13,False
607,FL-LAR-5,FL-LAR-5,True
607,HC-LAR-1,VC-LAR-5,False
607,HC-LAR-13,FL-LAR-13,False
607,HC-LAR-5,VC-LAR-1,False
607,VC-LAR-1,HC-LAR-1,False
607,VC-LAR-13,VC-LAR-13,True
607,VC-LAR-5,HC-LAR-5,False
608,FL-LAR-1,FL-LAR-5,False
608,FL-LAR-13,HC-LAR-5,False
608,FL-LAR-5,FL-LAR-1,False
608,HC-LAR-1,VC-LAR-5,False
608,HC-LAR-13,FL-LAR-13,False
608,HC-LAR-5,VC-LAR-13,False
608,VC-LAR-1,VC-LAR-1,True
608,VC-LAR-13,HC-LAR-1,False
608,VC-LAR-5,HC-LAR-13,False
609,FL-LAR-1,VC-LAR-13,False
609,FL-LAR-13,VC-LAR-5,False
609,FL-LAR-5,HC-LAR-1,False
609,HC-LAR-1,FL-LAR-13,False
609,HC-LAR-13,VC-LAR-1,False
609,HC-LAR-5,FL-LAR-1,False
609,VC-LAR-1,HC-LAR-13,False
609,VC-LAR-13,FL-LAR-5,False
609,VC-LAR-5,HC-LAR-5,False
610,FL-LAR-1,VC-LAR-13,False
610,FL-LAR-13,FL-LAR-5,False
610,FL-LAR-5,VC-LAR-5,False
610,HC-LAR-1,HC-LAR-13,False
610,HC-LAR-13,FL-LAR-1,False
610,HC-LAR-5,VC-LAR-1,False
610,VC-LAR-1,FL-LAR-13,False
610,VC-LAR-13,HC-LAR-5,False
610,VC-LAR-5,HC-LAR-1,False
611,FL-LAR-1,FL-LAR-1,True
611,FL-LAR-13,HC-LAR-13,False
611,FL-LAR-5,VC-LAR-13,False
611,HC-LAR-1,FL-LAR-5,False
611,HC-LAR-13,HC-LAR-5,False
611,HC-LAR-5,VC-LAR-1,False
611,VC-LAR-1,VC-LAR-5,False
611,VC-LAR-13,FL-LAR-13,False
611,VC-LAR-5,HC-LAR-1,False
612,FL-LAR-1,FL-LAR-5,False
612,FL-LAR-13,HC-LAR-1,False
612,FL-LAR-5,HC-LAR-5,False
612,HC-LAR-1,VC-LAR-5,False
612,HC-LAR-13,VC-LAR-13,False
612,HC-LAR-5,FL-LAR-13,False
612,VC-LAR-1,VC-LAR-1,True
612,VC-LAR-13,HC-LAR-13,False
612,VC-LAR-5,FL-LAR-1,False
613,FL-LAR-1,HC-LAR-5,False
613,FL-LAR-13,VC-LAR-1,False
613,FL-LAR-5,FL-LAR-1,False
613,HC-LAR-1,HC-LAR-13,False
613,HC-LAR-13,FL-LAR-13,False
613,HC-LAR-5,HC-LAR-1,False
613,VC-LAR-1,FL-LAR-5,False
613,VC-LAR-13,VC-LAR-13,True
613,VC-LAR-5,VC-LAR-5,True
614,FL-LAR-1,HC-LAR-13,False
614,FL-LAR-13,HC-LAR-5,False
614,FL-LAR-5,FL-LAR-13,False
614,HC-LAR-1,VC-LAR-13,False
614,HC-LAR-13,FL-LAR-5,False
614,HC-LAR-5,VC-LAR-1,False
614,VC-LAR-1,HC-LAR-1,False
614,VC-LAR-13,VC-LAR-5,False
614,VC-LAR-5,FL-LAR-1,False
615,FL-LAR-1,HC-LAR-13,False
615,FL-LAR-13,VC-LAR-1,False
615,FL-LAR-5,VC-LAR-5,False
615,HC-LAR-1,HC-LAR-1,True
615,HC-LAR-13,FL-LAR-5,False
615,HC-LAR-5,VC-LAR-13,False
615,VC-LAR-1,FL-LAR-13,False
615,VC-LAR-13,FL-LAR-1,False
615,VC-LAR-5,HC-LAR-5,False
616,FL-LAR-1,VC-LAR-5,False
616,FL-LAR-13,FL-LAR-1,False
616,FL-LAR-5,HC-LAR-5,False
616,HC-LAR-1,HC-LAR-13,False
616,HC-LAR-13,HC-LAR-1,False
616,HC-LAR-5,VC-LAR-1,False
616,VC-LAR-1,FL-LAR-5,False
616,VC-LAR-13,FL-LAR-13,False
616,VC-LAR-5,VC-LAR-13,False
617,FL-LAR-1,VC-LAR-13,False
617,FL-LAR-13,FL-LAR-5,False
617,FL-LAR-5,HC-LAR-5,False
617,HC-LAR-1,HC-LAR-13,False
617,HC-LAR-13,VC-LAR-1,False
617,HC-LAR-5,FL-LAR-1,False
617,VC-LAR-1,HC-LAR-1,False
617,VC-LAR-13,FL-LAR-13,False
617,VC-LAR-5,VC-LAR-5,True
618,FL-LAR-1,FL-LAR-1,True
618,FL-LAR-13,HC-LAR-13,False
618,FL-LAR-5,HC-LAR-5,False
618,HC-LAR-1,VC-LAR-1,False
618,HC-LAR-13,FL-LAR-13,False
618,HC-LAR-5,VC-LAR-5,False
618,VC-LAR-1,VC-LAR-13,False
618,VC-LAR-13,FL-LAR-5,False
618,VC-LAR-5,HC-LAR-1,False
619,FL-LAR-1,FL-LAR-1,True
619,FL-LAR-13,HC-LAR-13,False
619,FL-LAR-5,FL-LAR-13,False
619,HC-LAR-1,VC-LAR-5,False
619,HC-LAR-13,FL-LAR-5,False
619,HC-LAR-5,HC-LAR-5,True
619,VC-LAR-1,HC-LAR-1,False
619,VC-LAR-13,VC-LAR-1,False
619,VC-LAR-5,VC-LAR-13,False
620,FL-LAR-1,HC-LAR-1,False
620,FL-LAR-13,FL-LAR-5,False
620,FL-LAR-5,VC-LAR-13,False
620,HC-LAR-1,HC-LAR-13,False
620,HC-LAR-13,VC-LAR-1,False
620,HC-LAR-5,VC-LAR-5,False
620,VC-LAR-1,FL-LAR-13,False
620,VC-LAR-13,FL-LAR-1,False
620,VC-LAR-5,HC-LAR-5,False
621,FL-LAR-1,FL-LAR-1,True
621,FL-LAR-13,VC-LAR-5,False
621,FL-LAR-5,VC-LAR-13,False
621,HC-LAR-1,FL-LAR-5,False
621,HC-LAR-13,HC-LAR-5,False
621,HC-LAR-5,HC-LAR-13,False
621,VC-LAR-1,VC-LAR-1,True
621,VC-LAR-13,HC-LAR-1,False
621,VC-LAR-5,FL-LAR-13,False
622,FL-LAR-1,FL-LAR-13,False
622,FL-LAR-13,VC-LAR-1,False
622,FL-LAR-5,FL-LAR-5,True
622,HC-LAR-1,HC-LAR-13,False
622,HC-LAR-13,HC-LAR-1,False
622,HC-LAR-5,FL-LAR-1,False
622,VC-LAR-1,HC-LAR-5,False
622,VC-LAR-13,VC-LAR-5,False
622,VC-LAR-5,VC-LAR-13,False
623,FL-LAR-1,FL-LAR-5,False
623,FL-LAR-13,HC-LAR-5,False
623,FL-LAR-5,VC-LAR-1,False
623,HC-LAR-1,FL-LAR-13,False
623,HC-LAR-13,VC-LAR-13,False
623,HC-LAR-5,HC-LAR-13,False
623,VC-LAR-1,VC-LAR-5,False
623,VC-LAR-13,FL-LAR-1,False
623,VC-LAR-5,HC-LAR-1,False
624,FL-LAR-1,HC-LAR-5,False
624,FL-LAR-13,FL-LAR-1,False
624,FL-LAR-5,HC-LAR-13,False
624,HC-LAR-1,VC-LAR-1,False
624,HC-LAR-13,VC-LAR-13,False
624,HC-LAR-5,HC-LAR-1,False
624,VC-LAR-1,VC-LAR-5,False
624,VC-LAR-13,FL-LAR-13,False
624,VC-LAR-5,FL-LAR-5,False
625,FL-LAR-1,HC-LAR-13,False
625,FL-LAR-13,VC-LAR-13,False
625,FL-LAR-5,FL-LAR-1,False
625,HC-LAR-1,VC-LAR-1,False
625,HC-LAR-13,HC-LAR-1,False
625,HC-LAR-5,FL-LAR-13,False
625,VC-LAR-1,VC-LAR-5,False
625,VC-LAR-13,HC-LAR-5,False
625,VC-LAR-5,FL-LAR-5,False
626,FL-LAR-1,VC-LAR-5,False
626,FL-LAR-13,FL-LAR-13,True
626,FL-LAR-5,FL-LAR-1,False
626,HC-LAR-1,VC-LAR-13,False
626,HC-LAR-13,VC-LAR-1,False
626,HC-LAR-5,FL-LAR-5,False
626,VC-LAR-1,HC-LAR-5,False
626,VC-LAR-13,HC-LAR-13,False
626,VC-LAR-5,HC-LAR-1,False
627,FL-LAR-1,HC-LAR-1,False
627,FL-LAR-13,FL-LAR-1,False
627,FL-LAR-5,FL-LAR-5,True
627,HC-LAR-1,FL-LAR-13,False
627,HC-LAR-13,VC-LAR-13,False
627,HC-LAR-5,HC-LAR-13,False
627,VC-LAR-1,HC-LAR-5,False
627,VC-LAR-13,VC-LAR-1,False
627,VC-LAR-5,VC-LAR-5,True
628,FL-LAR-1,HC-LAR-1,False
628,FL-LAR-13,HC-LAR-5,False
628,FL-LAR-5,HC-LAR-13,False
628,HC-LAR-1,FL-LAR-1,False
628,HC-LAR-13,VC-LAR-13,False
628,HC-LAR-5,FL-LAR-13,False
628,VC-LAR-1,VC-LAR-5,False
628,VC-LAR-13,VC-LAR-1,False
628,VC-LAR-5,FL-LAR-5,False
629,FL-LAR-1,FL-LAR-13,False
629,FL-LAR-13,VC-LAR-13,False
629,FL-LAR-5,FL-LAR-5,True
629,HC-LAR-1,HC-LAR-1,True
629,HC-LAR-13,VC-LAR-5,False
629,HC-LAR-5,HC-LAR-5,True
629,VC-LAR-1,VC-LAR-1,True
629,VC-LAR-13,HC-LAR-13,False
629,VC-LAR-5,FL-LAR-1,False
630,FL-LAR-1,VC-LAR-5,False
630,FL-LAR-13,FL-LAR-13,True
630,FL-LAR-5,HC-LAR-13,False
630,HC-LAR-1,VC-LAR-13,False
630,HC-LAR-13,FL-LAR-1,False
630,HC-LAR-5,FL-LAR-5,False
630,VC-LAR-1,VC-LAR-1,True
630,VC-LAR-13,HC-LAR-5,False
630,VC-LAR-5,HC-LAR-1,False
631,FL-LAR-1,VC-LAR-5,False
631,FL-LAR-13,HC-LAR-5,False
631,FL-LAR-5,HC-LAR-1,False
631,HC-LAR-1,VC-LAR-13,False
631,HC-LAR-13,FL-LAR-5,False
631,HC-LAR-5,FL-LAR-13,False
631,VC-LAR-1,VC-LAR-1,True
631,VC-LAR-13,HC-LAR-13,False
631,VC-LAR-5,FL-LAR-1,False
632,FL-LAR-1,FL-LAR-5,False
632,FL-LAR-13,HC-LAR-13,False
632,FL-LAR-5,HC-LAR-1,False
632,HC-LAR-1,VC-LAR-5,False
632,HC-LAR-13,HC-LAR-5,False
632,HC-LAR-5,VC-LAR-13,False
632,VC-LAR-1,VC-LAR-1,True
632,VC-LAR-13,FL-LAR-1,False
632,VC-LAR-5,FL-LAR-13,False
633,FL-LAR-1,HC-LAR-13,False
633,FL-LAR-13,HC-LAR-5,False
633,FL-LAR-5,VC-LAR-1,False
633,HC-LAR-1,VC-LAR-13,False
633,HC-LAR-13,FL-LAR-5,False
633,HC-LAR-5,VC-LAR-5,False
633,VC-LAR-1,HC-LAR-1,False
633,VC-LAR-13,FL-LAR-1,False
633,VC-LAR-5,FL-LAR-13,False
634,FL-LAR-1,FL-LAR-5,False
634,FL-LAR-13,HC-LAR-1,False
634,FL-LAR-5,VC-LAR-13,False
634,HC-LAR-1,HC-LAR-5,False
634,HC-LAR-13,HC-LAR-13,True
634,HC-LAR-5,FL-LAR-1,False
634,VC-LAR-1,FL-LAR-13,False
634,VC-LAR-13,VC-LAR-5,False
634,VC-LAR-5,VC-LAR-1,False
635,FL-LAR-1,HC-LAR-13,False
635,FL-LAR-13,FL-LAR-13,True
635,FL-LAR-5,VC-LAR-13,False
635,HC-LAR-1,FL-LAR-5,False
635,HC-LAR-13,VC-LAR-1,False
635,HC-LAR-5,VC-LAR-5,False
635,VC-LAR-1,HC-LAR-1,False
635,VC-LAR-13,FL-LAR-1,False
635,VC-LAR-5,HC-LAR-5,False
636,FL-LAR-1,HC-LAR-13,False
636,FL-LAR-13,HC-LAR-1,False
636,FL-LAR-5,FL-LAR-13,False
636,HC-LAR-1,VC-LAR-5,False
636,HC-LAR-13,FL-LAR-1,False
636,HC-LAR-5,VC-LAR-1,False
636,VC-LAR-1,VC-LAR-13,False
636,VC-LAR-13,FL-LAR-5,False
636,VC-LAR-5,HC-LAR-5,False
637,FL-LAR-1,VC-LAR-1,False
637,FL-LAR-13,FL-LAR-1,False
637,FL-LAR-5,VC-LAR-13,False
637,HC-LAR-1,FL-LAR-5,False
637,HC-LAR-13,HC-LAR-5,False
637,HC-LAR-5,VC-LAR-5,False
637,VC-LAR-1,FL-LAR-13,False
637,VC-LAR-13,HC-LAR-1,False
637,VC-LAR-5,HC-LAR-13,False
638,FL-LAR-1,VC-LAR-5,False
638,FL-LAR-13,FL-LAR-5,False
638,FL-LAR-5,HC-LAR-1,False
638,HC-LAR-1,FL-LAR-13,False
638,HC-LAR-13,FL-LAR-1,False
638,HC-LAR-5,HC-LAR-5,True
638,VC-LAR-1,HC-LAR-13,False
638,VC-LAR-13,VC-LAR-13,True
638,VC-LAR-5,VC-LAR-1,False
639,FL-LAR-1,FL-LAR-5,False
639,FL-LAR-13,VC-LAR-13,False
639,FL-LAR-5,FL-LAR-13,False
639,HC-LAR-1,FL-LAR-1,False
639,HC-LAR-13,HC-LAR-1,False
639,HC-LAR-5,HC-LAR-13,False
639,VC-LAR-1,VC-LAR-1,True
639,VC-LAR-13,VC-LAR-5,False
639,VC-LAR-5,HC-LAR-5,False
640,FL-LAR-1,HC-LAR-13,False
640,FL-LAR-13,VC-LAR-13,False
640,FL-LAR-5,HC-LAR-5,False
640,HC-LAR-1,VC-LAR-5,False
640,HC-LAR-13,HC-LAR-1,False
640,HC-LAR-5,FL-LAR-1,False
640,VC-LAR-1,FL-LAR-13,False
640,VC-LAR-13,VC-LAR-1,False
640,VC-LAR-5,FL-LAR-5,False
641,FL-LAR-1,VC-LAR-5,False
641,FL-LAR-13,FL-LAR-13,True
641,FL-LAR-5,FL-LAR-1,False
641,HC-LAR-1,VC-LAR-1,False
641,HC-LAR-13,FL-LAR-5,False
641,HC-LAR-5,HC-LAR-5,True
641,VC-LAR-1,VC-LAR-13,False
641,VC-LAR-13,HC-LAR-13,False
641,VC-LAR-5,HC-LAR-1,False
642,FL-LAR-1,HC-LAR-1,False
642,FL-LAR-13,FL-LAR-1,False
642,FL-LAR-5,HC-LAR-13,False
642,HC-LAR-1,FL-LAR-5,False
642,HC-LAR-13,VC-LAR-1,False
642,HC-LAR-5,HC-LAR-5,True
642,VC-LAR-1,FL-LAR-13,False
642,VC-LAR-13,VC-LAR-5,False
642,VC-LAR-5,VC-LAR-13,False
643,FL-LAR-1,VC-LAR-1,False
643,FL-LAR-13,HC-LAR-1,False
643,FL-LAR-5,VC-LAR-5,False
643,HC-LAR-1,HC-LAR-5,False
643,HC-LAR-13,VC-LAR-13,False
643,HC-LAR-5,FL-LAR-5,False
643,VC-LAR-1,FL-LAR-1,False
643,VC-LAR-13,HC-LAR-13,False
643,VC-LAR-5,FL-LAR-13,False
644,FL-LAR-1,FL-LAR-5,False
644,FL-LAR-13,HC-LAR-5,False
644,FL-LAR-5,VC-LAR-5,False
644,HC-LAR-1,VC-LAR-1,False
644,HC-LAR-13,HC-LAR-13,True
644,HC-LAR-5,FL-LAR-1,False
644,VC-LAR-1,FL-LAR-13,False
644,VC-LAR-13,HC-LAR-1,False
644,VC-LAR-5,VC-LAR-13,False
645,FL-LAR-1,FL-LAR-5,False
645,FL-LAR-13,HC-LAR-5,False
645,FL-LAR-5,VC-LAR-13,False
645,HC-LAR-1,HC-LAR-1,True
645,HC-LAR-13,HC-LAR-13,True
645,HC-LAR-5,VC-LAR-5,False
645,VC-LAR-1,FL-LAR-13,False
645,VC-LAR-13,VC-LAR-1,False
645,VC-LAR-5,FL-LAR-1,False
646,FL-LAR-1,HC-LAR-13,False
646,FL-LAR-13,VC-LAR-13,False
646,FL-LAR-5,HC-LAR-1,False
646,HC-LAR-1,FL-LAR-5,False
646,HC-LAR-13,FL-LAR-1,False
646,HC-LAR-5,FL-LAR-13,False
646,VC-LAR-1,VC-LAR-1,True
646,VC-LAR-13,HC-LAR-5,False
646,VC-LAR-5,VC-LAR-5,True
647,FL-LAR-1,FL-LAR-1,True
647,FL-LAR-13,FL-LAR-13,True
647,FL-LAR-5,HC-LAR-13,False
647,HC-LAR-1,VC-LAR-5,False
647,HC-LAR-13,HC-LAR-5,False
647,HC-LAR-5,VC-LAR-1,False
647,VC-LAR-1,HC-LAR-1,False
647,VC-LAR-13,VC-LAR-13,True
647,VC-LAR-5,FL-LAR-5,False
648,FL-LAR-1,VC-LAR-1,False
648,FL-LAR-13,HC-LAR-5,False
648,FL-LAR-5,VC-LAR-13,False
648,HC-LAR-1,HC-LAR-13,False
648,HC-LAR-13,VC-LAR-5,False
648,HC-LAR-5,HC-LAR-1,False
648,VC-LAR-1,FL-LAR-5,False
648,VC-LAR-13,FL-LAR-1,False
648,VC-LAR-5,FL-LAR-13,False
649,FL-LAR-1,HC-LAR-1,False
649,FL-LAR-13,HC-LAR-13,False
649,FL-LAR-5,HC-LAR-5,False
649,HC-LAR-1,VC-LAR-1,False
649,HC-LAR-13,VC-LAR-13,False
649,HC-LAR-5,FL-LAR-1,False
649,VC-LAR-1,VC-LAR-5,False
649,VC-LAR-13,FL-LAR-13,False
649,VC-LAR-5,FL-LAR-5,False
650,FL-LAR-1,VC-LAR-5,False
650,FL-LAR-13,HC-LAR-5,False
650,FL-LAR-5,HC-LAR-13,False
650,HC-LAR-1,FL-LAR-5,False
650,HC-LAR-13,FL-LAR-1,False
650,HC-LAR-5,VC-LAR-1,False
650,VC-LAR-1,VC-LAR-13,False
650,VC-LAR-13,FL-LAR-13,False
650,VC-LAR-5,HC-LAR-1,False
651,FL-LAR-1,FL-LAR-13,False
651,FL-LAR-13,HC-LAR-5,False
651,FL-LAR-5,HC-LAR-13,False
651,HC-LAR-1,FL-LAR-5,False
651,HC-LAR-13,HC-LAR-1,False
651,HC-LAR-5,FL-LAR-1,False
651,VC-LAR-1,VC-LAR-1,True
651,VC-LAR-13,VC-LAR-13,True
651,VC-LAR-5,VC-LAR-5,True
652,FL-LAR-1,VC-LAR-5,False
652,FL-LAR-13,FL-LAR-5,False
652,FL-LAR-5,HC-LAR-13,False
652,HC-LAR-1,FL-LAR-13,False
652,HC-LAR-13,VC-LAR-13,False
652,HC-LAR-5,HC-LAR-1,False
652,VC-LAR-1,HC-LAR-5,False
652,VC-LAR-13,FL-LAR-1,False
652,VC-LAR-5,VC-LAR-1,False
653,FL-LAR-1,VC-LAR-13,False
653,FL-LAR-13,FL-LAR-5,False
653,FL-LAR-5,HC-LAR-13,False
653,HC-LAR-1,FL-LAR-13,False
653,HC-LAR-13,HC-LAR-5,False
653,HC-LAR-5,VC-LAR-1,False
653,VC-LAR-1,FL-LAR-1,False
653,VC-LAR-13,VC-LAR-5,False
653,VC-LAR-5,HC-LAR-1,False
654,FL-LAR-1,FL-LAR-1,True
654,FL-LAR-13,HC-LAR-13,False
654,FL-LAR-5,VC-LAR-5,False
654,HC-LAR-1,VC-LAR-1,False
654,HC-LAR-13,FL-LAR-13,False
654,HC-LAR-5,HC-LAR-1,False
654,VC-LAR-1,VC-LAR-13,False
654,VC-LAR-13,FL-LAR-5,False
654,VC-LAR-5,HC-LAR-5,False
655,FL-LAR-1,VC-LAR-13,False
655,FL-LAR-13,FL-LAR-1,False
655,FL-LAR-5,HC-LAR-5,False
655,HC-LAR-1,VC-LAR-5,False
655,HC-LAR-13,FL-LAR-13,False
655,HC-LAR-5,VC-LAR-1,False
655,VC-LAR-1,HC-LAR-13,False
655,VC-LAR-13,FL-LAR-5,False
655,VC-LAR-5,HC-LAR-1,False
656,FL-LAR-1,VC-LAR-1,False
656,FL-LAR-13,HC-LAR-1,False
656,FL-LAR-5,FL-LAR-1,False
656,HC-LAR-1,HC-LAR-5,False
656,HC-LAR-13,FL-LAR-13,False
656,HC-LAR-5,VC-LAR-13,False
656,VC-LAR-1,FL-LAR-5,False
656,VC-LAR-13,HC-LAR-13,False
656,VC-LAR-5,VC-LAR-5,True
657,FL-LAR-1,VC-LAR-5,False
657,FL-LAR-13,FL-LAR-13,True
657,FL-LAR-5,HC-LAR-5,False
657,HC-LAR-1,HC-LAR-13,False
657,HC-LAR-13,FL-LAR-5,False
657,HC-LAR-5,VC-LAR-1,False
657,VC-LAR-1,HC-LAR-1,False
657,VC-LAR-13,VC-LAR-13,True
657,VC-LAR-5,FL-LAR-1,False
658,FL-LAR-1,HC-LAR-5,False
658,FL-LAR-13,FL-LAR-5,False
658,FL-LAR-5,HC-LAR-13,False
658,HC-LAR-1,VC-LAR-5,False
658,HC-LAR-13,HC-LAR-1,False
658,HC-LAR-5,FL-LAR-13,False
658,VC-LAR-1,FL-LAR-1,False
658,VC-LAR-13,VC-LAR-1,False
658,VC-LAR-5,VC-LAR-13,False
659,FL-LAR-1,FL-LAR-13,False
659,FL-LAR-13,HC-LAR-5,False
659,FL-LAR-5,HC-LAR-13,False
659,HC-LAR-1,FL-LAR-5,False
659,HC-LAR-13,VC-LAR-5,False
659,HC-LAR-5,FL-LAR-1,False
659,VC-LAR-1,HC-LAR-1,False
659,VC-LAR-13,VC-LAR-1,False
659,VC-LAR-5,VC-LAR-13,False
660,FL-LAR-1,FL-LAR-13,False
660,FL-LAR-13,HC-LAR-13,False
660,FL-LAR-5,HC-LAR-5,False
660,HC-LAR-1,VC-LAR-5,False
660,HC-LAR-13,VC-LAR-1,False
660,HC-LAR-5,VC-LAR-13,False
660,VC-LAR-1,HC-LAR-1,False
660,VC-LAR-13,FL-LAR-5,False
660,VC-LAR-5,FL-LAR-1,False
661,FL-LAR-1,VC-LAR-5,False
661,FL-LAR-13,HC-LAR-13,False
661,FL-LAR-5,FL-LAR-13,False
661,HC-LAR-1,FL-LAR-1,False
661,HC-LAR-13,FL-LAR-5,False
661,HC-LAR-5,HC-LAR-5,True
661,VC-LAR-1,HC-LAR-1,False
661,VC-LAR-13,VC-LAR-13,True
661,VC-LAR-5,VC-LAR-1,False
662,FL-LAR-1,HC-LAR-1,False
662,FL-LAR-13,FL-LAR-5,False
662,FL-LAR-5,HC-LAR-5,False
662,HC-LAR-1,FL-LAR-13,False
662,HC-LAR-13,VC-LAR-5,False
662,HC-LAR-5,HC-LAR-13,False
662,VC-LAR-1,VC-LAR-13,False
662,VC-LAR-13,VC-LAR-1,False
662,VC-LAR-5,FL-LAR-1,False
663,FL-LAR-1,HC-LAR-1,False
663,FL-LAR-13,FL-LAR-13,True
663,FL-LAR-5,FL-LAR-1,False
663,HC-LAR-1,VC-LAR-1,False
663,HC-LAR-13,HC-LAR-13,True
663,HC-LAR-5,HC-LAR-5,True
663,VC-LAR-1,FL-LAR-5,False
663,VC-LAR-13,VC-LAR-13,True
663,VC-LAR-5,VC-LAR-5,True
664,FL-LAR-1,FL-LAR-1,True
664,FL-LAR-13,VC-LAR-5,False
664,FL-LAR-5,HC-LAR-1,False
664,HC-LAR-1,VC-LAR-13,False
664,HC-LAR-13,FL-LAR-13,False
664,HC-LAR-5,HC-LAR-13,False
664,VC-LAR-1,VC-LAR-1,True
664,VC-LAR-13,HC-LAR-5,False
664,VC-LAR-5,FL-LAR-5,False
665,FL-LAR-1,VC-LAR-13,False
665,FL-LAR-13,FL-LAR-5,False
665,FL-LAR-5,VC-LAR-1,False
665,HC-LAR-1,HC-LAR-5,False
665,HC-LAR-13,FL-LAR-1,False
665,HC-LAR-5,VC-LAR-5,False
665,VC-LAR-1,FL-LAR-13,False
665,VC-LAR-13,HC-LAR-13,False
665,VC-LAR-5,HC-LAR-1,False
666,FL-LAR-1,VC-LAR-5,False
666,FL-LAR-13,FL-LAR-13,True
666,FL-LAR-5,VC-LAR-1,False
666,HC-LAR-1,HC-LAR-13,False
666,HC-LAR-13,VC-LAR-13,False
666,HC-LAR-5,FL-LAR-5,False
666,VC-LAR-1,FL-LAR-1,False
666,VC-LAR-13,HC-LAR-5,False
666,VC-LAR-5,HC-LAR-1,False
667,FL-LAR-1,VC-LAR-5,False
667,FL-LAR-13,VC-LAR-1,False
667,FL-LAR-5,HC-LAR-1,False
667,HC-LAR-1,FL-LAR-13,False
667,HC-LAR-13,FL-LAR-1,False
667,HC-LAR-5,HC-LAR-13,False
667,VC-LAR-1,FL-LAR-5,False
667,VC-LAR-13,HC-LAR-5,False
667,VC-LAR-5,VC-LAR-13,False
668,FL-LAR-1,HC-LAR-5,False
668,FL-LAR-13,VC-LAR-5,False
668,FL-LAR-5,VC-LAR-13,False
668,HC-LAR-1,HC-LAR-13,False
668,HC-LAR-13,HC-LAR-1,False
668,HC-LAR-5,FL-LAR-1,False
668,VC-LAR-1,FL-LAR-5,False
668,VC-LAR-13,VC-LAR-1,False
668,VC-LAR-5,FL-LAR-13,False
669,FL-LAR-1,FL-LAR-13,False
669,FL-LAR-13,FL-LAR-1,False
669,FL-LAR-5,VC-LAR-1,False
669,HC-LAR-1,VC-LAR-13,False
669,HC-LAR-13,FL-LAR-5,False
669,HC-LAR-5,HC-LAR-13,False
669,VC-LAR-1,VC-LAR-5,False
669,VC-LAR-13,HC-LAR-1,False
669,VC-LAR-5,HC-LAR-5,False
670,FL-LAR-1,HC-LAR-13,False
670,FL-LAR-13,FL-LAR-5,False
670,FL-LAR-5,FL-LAR-13,False
670,HC-LAR-1,HC-LAR-1,True
670,HC-LAR-13,VC-LAR-13,False
670,HC-LAR-5,VC-LAR-1,False
670,VC-LAR-1,FL-LAR-1,False
670,VC-LAR-13,VC-LAR-5,False
670,VC-LAR-5,HC-LAR-5,False
671,FL-LAR-1,VC-LAR-13,False
671,FL-LAR-13,VC-LAR-1,False
671,FL-LAR-5,FL-LAR-13,False
671,HC-LAR-1,HC-LAR-5,False
671,HC-LAR-13,HC-LAR-13,True
671,HC-LAR-5,FL-LAR-5,False
671,VC-LAR-1,HC-LAR-1,False
671,VC-LAR-13,VC-LAR-5,False
671,VC-LAR-5,FL-LAR-1,False
672,FL-LAR-1,HC-LAR-1,False
672,FL-LAR-13,VC-LAR-5,False
672,FL-LAR-5,VC-LAR-1,False
672,HC-LAR-1,HC-LAR-13,False
672,HC-LAR-13,FL-LAR-13,False
672,HC-LAR-5,HC-LAR-5,True
672,VC-LAR-1,VC-LAR-13,False
672,VC-LAR-13,FL-LAR-5,False
672,VC-LAR-5,FL-LAR-1,False
673,FL-LAR-1,FL-LAR-1,True
673,FL-LAR-13,HC-LAR-1,False
673,FL-LAR-5,VC-LAR-1,False
673,HC-LAR-1,HC-LAR-5,False
673,HC-LAR-13,HC-LAR-13,True
673,HC-LAR-5,FL-LAR-13,False
673,VC-LAR-1,VC-LAR-5,False
673,VC-LAR-13,VC-LAR-13,True
673,VC-LAR-5,FL-LAR-5,False
674,FL-LAR-1,FL-LAR-5,False
674,FL-LAR-13,FL-LAR-1,False
674,FL-LAR-5,VC-LAR-5,False
674,HC-LAR-1,VC-LAR-1,False
674,HC-LAR-13,HC-LAR-13,True
674,HC-LAR-5,VC-LAR-13,False
674,VC-LAR-1,HC-LAR-1,False
674,VC-LAR-13,HC-LAR-5,False
674,VC-LAR-5,FL-LAR-13,False
675,FL-LAR-1,VC-LAR-1,False
675,FL-LAR-13,HC-LAR-5,False
675,FL-LAR-5,FL-LAR-1,False
675,HC-LAR-1,VC-LAR-5,False
675,HC-LAR-13,FL-LAR-13,False
675,HC-LAR-5,HC-LAR-13,False
675,VC-LAR-1,HC-LAR-1,False
675,VC-LAR-13,FL-LAR-5,False
675,VC-LAR-5,VC-LAR-13,False
676,FL-LAR-1,FL-LAR-1,True
676,FL-LAR-13,VC-LAR-1,False
676,FL-LAR-5,HC-LAR-13,False
676,HC-LAR-1,FL-LAR-5,False
676,HC-LAR-13,HC-LAR-1,False
676,HC-LAR-5,VC-LAR-13,False
676,VC-LAR-1,VC-LAR-5,False
676,VC-LAR-13,FL-LAR-13,False
676,VC-LAR-5,HC-LAR-5,False
677,FL-LAR-1,VC-LAR-1,False
677,FL-LAR-13,VC-LAR-13,False
677,FL-LAR-5,FL-LAR-5,True
677,HC-LAR-1,HC-LAR-5,False
677,HC-LAR-13,HC-LAR-13,True
677,HC-LAR-5,VC-LAR-5,False
677,VC-LAR-1,FL-LAR-1,False
677,VC-LAR-13,FL-LAR-13,False
677,VC-LAR-5,HC-LAR-1,False
678,FL-LAR-1,HC-LAR-1,False
678,FL-LAR-13,VC-LAR-5,False
678,FL-LAR-5,HC-LAR-5,False
678,HC-LAR-1,HC-LAR-13,False
678,HC-LAR-13,VC-LAR-13,False
678,HC-LAR-5,VC-LAR-1,False
678,VC-LAR-1,FL-LAR-1,False
678,VC-LAR-13,FL-LAR-13,False
678,VC-LAR-5,FL-LAR-5,False
679,FL-LAR-1,VC-LAR-1,False
679,FL-LAR-13,FL-LAR-13,True
679,FL-LAR-5,HC-LAR-13,False
679,HC-LAR-1,FL-LAR-1,False
679,HC-LAR-13,VC-LAR-13,False
679,HC-LAR-5,FL-LAR-5,False
679,VC-LAR-1,HC-LAR-1,False
679,VC-LAR-13,HC-LAR-5,False
679,VC-LAR-5,VC-LAR-5,True
680,FL-LAR-1,HC-LAR-13,False
680,FL-LAR-13,HC-LAR-1,False
680,FL-LAR-5,VC-LAR-5,False
680,HC-LAR-1,HC-LAR-5,False
680,HC-LAR-13,VC-LAR-13,False
680,HC-LAR-5,FL-LAR-5,False
680,VC-LAR-1,FL-LAR-13,False
680,VC-LAR-13,FL-LAR-1,False
680,VC-LAR-5,VC-LAR-1,False
681,FL-LAR-1,VC-LAR-13,False
681,FL-LAR-13,VC-LAR-1,False
681,FL-LAR-5,HC-LAR-5,False
681,HC-LAR-1,FL-LAR-13,False
681,HC-LAR-13,FL-LAR-1,False
681,HC-LAR-5,HC-LAR-13,False
681,VC-LAR-1,FL-LAR-5,False
681,VC-LAR-13,HC-LAR-1,False
681,VC-LAR-5,VC-LAR-5,True
682,FL-LAR-1,FL-LAR-5,False
682,FL-LAR-13,FL-LAR-1,False
682,FL-LAR-5,FL-LAR-13,False
682,HC-LAR-1,HC-LAR-5,False
682,HC-LAR-13,VC-LAR-13,False
682,HC-LAR-5,HC-LAR-13,False
682,VC-LAR-1,VC-LAR-5,False
682,VC-LAR-13,HC-LAR-1,False
682,VC-LAR-5,VC-LAR-1,False
683,FL-LAR-1,HC-LAR-1,False
683,FL-LAR-13,VC-LAR-13,False
683,FL-LAR-5,VC-LAR-1,False
683,HC-LAR-1,FL-LAR-5,False
683,HC-LAR-13,FL-LAR-13,False
683,HC-LAR-5,VC-LAR-5,False
683,VC-LAR-1,FL-LAR-1,False
683,VC-LAR-13,HC-LAR-5,False
683,VC-LAR-5,HC-LAR-13,False
684,FL-LAR-1,HC-LAR-1,False
684,FL-LAR-13,HC-LAR-13,False
684,FL-LAR-5,FL-LAR-1,False
684,HC-LAR-1,VC-LAR-13,False
684,HC-LAR-13,FL-LAR-13,False
684,HC-LAR-5,HC-LAR-5,True
684,VC-LAR-1,VC-LAR-5,False
684,VC-LAR-13,VC-LAR-1,False
684,VC-LAR-5,FL-LAR-5,False
685,FL-LAR-1,VC-LAR-1,False
685,FL-LAR-13,HC-LAR-5,False
685,FL-LAR-5,FL-LAR-13,False
685,HC-LAR-1,VC-LAR-5,False
685,HC-LAR-13,FL-LAR-5,False
685,HC-LAR-5,HC-LAR-13,False
685,VC-LAR-1,FL-LAR-1,False
685,VC-LAR-13,VC-LAR-13,True
685,VC-LAR-5,HC-LAR-1,False
686,FL-LAR-1,FL-LAR-1,True
686,FL-LAR-13,VC-LAR-5,False
686,FL-LAR-5,FL-LAR-13,False
686,HC-LAR-1,FL-LAR-5,False
686,HC-LAR-13,VC-LAR-1,False
686,HC-LAR-5,HC-LAR-5,True
686,VC-LAR-1,HC-LAR-1,False
686,VC-LAR-13,VC-LAR-13,True
686,VC-LAR-5,HC-LAR-13,False
687,FL-LAR-1,FL-LAR-5,False
687,FL-LAR-13,VC-LAR-1,False
687,FL-LAR-5,HC-LAR-5,False
687,HC-LAR-1,FL-LAR-13,False
687,HC-LAR-13,VC-LAR-13,False
687,HC-LAR-5,HC-LAR-13,False
687,VC-LAR-1,HC-LAR-1,False
687,VC-LAR-13,VC-LAR-5,False
687,VC-LAR-5,FL-LAR-1,False
688,FL-LAR-1,FL-LAR-1,True
688,FL-LAR-13,VC-LAR-1,False
688,FL-LAR-5,HC-LAR-1,False
688,HC-LAR-1,VC-LAR-13,False
688,HC-LAR-13,FL-LAR-5,False
688,HC-LAR-5,FL-LAR-13,False
688,VC-LAR-1,HC-LAR-5,False
688,VC-LAR-13,HC-LAR-13,False
688,VC-LAR-5,VC-LAR-5,True
689,FL-LAR-1,HC-LAR-13,False
689,FL-LAR-13,VC-LAR-5,False
689,FL-LAR-5,VC-LAR-13,False
689,HC-LAR-1,HC-LAR-1,True
689,HC-LAR-13,FL-LAR-5,False
689,HC-LAR-5,HC-LAR-5,True
689,VC-LAR-1,FL-LAR-1,False
689,VC-LAR-13,FL-LAR-13,False
689,VC-LAR-5,VC-LAR-1,False
690,FL-LAR-1,VC-LAR-13,False
690,FL-LAR-13,HC-LAR-1,False
690,FL-LAR-5,HC-LAR-13,False
690,HC-LAR-1,FL-LAR-13,False
690,HC-LAR-13,VC-LAR-5,False
690,HC-LAR-5,VC-LAR-1,False
690,VC-LAR-1,FL-LAR-5,False
690,VC-LAR-13,FL-LAR-1,False
690,VC-LAR-5,HC-LAR-5,False
691,FL-LAR-1,VC-LAR-5,False
691,FL-LAR-13,HC-LAR-13,False
691,FL-LAR-5,HC-LAR-1,False
691,HC-LAR-1,VC-LAR-1,False
691,HC-LAR-13,FL-LAR-1,False
691,HC-LAR-5,VC-LAR-13,False
691,VC-LAR-1,FL-LAR-13,False
691,VC-LAR-13,FL-LAR-5,False
691,VC-LAR-5,HC-LAR-5,False
692,FL-LAR-1,FL-LAR-1,True
692,FL-LAR-13,HC-LAR-5,False
692,FL-LAR-5,HC-LAR-13,False
692,HC-LAR-1,FL-LAR-13,False
692,HC-LAR-13,VC-LAR-13,False
692,HC-LAR-5,FL-LAR-5,False
692,VC-LAR-1,VC-LAR-1,True
692,VC-LAR-13,VC-LAR-5,False
692,VC-LAR-5,HC-LAR-1,False
693,FL-LAR-1,VC-LAR-1,False
693,FL-LAR-13,VC-LAR-5,False
693,FL-LAR-5,VC-LAR-13,False
693,HC-LAR-1,FL-LAR-13,False
693,HC-LAR-13,HC-LAR-1,False
693,HC-LAR-5,FL-LAR-1,False
693,VC-LAR-1,HC-LAR-13,False
693,VC-LAR-13,HC-LAR-5,False
693,VC-LAR-5,FL-LAR-5,False
694,FL-LAR-1,FL-LAR-13,False
694,FL-LAR-13,VC-LAR-5,False
694,FL-LAR-5,FL-LAR-1,False
694,HC-LAR-1,HC-LAR-13,False
694,HC-LAR-13,VC-LAR-13,False
694,HC-LAR-5,VC-LAR-1,False
694,VC-LAR-1,HC-LAR-5,False
694,VC-LAR-13,HC-LAR-1,False
694,VC-LAR-5,FL-LAR-5,False
695,FL-LAR-1,FL-LAR-13,False
695,FL-LAR-13,VC-LAR-5,False
695,FL-LAR-5,HC-LAR-13,False
695,HC-LAR-1,FL-LAR-1,False
695,HC-LAR-13,VC-LAR-13,False
695,HC-LAR-5,HC-LAR-1,False
695,VC-LAR-1,VC-LAR-1,True
695,VC-LAR-13,FL-LAR-5,False
695,VC-LAR-5,HC-LAR-5,False
696,FL-LAR-1,VC-LAR-1,False
696,FL-LAR-13,FL-LAR-1,False
696,FL-LAR-5,HC-LAR-13,False
696,HC-LAR-1,HC-LAR-1,True
696,HC-LAR-13,FL-LAR-13,False
696,HC-LAR-5,HC-LAR-5,True
696,VC-LAR-1,FL-LAR-5,False
696,VC-LAR-13,VC-LAR-5,False
696,VC-LAR-5,VC-LAR-13,False
697,FL-LAR-1,HC-LAR-5,False
697,FL-LAR-13,FL-LAR-5,False
697,FL-LAR-5,FL-LAR-13,False
697,HC-LAR-1,VC-LAR-13,False
697,HC-LAR-13,VC-LAR-5,False
697,HC-LAR-5,VC-LAR-1,False
697,VC-LAR-1,HC-LAR-1,False
697,VC-LAR-13,FL-LAR-1,False
697,VC-LAR-5,HC-LAR-13,False
698,FL-LAR-1,FL-LAR-13,False
698,FL-LAR-13,FL-LAR-5,False
698,FL-LAR-5,HC-LAR-5,False
698,HC-LAR-1,VC-LAR-13,False
698,HC-LAR-13,FL-LAR-1,False
698,HC-LAR-5,VC-LAR-5,False
698,VC-LAR-1,VC-LAR-1,True
698,VC-LAR-13,HC-LAR-1,False
698,VC-LAR-5,HC-LAR-13,False
699,FL-LAR-1,FL-LAR-5,False
699,FL-LAR-13,VC-LAR-5,False
699,FL-LAR-5,HC-LAR-5,False
699,HC-LAR-1,FL-LAR-13,False
699,HC-LAR-13,VC-LAR-1,False
699,HC-LAR-5,FL-LAR-1,False
699,VC-LAR-1,VC-LAR-13,False
699,VC-LAR-13,HC-LAR-13,False
699,VC-LAR-5,HC-LAR-1,False
700,FL-LAR-1,FL-LAR-13,False
700,FL-LAR-13,HC-LAR-1,False
700,FL-LAR-5,FL-LAR-5,True
700,HC-LAR-1,VC-LAR-5,False
700,HC-LAR-13,HC-LAR-13,True
700,HC-LAR-5,VC-LAR-1,False
700,VC-LAR-1,HC-LAR-5,False
700,VC-LAR-13,FL-LAR-1,False
700,VC-LAR-5,VC-LAR-13,False
701,FL-LAR-1,HC-LAR-1,False
701,FL-LAR-13,FL-LAR-1,False
701,FL-LAR-5,VC-LAR-5,False
701,HC-LAR-1,HC-LAR-13,False
701,HC-LAR-13,VC-LAR-13,False
701,HC-LAR-5,VC-LAR-1,False
701,VC-LAR-1,HC-LAR-5,False
701,VC-LAR-13,FL-LAR-13,False
701,VC-LAR-5,FL-LAR-5,False
702,FL-LAR-1,HC-LAR-5,False
702,FL-LAR-13,VC-LAR-5,False
702,FL-LAR-5,HC-LAR-13,False
702,HC-LAR-1,HC-LAR-1,True
702,HC-LAR-13,FL-LAR-5,False
702,HC-LAR-5,VC-LAR-1,False
702,VC-LAR-1,FL-LAR-13,False
702,VC-LAR-13,VC-LAR-13,True
702,VC-LAR-5,FL-LAR-1,False
703,FL-LAR-1,FL-LAR-13,False
703,FL-LAR-13,FL-LAR-1,False
703,FL-LAR-5,HC-LAR-5,False
703,HC-LAR-1,VC-LAR-1,False
703,HC-LAR-13,HC-LAR-1,False
703,HC-LAR-5,VC-LAR-5,False
703,VC-LAR-1,HC-LAR-13,False
703,VC-LAR-13,VC-LAR-13,True
703,VC-LAR-5,FL-LAR-5,False
704,FL-LAR-1,HC-LAR-13,False
704,FL-LAR-13,HC-LAR-1,False
704,FL-LAR-5,VC-LAR-1,False
704,HC-LAR-1,VC-LAR-5,False
704,HC-LAR-13,VC-LAR-13,False
704,HC-LAR-5,FL-LAR-13,False
704,VC-LAR-1,HC-LAR-5,False
704,VC-LAR-13,FL-LAR-5,False
704,VC-LAR-5,FL-LAR-1,False
705,FL-LAR-1,FL-LAR-5,False
705,FL-LAR-13,VC-LAR-1,False
705,FL-LAR-5,FL-LAR-1,False
705,HC-LAR-1,HC-LAR-13,False
705,HC-LAR-13,HC-LAR-1,False
705,HC-LAR-5,FL-LAR-13,False
705,VC-LAR-1,VC-LAR-13,False
705,VC-LAR-13,VC-LAR-5,False
705,VC-LAR-5,HC-LAR-5,False
706,FL-LAR-1,VC-LAR-5,False
706,FL-LAR-13,HC-LAR-13,False
706,FL-LAR-5,HC-LAR-1,False
706,HC-LAR-1,HC-LAR-5,False
706,HC-LAR-13,VC-LAR-1,False
706,HC-LAR-5,VC-LAR-13,False
706,VC-LAR-1,FL-LAR-13,False
706,VC-LAR-13,FL-LAR-5,False
706,VC-LAR-5,FL-LAR-1,False
707,FL-LAR-1,VC-LAR-13,False
707,FL-LAR-13,VC-LAR-1,False
707,FL-LAR-5,FL-LAR-5,True
707,HC-LAR-1,HC-LAR-13,False
707,HC-LAR-13,FL-LAR-1,False
707,HC-LAR-5,VC-LAR-5,False
707,VC-LAR-1,HC-LAR-5,False
707,VC-LAR-13,FL-LAR-13,False
707,VC-LAR-5,HC-LAR-1,False
708,FL-LAR-1,VC-LAR-13,False
708,FL-LAR-13,HC-LAR-1,False
708,FL-LAR-5,FL-LAR-1,False
708,HC-LAR-1,HC-LAR-13,False
708,HC-LAR-13,VC-LAR-5,False
708,HC-LAR-5,FL-LAR-5,False
708,VC-LAR-1,VC-LAR-1,True
708,VC-LAR-13,HC-LAR-5,False
708,VC-LAR-5,FL-LAR-13,False
709,FL-LAR-1,VC-LAR-1,False
709,FL-LAR-13,HC-LAR-13,False
709,FL-LAR-5,FL-LAR-13,False
709,HC-LAR-1,VC-LAR-13,False
709,HC-LAR-13,FL-LAR-1,False
709,HC-LAR-5,VC-LAR-5,False
709,VC-LAR-1,FL-LAR-5,False
709,VC-LAR-13,HC-LAR-5,False
709,VC-LAR-5,HC-LAR-1,False
710,FL-LAR-1,HC-LAR-13,False
710,FL-LAR-13,VC-LAR-1,False
710,FL-LAR-5,FL-LAR-1,False
710,HC-LAR-1,FL-LAR-5,False
710,HC-LAR-13,FL-LAR-13,False
710,HC-LAR-5,VC-LAR-5,False
710,VC-LAR-1,HC-LAR-1,False
710,VC-LAR-13,VC-LAR-13,True
710,VC-LAR-5,HC-LAR-5,False
711,FL-LAR-1,HC-LAR-13,False
711,FL-LAR-13,VC-LAR-1,False
711,FL-LAR-5,FL-LAR-13,False
711,HC-LAR-1,HC-LAR-1,True
711,HC-LAR-13,VC-LAR-5,False
711,HC-LAR-5,HC-LAR-5,True
711,VC-LAR-1,FL-LAR-5,False
711,VC-LAR-13,VC-LAR-13,True
711,VC-LAR-5,FL-LAR-1,False
712,FL-LAR-1,VC-LAR-13,False
712,FL-LAR-13,VC-LAR-1,False
712,FL-LAR-5,FL-LAR-1,False
712,HC-LAR-1,HC-LAR-13,False
712,HC-LAR-13,FL-LAR-13,False
712,HC-LAR-5,HC-LAR-1,False
712,VC-LAR-1,FL-LAR-5,False
712,VC-LAR-13,VC-LAR-5,False
712,VC-LAR-5,HC-LAR-5,False
713,FL-LAR-1,FL-LAR-13,False
713,FL-LAR-13,FL-LAR-1,False
713,FL-LAR-5,FL-LAR-5,True
713,HC-LAR-1,HC-LAR-1,True
713,HC-LAR-13,HC-LAR-13,True
713,HC-LAR-5,VC-LAR-1,False
713,VC-LAR-1,VC-LAR-5,False
713,VC-LAR-13,HC-LAR-5,False
713,VC-LAR-5,VC-LAR-13,False
714,FL-LAR-1,HC-LAR-13,False
714,FL-LAR-13,VC-LAR-1,False
714,FL-LAR-5,HC-LAR-5,False
714,HC-LAR-1,FL-LAR-5,False
714,HC-LAR-13,VC-LAR-13,False
714,HC-LAR-5,FL-LAR-1,False
714,VC-LAR-1,VC-LAR-5,False
714,VC-LAR-13,FL-LAR-13,False
714,VC-LAR-5,HC-LAR-1,False
715,FL-LAR-1,FL-LAR-1,True
715,FL-LAR-13,HC-LAR-5,False
715,FL-LAR-5,VC-LAR-5,False
715,HC-LAR-1,FL-LAR-5,False
715,HC-LAR-13,VC-LAR-13,False
715,HC-LAR-5,HC-LAR-13,False
715,VC-LAR-1,FL-LAR-13,False
715,VC-LAR-13,VC-LAR-1,False
715,VC-LAR-5,HC-LAR-1,False
716,FL-LAR-1,FL-LAR-5,False
716,FL-LAR-13,FL-LAR-13,True
716,FL-LAR-5,FL-LAR-1,False
716,HC-LAR-1,VC-LAR-1,False
716,HC-LAR-13,VC-LAR-13,False
716,HC-LAR-5,HC-LAR-1,False
716,VC-LAR-1,VC-LAR-5,False
716,VC-LAR-13,HC-LAR-5,False
716,VC-LAR-5,HC-LAR-13,False
717,FL-LAR-1,FL-LAR-13,False
717,FL-LAR-13,FL-LAR-5,False
717,FL-LAR-5,VC-LAR-1,False
717,HC-LAR-1,VC-LAR-13,False
717,HC-LAR-13,HC-LAR-5,False
717,HC-LAR-5,HC-LAR-13,False
717,VC-LAR-1,VC-LAR-5,False
717,VC-LAR-13,HC-LAR-1,False
717,VC-LAR-5,FL-LAR-1,False
718,FL-LAR-1,FL-LAR-13,False
718,FL-LAR-13,FL-LAR-5,False
718,FL-LAR-5,HC-LAR-13,False
718,HC-LAR-1,VC-LAR-5,False
718,HC-LAR-13,HC-LAR-5,False
718,HC-LAR-5,VC-LAR-1,False
718,VC-LAR-1,FL-LAR-1,False
718,VC-LAR-13,VC-LAR-13,True
718,VC-LAR-5,HC-LAR-1,False
719,FL-LAR-1,VC-LAR-5,False
719,FL-LAR-13,VC-LAR-13,False
719,FL-LAR-5,FL-LAR-1,False
719,HC-LAR-1,VC-LAR-1,False
719,HC-LAR-13,HC-LAR-1,False
719,HC-LAR-5,HC-LAR-5,True
719,VC-LAR-1,FL-LAR-5,False
719,VC-LAR-13,FL-LAR-13,False
719,VC-LAR-5,HC-LAR-13,False
720,FL-LAR-1,HC-LAR-13,False
720,FL-LAR-13,FL-LAR-1,False
720,FL-LAR-5,FL-LAR-5,True
720,HC-LAR-1,HC-LAR-5,False
720,HC-LAR-13,FL-LAR-13,False
720,HC-LAR-5,VC-LAR-5,False
720,VC-LAR-1,HC-LAR-1,False
720,VC-LAR-13,VC-LAR-1,False
720,VC-LAR-5,VC-LAR-13,False
721,FL-LAR-1,VC-LAR-5,False
721,FL-LAR-13,FL-LAR-1,False
721,FL-LAR-5,FL-LAR-5,True
721,HC-LAR-1,VC-LAR-1,False
721,HC-LAR-13,HC-LAR-13,True
721,HC-LAR-5,VC-LAR-13,False
721,VC-LAR-1,HC-LAR-5,False
721,VC-LAR-13,HC-LAR-1,False
721,VC-LAR-5,FL-LAR-13,False
722,FL-LAR-1,FL-LAR-13,False
722,FL-LAR-13,VC-LAR-13,False
722,FL-LAR-5,HC-LAR-5,False
722,HC-LAR-1,VC-LAR-5,False
722,HC-LAR-13,FL-LAR-1,False
722,HC-LAR-5,VC-LAR-1,False
722,VC-LAR-1,HC-LAR-1,False
722,VC-LAR-13,FL-LAR-5,False
722,VC-LAR-5,HC-LAR-13,False
723,FL-LAR-1,HC-LAR-5,False
723,FL-LAR-13,HC-LAR-1,False
723,FL-LAR-5,VC-LAR-1,False
723,HC-LAR-1,FL-LAR-1,False
723,HC-LAR-13,VC-LAR-5,False
723,HC-LAR-5,FL-LAR-5,False
723,VC-LAR-1,HC-LAR-13,False
723,VC-LAR-13,VC-LAR-13,True
723,VC-LAR-5,FL-LAR-13,False
724,FL-LAR-1,FL-LAR-5,False
724,FL-LAR-13,VC-LAR-5,False
724,FL-LAR-5,HC-LAR-1,False
724,HC-LAR-1,HC-LAR-5,False
724,HC-LAR-13,HC-LAR-13,True
724,HC-LAR-5,VC-LAR-13,False
724,VC-LAR-1,VC-LAR-1,True
724,VC-LAR-13,FL-LAR-1,False
724,VC-LAR-5,FL-LAR-13,False
725,FL-LAR-1,HC-LAR-13,False
725,FL-LAR-13,FL-LAR-13,True
725,FL-LAR-5,FL-LAR-5,True
725,HC-LAR-1,FL-LAR-1,False
725,HC-LAR-13,HC-LAR-1,False
725,HC-LAR-5,HC-LAR-5,True
725,VC-LAR-1,VC-LAR-13,False
725,VC-LAR-13,VC-LAR-1,False
725,VC-LAR-5,VC-LAR-5,True
726,FL-LAR-1,HC-LAR-13,False
726,FL-LAR-13,FL-LAR-1,False
726,FL-LAR-5,VC-LAR-13,False
726,HC-LAR-1,HC-LAR-5,False
726,HC-LAR-13,HC-LAR-1,False
726,HC-LAR-5,FL-LAR-5,False
726,VC-LAR-1,VC-LAR-5,False
726,VC-LAR-13,FL-LAR-13,False
726,VC-LAR-5,VC-LAR-1,False
727,FL-LAR-1,FL-LAR-1,True
727,FL-LAR-13,HC-LAR-13,False
727,FL-LAR-5,VC-LAR-1,False
727,HC-LAR-1,FL-LAR-5,False
727,HC-LAR-13,VC-LAR-5,False
727,HC-LAR-5,FL-LAR-13,False
727,VC-LAR-1,VC-LAR-13,False
727,VC-LAR-13,HC-LAR-5,False
727,VC-LAR-5,HC-LAR-1,False
728,FL-LAR-1,VC-LAR-1,False
728,FL-LAR-13,FL-LAR-5,False
728,FL-LAR-5,HC-LAR-5,False
728,HC-LAR-1,HC-LAR-1,True
728,HC-LAR-13,VC-LAR-5,False
728,HC-LAR-5,HC-LAR-13,False
728,VC-LAR-1,FL-LAR-1,False
728,VC-LAR-13,FL-LAR-13,False
728,VC-LAR-5,VC-LAR-13,False
729,FL-LAR-1,VC-LAR-1,False
729,FL-LAR-13,HC-LAR-13,False
729,FL-LAR-5,FL-LAR-1,False
729,HC-LAR-1,VC-LAR-5,False
729,HC-LAR-13,FL-LAR-5,False
729,HC-LAR-5,VC-LAR-13,False
729,VC-LAR-1,HC-LAR-5,False
729,VC-LAR-13,FL-LAR-13,False
729,VC-LAR-5,HC-LAR-1,False
730,FL-LAR-1,VC-LAR-13,False
730,FL-LAR-13,HC-LAR-1,False
730,FL-LAR-5,FL-LAR-13,False
730,HC-LAR-1,FL-LAR-1,False
730,HC-LAR-13,VC-LAR-1,False
730,HC-LAR-5,VC-LAR-5,False
730,VC-LAR-1,HC-LAR-13,False
730,VC-LAR-13,FL-LAR-5,False
730,VC-LAR-5,HC-LAR-5,False
731,FL-LAR-1,FL-LAR-1,True
731,FL-LAR-13,VC-LAR-5,False
731,FL-LAR-5,HC-LAR-5,False
731,HC-LAR-1,HC-LAR-1,True
731,HC-LAR-13,VC-LAR-13,False
731,HC-LAR-5,VC-LAR-1,False
731,VC-LAR-1,HC-LAR-13,False
731,VC-LAR-13,FL-LAR-13,False
731,VC-LAR-5,FL-LAR-5,False
732,FL-LAR-1,HC-LAR-13,False
732,FL-LAR-13,VC-LAR-5,False
732,FL-LAR-5,VC-LAR-1,False
732,HC-LAR-1,VC-LAR-13,False
732,HC-LAR-13,FL-LAR-13,False
732,HC-LAR-5,FL-LAR-5,False
732,VC-LAR-1,HC-LAR-5,False
732,VC-LAR-13,FL-LAR-1,False
732,VC-LAR-5,HC-LAR-1,False
733,FL-LAR-1,HC-LAR-13,False
733,FL-LAR-13,VC-LAR-13,False
733,FL-LAR-5,HC-LAR-1,False
733,HC-LAR-1,FL-LAR-5,False
733,HC-LAR-13,FL-LAR-1,False
733,HC-LAR-5,HC-LAR-5,True
733,VC-LAR-1,FL-LAR-13,False
733,VC-LAR-13,VC-LAR-1,False
733,VC-LAR-5,VC-LAR-5,True
734,FL-LAR-1,HC-LAR-13,False
734,FL-LAR-13,FL-LAR-5,False
734,FL-LAR-5,FL-LAR-1,False
734,HC-LAR-1,VC-LAR-1,False
734,HC-LAR-13,HC-LAR-5,False
734,HC-LAR-5,FL-LAR-13,False
734,VC-LAR-1,VC-LAR-5,False
734,VC-LAR-13,VC-LAR-13,True
734,VC-LAR-5,HC-LAR-1,False
735,FL-LAR-1,FL-LAR-13,False
735,FL-LAR-13,VC-LAR-5,False
735,FL-LAR-5,HC-LAR-13,False
735,HC-LAR-1,FL-LAR-1,False
735,HC-LAR-13,VC-LAR-13,False
735,HC-LAR-5,HC-LAR-5,True
735,VC-LAR-1,VC-LAR-1,True
735,VC-LAR-13,FL-LAR-5,False
735,VC-LAR-5,HC-LAR-1,False
736,FL-LAR-1,VC-LAR-13,False
736,FL-LAR-13,HC-LAR-1,False
736,FL-LAR-5,FL-LAR-1,False
736,HC-LAR-1,HC-LAR-5,False
736,HC-LAR-13,VC-LAR-5,False
736,HC-LAR-5,VC-LAR-1,False
736,VC-LAR-1,FL-LAR-13,False
736,VC-LAR-13,FL-LAR-5,False
736,VC-LAR-5,HC-LAR-13,False
737,FL-LAR-1,VC-LAR-5,False
737,FL-LAR-13,FL-LAR-5,False
737,FL-LAR-5,FL-LAR-13,False
737,HC-LAR-1,VC-LAR-1,False
737,HC-LAR-13,VC-LAR-13,False
737,HC-LAR-5,HC-LAR-13,False
737,VC-LAR-1,HC-LAR-1,False
737,VC-LAR-13,FL-LAR-1,False
737,VC-LAR-5,HC-LAR-5,False
738,FL-LAR-1,HC-LAR-5,False
738,FL-LAR-13,VC-LAR-1,False
738,FL-LAR-5,FL-LAR-13,False
738,HC-LAR-1,VC-LAR-5,False
738,HC-LAR-13,HC-LAR-1,False
738,HC-LAR-5,FL-LAR-5,False
738,VC-LAR-1,FL-LAR-1,False
738,VC-LAR-13,VC-LAR-13,True
738,VC-LAR-5,HC-LAR-13,False
739,FL-LAR-1,HC-LAR-13,False
739,FL-LAR-13,VC-LAR-1,False
739,FL-LAR-5,FL-LAR-5,True
739,HC-LAR-1,FL-LAR-13,False
739,HC-LAR-13,VC-LAR-5,False
739,HC-LAR-5,FL-LAR-1,False
739,VC-LAR-1,HC-LAR-1,False
739,VC-LAR-13,HC-LAR-5,False
739,VC-LAR-5,VC-LAR-13,False
740,FL-LAR-1,HC-LAR-5,False
740,FL-LAR-13,FL-LAR-1,False
740,FL-LAR-5,FL-LAR-13,False
740,HC-LAR-1,HC-LAR-1,True
740,HC-LAR-13,HC-LAR-13,True
740,HC-LAR-5,VC-LAR-5,False
740,VC-LAR-1,FL-LAR-5,False
740,VC-LAR-13,VC-LAR-13,True
740,VC-LAR-5,VC-LAR-1,False
741,FL-LAR-1,VC-LAR-5,False
741,FL-LAR-13,VC-LAR-1,False
741,FL-LAR-5,FL-LAR-1,False
741,HC-LAR-1,HC-LAR-5,False
741,HC-LAR-13,HC-LAR-13,True
741,HC-LAR-5,VC-LAR-13,False
741,VC-LAR-1,FL-LAR-13,False
741,VC-LAR-13,HC-LAR-1,False
741,VC-LAR-5,FL-LAR-5,False
742,FL-LAR-1,VC-LAR-1,False
742,FL-LAR-13,VC-LAR-13,False
742,FL-LAR-5,VC-LAR-5,False
742,HC-LAR-1,HC-LAR-5,False
742,HC-LAR-13,FL-LAR-13,False
742,HC-LAR-5,HC-LAR-13,False
742,VC-LAR-1,HC-LAR-1,False
742,VC-LAR-13,FL-LAR-5,False
742,VC-LAR-5,FL-LAR-1,False
743,FL-LAR-1,FL-LAR-5,False
743,FL-LAR-13,FL-LAR-13,True
743,FL-LAR-5,VC-LAR-5,False
743,HC-LAR-1,VC-LAR-1,False
743,HC-LAR-13,FL-LAR-1,False
743,HC-LAR-5,HC-LAR-5,True
743,VC-LAR-1,HC-LAR-13,False
743,VC-LAR-13,VC-LAR-13,True
743,VC-LAR-5,HC-LAR-1,False
744,FL-LAR-1,HC-LAR-13,False
744,FL-LAR-13,FL-LAR-1,False
744,FL-LAR-5,FL-LAR-13,False
744,HC-LAR-1,VC-LAR-5,False
744,HC-LAR-13,VC-LAR-13,False
744,HC-LAR-5,VC-LAR-1,False
744,VC-LAR-1,FL-LAR-5,False
744,VC-LAR-13,HC-LAR-1,False
744,VC-LAR-5,HC-LAR-5,False
745,FL-LAR-1,FL-LAR-1,True
745,FL-LAR-13,VC-LAR-1,False
745,FL-LAR-5,FL-LAR-5,True
745,HC-LAR-1,HC-LAR-5,False
745,HC-LAR-13,VC-LAR-13,False
745,HC-LAR-5,VC-LAR-5,False
745,VC-LAR-1,HC-LAR-13,False
745,VC-LAR-13,HC-LAR-1,False
745,VC-LAR-5,FL-LAR-13,False
746,FL-LAR-1,FL-LAR-13,False
746,FL-LAR-13,HC-LAR-1,False
746,FL-LAR-5,FL-LAR-1,False
746,HC-LAR-1,HC-LAR-5,False
746,HC-LAR-13,VC-LAR-13,False
746,HC-LAR-5,VC-LAR-1,False
746,VC-LAR-1,FL-LAR-5,False
746,VC-LAR-13,VC-LAR-5,False
746,VC-LAR-5,HC-LAR-13,False
747,FL-LAR-1,VC-LAR-13,False
747,FL-LAR-13,HC-LAR-1,False
747,FL-LAR-5,FL-LAR-13,False
747,HC-LAR-1,FL-LAR-1,False
747,HC-LAR-13,VC-LAR-1,False
747,HC-LAR-5,HC-LAR-5,True
747,VC-LAR-1,HC-LAR-13,False
747,VC-LAR-13,VC-LAR-5,False
747,VC-LAR-5,FL-LAR-5,False
748,FL-LAR-1,HC-LAR-13,False
748,FL-LAR-13,FL-LAR-13,True
748,FL-LAR-5,VC-LAR-5,False
748,HC-LAR-1,FL-LAR-1,False
748,HC-LAR-13,VC-LAR-13,False
748,HC-LAR-5,HC-LAR-5,True
748,VC-LAR-1,VC-LAR-1,True
748,VC-LAR-13,HC-LAR-1,False
748,VC-LAR-5,FL-LAR-5,False
749,FL-LAR-1,VC-LAR-1,False
749,FL-LAR-13,FL-LAR-13,True
749,FL-LAR-5,VC-LAR-5,False
749,HC-LAR-1,VC-LAR-13,False
749,HC-LAR-13,FL-LAR-1,False
749,HC-LAR-5,HC-LAR-1,False
749,VC-LAR-1,HC-LAR-13,False
749,VC-LAR-13,FL-LAR-5,False
749,VC-LAR-5,HC-LAR-5,False
750,FL-LAR-1,HC-LAR-1,False
750,FL-LAR-13,VC-LAR-13,False
750,FL-LAR-5,FL-LAR-13,False
750,HC-LAR-1,VC-LAR-1,False
750,HC-LAR-13,HC-LAR-5,False
750,HC-LAR-5,FL-LAR-5,False
750,VC-LAR-1,FL-LAR-1,False
750,VC-LAR-13,HC-LAR-13,False
750,VC-LAR-5,VC-LAR-5,True
751,FL-LAR-1,VC-LAR-13,False
751,FL-LAR-13,FL-LAR-5,False
751,FL-LAR-5,HC-LAR-13,False
751,HC-LAR-1,FL-LAR-1,False
751,HC-LAR-13,VC-LAR-1,False
751,HC-LAR-5,HC-LAR-1,False
751,VC-LAR-1,HC-LAR-5,False
751,VC-LAR-13,FL-LAR-13,False
751,VC-LAR-5,VC-LAR-5,True
752,FL-LAR-1,FL-LAR-1,True
752,FL-LAR-13,VC-LAR-5,False
752,FL-LAR-5,HC-LAR-13,False
752,HC-LAR-1,FL-LAR-13,False
752,HC-LAR-13,HC-LAR-1,False
752,HC-LAR-5,HC-LAR-5,True
752,VC-LAR-1,VC-LAR-1,True
752,VC-LAR-13,FL-LAR-5,False
752,VC-LAR-5,VC-LAR-13,False
753,FL-LAR-1,FL-LAR-13,False
753,FL-LAR-13,VC-LAR-5,False
753,FL-LAR-5,HC-LAR-13,False
753,HC-LAR-1,HC-LAR-1,True
753,HC-LAR-13,VC-LAR-13,False
753,HC-LAR-5,FL-LAR-5,False
753,VC-LAR-1,VC-LAR-1,True
753,VC-LAR-13,FL-LAR-1,False
753,VC-LAR-5,HC-LAR-5,False
754,FL-LAR-1,HC-LAR-1,False
754,FL-LAR-13,FL-LAR-5,False
754,FL-LAR-5,VC-LAR-5,False
754,HC-LAR-1,HC-LAR-13,False
754,HC-LAR-13,FL-LAR-1,False
754,HC-LAR-5,FL-LAR-13,False
754,VC-LAR-1,VC-LAR-1,True
754,VC-LAR-13,HC-LAR-5,False
754,VC-LAR-5,VC-LAR-13,False
755,FL-LAR-1,FL-LAR-5,False
755,FL-LAR-13,HC-LAR-1,False
755,FL-LAR-5,FL-LAR-1,False
755,HC-LAR-1,VC-LAR-13,False
755,HC-LAR-13,VC-LAR-5,False
755,HC-LAR-5,VC-LAR-1,False
755,VC-LAR-1,HC-LAR-13,False
755,VC-LAR-13,HC-LAR-5,False
755,VC-LAR-5,FL-LAR-13,False
756,FL-LAR-1,FL-LAR-13,False
756,FL-LAR-13,HC-LAR-13,False
756,FL-LAR-5,VC-LAR-5,False
756,HC-LAR-1,VC-LAR-1,False
756,HC-LAR-13,HC-LAR-1,False
756,HC-LAR-5,FL-LAR-5,False
756,VC-LAR-1,FL-LAR-1,False
756,VC-LAR-13,HC-LAR-5,False
756,VC-LAR-5,VC-LAR-13,False
757,FL-LAR-1,HC-LAR-5,False
757,FL-LAR-13,HC-LAR-1,False
757,FL-LAR-5,VC-LAR-5,False
757,HC-LAR-1,HC-LAR-13,False
757,HC-LAR-13,VC-LAR-13,False
757,HC-LAR-5,FL-LAR-5,False
757,VC-LAR-1,FL-LAR-1,False
757,VC-LAR-13,VC-LAR-1,False
757,VC-LAR-5,FL-LAR-13,False
758,FL-LAR-1,HC-LAR-13,False
758,FL-LAR-13,VC-LAR-5,False
758,FL-LAR-5,FL-LAR-5,True
758,HC-LAR-1,HC-LAR-1,True
758,HC-LAR-13,FL-LAR-13,False
758,HC-LAR-5,VC-LAR-13,False
758,VC-LAR-1,VC-LAR-1,True
758,VC-LAR-13,HC-LAR-5,False
758,VC-LAR-5,FL-LAR-1,False
759,FL-LAR-1,FL-LAR-5,False
759,FL-LAR-13,VC-LAR-13,False
759,FL-LAR-5,HC-LAR-13,False
759,HC-LAR-1,FL-LAR-13,False
759,HC-LAR-13,VC-LAR-5,False
759,HC-LAR-5,HC-LAR-1,False
759,VC-LAR-1,VC-LAR-1,True
759,VC-LAR-13,FL-LAR-1,False
759,VC-LAR-5,HC-LAR-5,False
760,FL-LAR-1,HC-LAR-5,False
760,FL-LAR-13,FL-LAR-13,True
760,FL-LAR-5,HC-LAR-1,False
760,HC-LAR-1,FL-LAR-1,False
760,HC-LAR-13,VC-LAR-1,False
760,HC-LAR-5,VC-LAR-13,False
760,VC-LAR-1,HC-LAR-13,False
760,VC-LAR-13,FL-LAR-5,False
760,VC-LAR-5,VC-LAR-5,True
761,FL-LAR-1,FL-LAR-5,False
761,FL-LAR-13,FL-LAR-1,False
761,FL-LAR-5,VC-LAR-13,False
761,HC-LAR-1,HC-LAR-5,False
761,HC-LAR-13,VC-LAR-1,False
761,HC-LAR-5,HC-LAR-1,False
761,VC-LAR-1,HC-LAR-13,False
761,VC-LAR-13,VC-LAR-5,False
761,VC-LAR-5,FL-LAR-13,False
762,FL-LAR-1,FL-LAR-13,False
762,FL-LAR-13,VC-LAR-5,False
762,FL-LAR-5,HC-LAR-5,False
762,HC-LAR-1,VC-LAR-13,False
762,HC-LAR-13,FL-LAR-5,False
762,HC-LAR-5,HC-LAR-13,False
762,VC-LAR-1,VC-LAR-1,True
762,VC-LAR-13,HC-LAR-1,False
762,VC-LAR-5,FL-LAR-1,False
763,FL-LAR-1,FL-LAR-5,False
763,FL-LAR-13,FL-LAR-13,True
763,FL-LAR-5,FL-LAR-1,False
763,HC-LAR-1,VC-LAR-13,False
763,HC-LAR-13,HC-LAR-5,False
763,HC-LAR-5,HC-LAR-1,False
763,VC-LAR-1,HC-LAR-13,False
763,VC-LAR-13,VC-LAR-5,False
763,VC-LAR-5,VC-LAR-1,False
764,FL-LAR-1,FL-LAR-1,True
764,FL-LAR-13,VC-LAR-5,False
764,FL-LAR-5,FL-LAR-5,True
764,HC-LAR-1,HC-LAR-13,False
764,HC-LAR-13,VC-LAR-1,False
764,HC-LAR-5,HC-LAR-1,False
764,VC-LAR-1,FL-LAR-13,False
764,VC-LAR-13,VC-LAR-13,True
764,VC-LAR-5,HC-LAR-5,False
765,FL-LAR-1,VC-LAR-5,False
765,FL-LAR-13,HC-LAR-13,False
765,FL-LAR-5,FL-LAR-5,True
765,HC-LAR-1,HC-LAR-5,False
765,HC-LAR-13,VC-LAR-13,False
765,HC-LAR-5,FL-LAR-13,False
765,VC-LAR-1,FL-LAR-1,False
765,VC-LAR-13,HC-LAR-1,False
765,VC-LAR-5,VC-LAR-1,False
766,FL-LAR-1,FL-LAR-1,True
766,FL-LAR-13,HC-LAR-5,False
766,FL-LAR-5,VC-LAR-13,False
766,HC-LAR-1,FL-LAR-13,False
766,HC-LAR-13,HC-LAR-13,True
766,HC-LAR-5,FL-LAR-5,False
766,VC-LAR-1,VC-LAR-1,True
766,VC-LAR-13,HC-LAR-1,False
766,VC-LAR-5,VC-LAR-5,True
767,FL-LAR-1,VC-LAR-5,False
767,FL-LAR-13,HC-LAR-13,False
767,FL-LAR-5,HC-LAR-1,False
767,HC-LAR-1,VC-LAR-13,False
767,HC-LAR-13,FL-LAR-1,False
767,HC-LAR-5,FL-LAR-5,False
767,VC-LAR-1,VC-LAR-1,True
767,VC-LAR-13,HC-LAR-5,False
767,VC-LAR-5,FL-LAR-13,False
768,FL-LAR-1,FL-LAR-5,False
768,FL-LAR-13,FL-LAR-13,True
768,FL-LAR-5,HC-LAR-5,False
768,HC-LAR-1,VC-LAR-5,False
768,HC-LAR-13,HC-LAR-13,True
768,HC-LAR-5,FL-LAR-1,False
768,VC-LAR-1,VC-LAR-13,False
768,VC-LAR-13,HC-LAR-1,False
768,VC-LAR-5,VC-LAR-1,False
769,FL-LAR-1,FL-LAR-1,True
769,FL-LAR-13,VC-LAR-5,False
769,FL-LAR-5,HC-LAR-13,False
769,HC-LAR-1,HC-LAR-1,True
769,HC-LAR-13,VC-LAR-1,False
769,HC-LAR-5,FL-LAR-13,False
769,VC-LAR-1,VC-LAR-13,False
769,VC-LAR-13,HC-LAR-5,False
769,VC-LAR-5,FL-LAR-5,False
770,FL-LAR-1,HC-LAR-1,False
770,FL-LAR-13,FL-LAR-13,True
770,FL-LAR-5,FL-LAR-5,True
770,HC-LAR-1,VC-LAR-5,False
770,HC-LAR-13,HC-LAR-13,True
770,HC-LAR-5,VC-LAR-1,False
770,VC-LAR-1,HC-LAR-5,False
770,VC-LAR-13,FL-LAR-1,False
770,VC-LAR-5,VC-LAR-13,False
771,FL-LAR-1,FL-LAR-1,True
771,FL-LAR-13,FL-LAR-13,True
771,FL-LAR-5,VC-LAR-5,False
771,HC-LAR-1,HC-LAR-1,True
771,HC-LAR-13,HC-LAR-13,True
771,HC-LAR-5,VC-LAR-13,False
771,VC-LAR-1,HC-LAR-5,False
771,VC-LAR-13,FL-LAR-5,False
771,VC-LAR-5,VC-LAR-1,False
772,FL-LAR-1,HC-LAR-5,False
772,FL-LAR-13,HC-LAR-13,False
772,FL-LAR-5,VC-LAR-5,False
772,HC-LAR-1,VC-LAR-13,False
772,HC-LAR-13,FL-LAR-13,False
772,HC-LAR-5,FL-LAR-1,False
772,VC-LAR-1,HC-LAR-1,False
772,VC-LAR-13,FL-LAR-5,False
772,VC-LAR-5,VC-LAR-1,False
773,FL-LAR-1,FL-LAR-1,True
773,FL-LAR-13,FL-LAR-13,True
773,FL-LAR-5,HC-LAR-13,False
773,HC-LAR-1,VC-LAR-13,False
773,HC-LAR-13,FL-LAR-5,False
773,HC-LAR-5,VC-LAR-1,False
773,VC-LAR-1,VC-LAR-5,False
773,VC-LAR-13,HC-LAR-1,False
773,VC-LAR-5,HC-LAR-5,False
774,FL-LAR-1,VC-LAR-5,False
774,FL-LAR-13,FL-LAR-13,True
774,FL-LAR-5,FL-LAR-1,False
774,HC-LAR-1,HC-LAR-13,False
774,HC-LAR-13,HC-LAR-1,False
774,HC-LAR-5,VC-LAR-1,False
774,VC-LAR-1,FL-LAR-5,False
774,VC-LAR-13,HC-LAR-5,False
774,VC-LAR-5,VC-LAR-13,False
775,FL-LAR-1,VC-LAR-1,False
775,FL-LAR-13,FL-LAR-5,False
775,FL-LAR-5,FL-LAR-13,False
775,HC-LAR-1,VC-LAR-13,False
775,HC-LAR-13,FL-LAR-1,False
775,HC-LAR-5,HC-LAR-13,False
775,VC-LAR-1,HC-LAR-1,False
775,VC-LAR-13,VC-LAR-5,False
775,VC-LAR-5,HC-LAR-5,False
776,FL-LAR-1,FL-LAR-1,True
776,FL-LAR-13,VC-LAR-13,False
776,FL-LAR-5,VC-LAR-1,False
776,HC-LAR-1,FL-LAR-13,False
776,HC-LAR-13,VC-LAR-5,False
776,HC-LAR-5,HC-LAR-1,False
776,VC-LAR-1,HC-LAR-5,False
776,VC-LAR-13,FL-LAR-5,False
776,VC-LAR-5,HC-LAR-13,False
777,FL-LAR-1,VC-LAR-5,False
777,FL-LAR-13,FL-LAR-13,True
777,FL-LAR-5,VC-LAR-13,False
777,HC-LAR-1,HC-LAR-13,False
777,HC-LAR-13,HC-LAR-1,False
777,HC-LAR-5,VC-LAR-1,False
777,VC-LAR-1,FL-LAR-5,False
777,VC-LAR-13,HC-LAR-5,False
777,VC-LAR-5,FL-LAR-1,False
778,FL-LAR-1,VC-LAR-13,False
778,FL-LAR-13,VC-LAR-5,False
778,FL-LAR-5,HC-LAR-5,False
778,HC-LAR-1,HC-LAR-13,False
778,HC-LAR-13,FL-LAR-5,False
778,HC-LAR-5,FL-LAR-13,False
778,VC-LAR-1,HC-LAR-1,False
778,VC-LAR-13,FL-LAR-1,False
778,VC-LAR-5,VC-LAR-1,False
779,FL-LAR-1,FL-LAR-13,False
779,FL-LAR-13,HC-LAR-13,False
779,FL-LAR-5,HC-LAR-5,False
779,HC-LAR-1,VC-LAR-5,False
779,HC-LAR-13,VC-LAR-13,False
779,HC-LAR-5,VC-LAR-1,False
779,VC-LAR-1,FL-LAR-1,False
779,VC-LAR-13,FL-LAR-5,False
779,VC-LAR-5,HC-LAR-1,False
780,FL-LAR-1,VC-LAR-1,False
780,FL-LAR-13,VC-LAR-5,False
780,FL-LAR-5,FL-LAR-13,False
780,HC-LAR-1,VC-LAR-13,False
780,HC-LAR-13,FL-LAR-5,False
780,HC-LAR-5,FL-LAR-1,False
780,VC-LAR-1,HC-LAR-5,False
780,VC-LAR-13,HC-LAR-1,False
780,VC-LAR-5,HC-LAR-13,False
781,FL-LAR-1,HC-LAR-13,False
781,FL-LAR-13,FL-LAR-5,False
781,FL-LAR-5,FL-LAR-13,False
781,HC-LAR-1,FL-LAR-1,False
781,HC-LAR-13,HC-LAR-5,False
781,HC-LAR-5,VC-LAR-1,False
781,VC-LAR-1,VC-LAR-13,False
781,VC-LAR-13,VC-LAR-5,False
781,VC-LAR-5,HC-LAR-1,False
782,FL-LAR-1,FL-LAR-1,True
782,FL-LAR-13,HC-LAR-1,False
782,FL-LAR-5,VC-LAR-1,False
782,HC-LAR-1,HC-LAR-5,False
782,HC-LAR-13,VC-LAR-5,False
782,HC-LAR-5,FL-LAR-5,False
782,VC-LAR-1,HC-LAR-13,False
782,VC-LAR-13,FL-LAR-13,False
782,VC-LAR-5,VC-LAR-13,False
783,FL-LAR-1,VC-LAR-13,False
783,FL-LAR-13,FL-LAR-13,True
783,FL-LAR-5,FL-LAR-1,False
783,HC-LAR-1,HC-LAR-1,True
783,HC-LAR-13,FL-LAR-5,False
783,HC-LAR-5,VC-LAR-1,False
783,VC-LAR-1,HC-LAR-13,False
783,VC-LAR-13,HC-LAR-5,False
783,VC-LAR-5,VC-LAR-5,True
784,FL-LAR-1,VC-LAR-5,False
784,FL-LAR-13,VC-LAR-13,False
784,FL-LAR-5,FL-LAR-13,False
784,HC-LAR-1,HC-LAR-1,True
784,HC-LAR-13,HC-LAR-13,True
784,HC-LAR-5,FL-LAR-1,False
784,VC-LAR-1,VC-LAR-1,True
784,VC-LAR-13,FL-LAR-5,False
784,VC-LAR-5,HC-LAR-5,False
785,FL-LAR-1,VC-LAR-13,False
785,FL-LAR-13,HC-LAR-13,False
785,FL-LAR-5,VC-LAR-5,False
785,HC-LAR-1,FL-LAR-5,False
785,HC-LAR-13,HC-LAR-1,False
785,HC-LAR-5,VC-LAR-1,False
785,VC-LAR-1,FL-LAR-13,False
785,VC-LAR-13,HC-LAR-5,False
785,VC-LAR-5,FL-LAR-1,False
786,FL-LAR-1,VC-LAR-13,False
786,FL-LAR-13,VC-LAR-5,False
786,FL-LAR-5,FL-LAR-5,True
786,HC-LAR-1,HC-LAR-1,True
786,HC-LAR-13,HC-LAR-13,True
786,HC-LAR-5,HC-LAR-5,True
786,VC-LAR-1,FL-LAR-1,False
786,VC-LAR-13,FL-LAR-13,False
786,VC-LAR-5,VC-LAR-1,False
787,FL-LAR-1,VC-LAR-13,False
787,FL-LAR-13,FL-LAR-1,False
787,FL-LAR-5,VC-LAR-1,False
787,HC-LAR-1,FL-LAR-13,False
787,HC-LAR-13,VC-LAR-5,False
787,HC-LAR-5,HC-LAR-5,True
787,VC-LAR-1,HC-LAR-13,False
787,VC-LAR-13,FL-LAR-5,False
787,VC-LAR-5,HC-LAR-1,False
788,FL-LAR-1,HC-LAR-5,False
788,FL-LAR-13,FL-LAR-1,False
788,FL-LAR-5,HC-LAR-1,False
788,HC-LAR-1,HC-LAR-13,False
788,HC-LAR-13,VC-LAR-13,False
788,HC-LAR-5,VC-LAR-1,False
788,VC-LAR-1,FL-LAR-13,False
788,VC-LAR-13,FL-LAR-5,False
788,VC-LAR-5,VC-LAR-5,True
789,FL-LAR-1,VC-LAR-5,False
789,FL-LAR-13,FL-LAR-5,False
789,FL-LAR-5,HC-LAR-5,False
789,HC-LAR-1,VC-LAR-13,False
789,HC-LAR-13,HC-LAR-1,False
789,HC-LAR-5,FL-LAR-13,False
789,VC-LAR-1,HC-LAR-13,False
789,VC-LAR-13,VC-LAR-1,False
789,VC-LAR-5,FL-LAR-1,False
790,FL-LAR-1,VC-LAR-1,False
790,FL-LAR-13,HC-LAR-13,False
790,FL-LAR-5,HC-LAR-1,False
790,HC-LAR-1,VC-LAR-5,False
790,HC-LAR-13,VC-LAR-13,False
790,HC-LAR-5,HC-LAR-5,True
790,VC-LAR-1,FL-LAR-13,False
790,VC-LAR-13,FL-LAR-1,False
790,VC-LAR-5,FL-LAR-5,False
791,FL-LAR-1,VC-LAR-13,False
791,FL-LAR-13,HC-LAR-1,False
791,FL-LAR-5,FL-LAR-13,False
791,HC-LAR-1,HC-LAR-13,False
791,HC-LAR-13,VC-LAR-1,False
791,HC-LAR-5,VC-LAR-5,False
791,VC-LAR-1,FL-LAR-1,False
791,VC-LAR-13,FL-LAR-5,False
791,VC-LAR-5,HC-LAR-5,False
792,FL-LAR-1,VC-LAR-5,False
792,FL-LAR-13,HC-LAR-1,False
792,FL-LAR-5,HC-LAR-5,False
792,HC-LAR-1,FL-LAR-1,False
792,HC-LAR-13,HC-LAR-13,True
792,HC-LAR-5,FL-LAR-5,False
792,VC-LAR-1,VC-LAR-1,True
792,VC-LAR-13,FL-LAR-13,False
792,VC-LAR-5,VC-LAR-13,False
793,FL-LAR-1,HC-LAR-5,False
793,FL-LAR-13,VC-LAR-5,False
793,FL-LAR-5,HC-LAR-1,False
793,HC-LAR-1,FL-LAR-5,False
793,HC-LAR-13,FL-LAR-13,False
793,HC-LAR-5,HC-LAR-13,False
793,VC-LAR-1,VC-LAR-1,True
793,VC-LAR-13,FL-LAR-1,False
793,VC-LAR-5,VC-LAR-13,False
794,FL-LAR-1,FL-LAR-1,True
794,FL-LAR-13,HC-LAR-13,False
794,FL-LAR-5,FL-LAR-13,False
794,HC-LAR-1,FL-LAR-5,False
794,HC-LAR-13,VC-LAR-13,False
794,HC-LAR-5,HC-LAR-1,False
794,VC-LAR-1,VC-LAR-1,True
794,VC-LAR-13,VC-LAR-5,False
794,VC-LAR-5,HC-LAR-5,False
795,FL-LAR-1,FL-LAR-5,False
795,FL-LAR-13,HC-LAR-5,False
795,FL-LAR-5,FL-LAR-1,False
795,HC-LAR-1,HC-LAR-1,True
795,HC-LAR-13,VC-LAR-5,False
795,HC-LAR-5,HC-LAR-13,False
795,VC-LAR-1,VC-LAR-13,False
795,VC-LAR-13,FL-LAR-13,False
795,VC-LAR-5,VC-LAR-1,False
796,FL-LAR-1,FL-LAR-13,False
796,FL-LAR-13,FL-LAR-5,False
796,FL-LAR-5,HC-LAR-1,False
796,HC-LAR-1,HC-LAR-5,False
796,HC-LAR-13,FL-LAR-1,False
796,HC-LAR-5,HC-LAR-13,False
796,VC-LAR-1,VC-LAR-1,True
796,VC-LAR-13,VC-LAR-5,False
796,VC-LAR-5,VC-LAR-13,False
797,FL-LAR-1,VC-LAR-13,False
797,FL-LAR-13,VC-LAR-1,False
797,FL-LAR-5,FL-LAR-1,False
797,HC-LAR-1,HC-LAR-13,False
797,HC-LAR-13,FL-LAR-5,False
797,HC-LAR-5,HC-LAR-1,False
797,VC-LAR-1,HC-LAR-5,False
797,VC-LAR-13,FL-LAR-13,False
797,VC-LAR-5,VC-LAR-5,True
798,FL-LAR-1,VC-LAR-5,False
798,FL-LAR-13,FL-LAR-1,False
798,FL-LAR-5,FL-LAR-5,True
798,HC-LAR-1,VC-LAR-1,False
798,HC-LAR-13,HC-LAR-13,True
798,HC-LAR-5,VC-LAR-13,False
798,VC-LAR-1,HC-LAR-5,False
798,VC-LAR-13,FL-LAR-13,False
798,VC-LAR-5,HC-LAR-1,False
799,FL-LAR-1,HC-LAR-5,False
799,FL-LAR-13,VC-LAR-13,False
799,FL-LAR-5,VC-LAR-1,False
799,HC-LAR-1,FL-LAR-13,False
799,HC-LAR-13,VC-LAR-5,False
799,HC-LAR-5,HC-LAR-13,False
799,VC-LAR-1,FL-LAR-5,False
799,VC-LAR-13,FL-LAR-1,False
799,VC-LAR-5,HC-LAR-1,False
800,FL-LAR-1,FL-LAR-5,False
800,FL-LAR-13,HC-LAR-13,False
800,FL-LAR-5,VC-LAR-1,False
800,HC-LAR-1,VC-LAR-13,False
800,HC-LAR-13,HC-LAR-1,False
800,HC-LAR-5,FL-LAR-13,False
800,VC-LAR-1,VC-LAR-5,False
800,VC-LAR-13,HC-LAR-5,False
800,VC-LAR-5,FL-LAR-1,False
801,FL-LAR-1,HC-LAR-13,False
801,FL-LAR-13,HC-LAR-1,False
801,FL-LAR-5,FL-LAR-5,True
801,HC-LAR-1,VC-LAR-1,False
801,HC-LAR-13,HC-LAR-5,False
801,HC-LAR-5,VC-LAR-5,False
801,VC-LAR-1,FL-LAR-1,False
801,VC-LAR-13,FL-LAR-13,False
801,VC-LAR-5,VC-LAR-13,False
802,FL-LAR-1,VC-LAR-13,False
802,FL-LAR-13,FL-LAR-1,False
802,FL-LAR-5,HC-LAR-5,False
802,HC-LAR-1,VC-LAR-1,False
802,HC-LAR-13,FL-LAR-5,False
802,HC-LAR-5,VC-LAR-5,False
802,VC-LAR-1,HC-LAR-13,False
802,VC-LAR-13,FL-LAR-13,False
802,VC-LAR-5,HC-LAR-1,False
803,FL-LAR-1,VC-LAR-5,False
803,FL-LAR-13,HC-LAR-1,False
803,FL-LAR-5,HC-LAR-5,False
803,HC-LAR-1,FL-LAR-5,False
803,HC-LAR-13,HC-LAR-13,True
803,HC-LAR-5,VC-LAR-13,False
803,VC-LAR-1,FL-LAR-13,False
803,VC-LAR-13,FL-LAR-1,False
803,VC-LAR-5,VC-LAR-1,False
804,FL-LAR-1,VC-LAR-1,False
804,FL-LAR-13,VC-LAR-13,False
804,FL-LAR-5,HC-LAR-13,False
804,HC-LAR-1,FL-LAR-5,False
804,HC-LAR-13,FL-LAR-13,False
804,HC-LAR-5,FL-LAR-1,False
804,VC-LAR-1,HC-LAR-1,False
804,VC-LAR-13,HC-LAR-5,False
804,VC-LAR-5,VC-LAR-5,True
805,FL-LAR-1,VC-LAR-1,False
805,FL-LAR-13,HC-LAR-13,False
805,FL-LAR-5,HC-LAR-1,False
805,HC-LAR-1,FL-LAR-5,False
805,HC-LAR-13,VC-LAR-13,False
805,HC-LAR-5,FL-LAR-13,False
805,VC-LAR-1,VC-LAR-5,False
805,VC-LAR-13,HC-LAR-5,False
805,VC-LAR-5,FL-LAR-1,False
806,FL-LAR-1,VC-LAR-5,False
806,FL-LAR-13,FL-LAR-1,False
806,FL-LAR-5,FL-LAR-13,False
806,HC-LAR-1,VC-LAR-13,False
806,HC-LAR-13,VC-LAR-1,False
806,HC-LAR-5,FL-LAR-5,False
806,VC-LAR-1,HC-LAR-13,False
806,VC-LAR-13,HC-LAR-5,False
806,VC-LAR-5,HC-LAR-1,False
807,FL-LAR-1,HC-LAR-13,False
807,FL-LAR-13,VC-LAR-1,False
807,FL-LAR-5,VC-LAR-5,False
807,HC-LAR-1,FL-LAR-5,False
807,HC-LAR-13,VC-LAR-13,False
807,HC-LAR-5,FL-LAR-13,False
807,VC-LAR-1,HC-LAR-1,False
807,VC-LAR-13,FL-LAR-1,False
807,VC-LAR-5,HC-LAR-5,False
808,FL-LAR-1,HC-LAR-13,False
808,FL-LAR-13,HC-LAR-5,False
808,FL-LAR-5,FL-LAR-5,True
808,HC-LAR-1,VC-LAR-5,False
808,HC-LAR-13,VC-LAR-13,False
808,HC-LAR-5,FL-LAR-1,False
808,VC-LAR-1,HC-LAR-1,False
808,VC-LAR-13,FL-LAR-13,False
808,VC-LAR-5,VC-LAR-1,False
809,FL-LAR-1,VC-LAR-13,False
809,FL-LAR-13,VC-LAR-5,False
809,FL-LAR-5,HC-LAR-1,False
809,HC-LAR-1,FL-LAR-13,False
809,HC-LAR-13,HC-LAR-5,False
809,HC-LAR-5,HC-LAR-13,False
809,VC-LAR-1,FL-LAR-1,False
809,VC-LAR-13,VC-LAR-1,False
809,VC-LAR-5,FL-LAR-5,False
810,FL-LAR-1,VC-LAR-13,False
810,FL-LAR-13,HC-LAR-1,False
810,FL-LAR-5,VC-LAR-5,False
810,HC-LAR-1,FL-LAR-1,False
810,HC-LAR-13,FL-LAR-5,False
810,HC-LAR-5,VC-LAR-1,False
810,VC-LAR-1,HC-LAR-5,False
810,VC-LAR-13,HC-LAR-13,False
810,VC-LAR-5,FL-LAR-13,False
811,FL-LAR-1,VC-LAR-1,False
811,FL-LAR-13,HC-LAR-1,False
811,FL-LAR-5,VC-LAR-5,False
811,HC-LAR-1,FL-LAR-13,False
811,HC-LAR-13,HC-LAR-5,False
811,HC-LAR-5,VC-LAR-13,False
811,VC-LAR-1,FL-LAR-1,False
811,VC-LAR-13,HC-LAR-13,False
811,VC-LAR-5,FL-LAR-5,False
812,FL-LAR-1,FL-LAR-1,True
812,FL-LAR-13,HC-LAR-5,False
812,FL-LAR-5,VC-LAR-1,False
812,HC-LAR-1,VC-LAR-5,False
812,HC-LAR-13,HC-LAR-1,False
812,HC-LAR-5,HC-LAR-13,False
812,VC-LAR-1,FL-LAR-13,False
812,VC-LAR-13,VC-LAR-13,True
812,VC-LAR-5,FL-LAR-5,False
813,FL-LAR-1,HC-LAR-1,False
813,FL-LAR-13,VC-LAR-5,False
813,FL-LAR-5,VC-LAR-1,False
813,HC-LAR-1,FL-LAR-1,False
813,HC-LAR-13,HC-LAR-13,True
813,HC-LAR-5,HC-LAR-5,True
813,VC-LAR-1,FL-LAR-5,False
813,VC-LAR-13,VC-LAR-13,True
813,VC-LAR-5,FL-LAR-13,False
814,FL-LAR-1,HC-LAR-5,False
814,FL-LAR-13,HC-LAR-1,False
814,FL-LAR-5,VC-LAR-1,False
814,HC-LAR-1,HC-LAR-13,False
814,HC-LAR-13,FL-LAR-13,False
814,HC-LAR-5,VC-LAR-13,False
814,VC-LAR-1,FL-LAR-5,False
814,VC-LAR-13,VC-LAR-5,False
814,VC-LAR-5,FL-LAR-1,False
815,FL-LAR-1,VC-LAR-13,False
815,FL-LAR-13,HC-LAR-1,False
815,FL-LAR-5,FL-LAR-13,False
815,HC-LAR-1,VC-LAR-5,False
815,HC-LAR-13,HC-LAR-13,True
815,HC-LAR-5,VC-LAR-1,False
815,VC-LAR-1,FL-LAR-1,False
815,VC-LAR-13,FL-LAR-5,False
815,VC-LAR-5,HC-LAR-5,False
816,FL-LAR-1,FL-LAR-5,False
816,FL-LAR-13,VC-LAR-13,False
816,FL-LAR-5,VC-LAR-1,False
816,HC-LAR-1,FL-LAR-13,False
816,HC-LAR-13,VC-LAR-5,False
816,HC-LAR-5,HC-LAR-1,False
816,VC-LAR-1,FL-LAR-1,False
816,VC-LAR-13,HC-LAR-13,False
816,VC-LAR-5,HC-LAR-5,False
817,FL-LAR-1,HC-LAR-1,False
817,FL-LAR-13,HC-LAR-5,False
817,FL-LAR-5,FL-LAR-5,True
817,HC-LAR-1,FL-LAR-13,False
817,HC-LAR-13,VC-LAR-13,False
817,HC-LAR-5,HC-LAR-13,False
817,VC-LAR-1,FL-LAR-1,False
817,VC-LAR-13,VC-LAR-1,False
817,VC-LAR-5,VC-LAR-5,True
818,FL-LAR-1,HC-LAR-1,False
818,FL-LAR-13,HC-LAR-13,False
818,FL-LAR-5,FL-LAR-13,False
818,HC-LAR-1,VC-LAR-13,False
818,HC-LAR-13,VC-LAR-5,False
818,HC-LAR-5,FL-LAR-5,False
818,VC-LAR-1,FL-LAR-1,False
818,VC-LAR-13,HC-LAR-5,False
818,VC-LAR-5,VC-LAR-1,False
819,FL-LAR-1,FL-LAR-13,False
819,FL-LAR-13,HC-LAR-5,False
819,FL-LAR-5,FL-LAR-1,False
819,HC-LAR-1,VC-LAR-5,False
819,HC-LAR-13,VC-LAR-1,False
819,HC-LAR-5,VC-LAR-13,False
819,VC-LAR-1,FL-LAR-5,False
819,VC-LAR-13,HC-LAR-13,False
819,VC-LAR-5,HC-LAR-1,False
820,FL-LAR-1,FL-LAR-1,True
820,FL-LAR-13,VC-LAR-1,False
820,FL-LAR-5,HC-LAR-13,False
820,HC-LAR-1,FL-LAR-5,False
820,HC-LAR-13,VC-LAR-5,False
820,HC-LAR-5,FL-LAR-13,False
820,VC-LAR-1,VC-LAR-13,False
820,VC-LAR-13,HC-LAR-5,False
820,VC-LAR-5,HC-LAR-1,False
821,FL-LAR-1,VC-LAR-13,False
821,FL-LAR-13,FL-LAR-5,False
821,FL-LAR-5,FL-LAR-13,False
821,HC-LAR-1,HC-LAR-1,True
821,HC-LAR-13,HC-LAR-5,False
821,HC-LAR-5,HC-LAR-13,False
821,VC-LAR-1,VC-LAR-1,True
821,VC-LAR-13,FL-LAR-1,False
821,VC-LAR-5,VC-LAR-5,True
822,FL-LAR-1,FL-LAR-13,False
822,FL-LAR-13,FL-LAR-1,False
822,FL-LAR-5,VC-LAR-5,False
822,HC-LAR-1,HC-LAR-5,False
822,HC-LAR-13,HC-LAR-13,True
822,HC-LAR-5,HC-LAR-1,False
822,VC-LAR-1,VC-LAR-13,False
822,VC-LAR-13,FL-LAR-5,False
822,VC-LAR-5,VC-LAR-1,False
823,FL-LAR-1,VC-LAR-13,False
823,FL-LAR-13,HC-LAR-13,False
823,FL-LAR-5,VC-LAR-1,False
823,HC-LAR-1,FL-LAR-13,False
823,HC-LAR-13,HC-LAR-1,False
823,HC-LAR-5,FL-LAR-5,False
823,VC-LAR-1,HC-LAR-5,False
823,VC-LAR-13,FL-LAR-1,False
823,VC-LAR-5,VC-LAR-5,True
824,FL-LAR-1,HC-LAR-1,False
824,FL-LAR-13,VC-LAR-1,False
824,FL-LAR-5,FL-LAR-1,False
824,HC-LAR-1,HC-LAR-5,False
824,HC-LAR-13,HC-LAR-13,True
824,HC-LAR-5,FL-LAR-5,False
824,VC-LAR-1,FL-LAR-13,False
824,VC-LAR-13,VC-LAR-13,True
824,VC-LAR-5,VC-LAR-5,True
825,FL-LAR-1,FL-LAR-13,False
825,FL-LAR-13,FL-LAR-5,False
825,FL-LAR-5,HC-LAR-5,False
825,HC-LAR-1,VC-LAR-1,False
825,HC-LAR-13,FL-LAR-1,False
825,HC-LAR-5,VC-LAR-5,False
825,VC-LAR-1,HC-LAR-13,False
825,VC-LAR-13,HC-LAR-1,False
825,VC-LAR-5,VC-LAR-13,False
826,FL-LAR-1,VC-LAR-13,False
826,FL-LAR-13,FL-LAR-5,False
826,FL-LAR-5,FL-LAR-13,False
826,HC-LAR-1,HC-LAR-5,False
826,HC-LAR-13,VC-LAR-5,False
826,HC-LAR-5,FL-LAR-1,False
826,VC-LAR-1,HC-LAR-1,False
826,VC-LAR-13,HC-LAR-13,False
826,VC-LAR-5,VC-LAR-1,False
827,FL-LAR-1,FL-LAR-1,True
827,FL-LAR-13,VC-LAR-1,False
827,FL-LAR-5,HC-LAR-1,False
827,HC-LAR-1,FL-LAR-5,False
827,HC-LAR-13,HC-LAR-13,True
827,HC-LAR-5,VC-LAR-13,False
827,VC-LAR-1,FL-LAR-13,False
827,VC-LAR-13,HC-LAR-5,False
827,VC-LAR-5,VC-LAR-5,True
828,FL-LAR-1,HC-LAR-1,False
828,FL-LAR-13,VC-LAR-13,False
828,FL-LAR-5,FL-LAR-1,False
828,HC-LAR-1,VC-LAR-5,False
828,HC-LAR-13,FL-LAR-13,False
828,HC-LAR-5,HC-LAR-13,False
828,VC-LAR-1,VC-LAR-1,True
828,VC-LAR-13,FL-LAR-5,False
828,VC-LAR-5,HC-LAR-5,False
829,FL-LAR-1,VC-LAR-5,False
829,FL-LAR-13,HC-LAR-5,False
829,FL-LAR-5,VC-LAR-1,False
829,HC-LAR-1,FL-LAR-5,False
829,HC-LAR-13,FL-LAR-13,False
829,HC-LAR-5,FL-LAR-1,False
829,VC-LAR-1,HC-LAR-1,False
829,VC-LAR-13,VC-LAR-13,True
829,VC-LAR-5,HC-LAR-13,False
830,FL-LAR-1,HC-LAR-5,False
830,FL-LAR-13,HC-LAR-1,False
830,FL-LAR-5,HC-LAR-13,False
830,HC-LAR-1,FL-LAR-1,False
830,HC-LAR-13,VC-LAR-5,False
830,HC-LAR-5,FL-LAR-5,False
830,VC-LAR-1,VC-LAR-13,False
830,VC-LAR-13,VC-LAR-1,False
830,VC-LAR-5,FL-LAR-13,False
831,FL-LAR-1,VC-LAR-1,False
831,FL-LAR-13,HC-LAR-1,False
831,FL-LAR-5,FL-LAR-5,True
831,HC-LAR-1,HC-LAR-5,False
831,HC-LAR-13,VC-LAR-5,False
831,HC-LAR-5,FL-LAR-1,False
831,VC-LAR-1,HC-LAR-13,False
831,VC-LAR-13,FL-LAR-13,False
831,VC-LAR-5,VC-LAR-13,False
832,FL-LAR-1,FL-LAR-13,False
832,FL-LAR-13,VC-LAR-13,False
832,FL-LAR-5,VC-LAR-5,False
832,HC-LAR-1,HC-LAR-5,False
832,HC-LAR-13,HC-LAR-1,False
832,HC-LAR-5,HC-LAR-13,False
832,VC-LAR-1,VC-LAR-1,True
832,VC-LAR-13,FL-LAR-1,False
832,VC-LAR-5,FL-LAR-5,False
833,FL-LAR-1,VC-LAR-13,False
833,FL-LAR-13,HC-LAR-1,False
833,FL-LAR-5,HC-LAR-13,False
833,HC-LAR-1,FL-LAR-13,False
833,HC-LAR-13,VC-LAR-5,False
833,HC-LAR-5,VC-LAR-1,False
833,VC-LAR-1,HC-LAR-5,False
833,VC-LAR-13,FL-LAR-5,False
833,VC-LAR-5,FL-LAR-1,False
834,FL-LAR-1,FL-LAR-13,False
834,FL-LAR-13,VC-LAR-5,False
834,FL-LAR-5,VC-LAR-13,False
834,HC-LAR-1,HC-LAR-1,True
834,HC-LAR-13,HC-LAR-5,False
834,HC-LAR-5,FL-LAR-1,False
834,VC-LAR-1,FL-LAR-5,False
834,VC-LAR-13,VC-LAR-1,False
834,VC-LAR-5,HC-LAR-13,False
835,FL-LAR-1,FL-LAR-5,False
835,FL-LAR-13,FL-LAR-1,False
835,FL-LAR-5,VC-LAR-1,False
835,HC-LAR-1,HC-LAR-5,False
835,HC-LAR-13,FL-LAR-13,False
835,HC-LAR-5,VC-LAR-13,False
835,VC-LAR-1,HC-LAR-13,False
835,VC-LAR-13,VC-LAR-5,False
835,VC-LAR-5,HC-LAR-1,False
836,FL-LAR-1,HC-LAR-5,False
836,FL-LAR-13,HC-LAR-1,False
836,FL-LAR-5,FL-LAR-1,False
836,HC-LAR-1,FL-LAR-13,False
836,HC-LAR-13,FL-LAR-5,False
836,HC-LAR-5,VC-LAR-5,False
836,VC-LAR-1,VC-LAR-13,False
836,VC-LAR-13,VC-LAR-1,False
836,VC-LAR-5,HC-LAR-13,False
837,FL-LAR-1,VC-LAR-1,False
837,FL-LAR-13,HC-LAR-5,False
837,FL-LAR-5,HC-LAR-13,False
837,HC-LAR-1,VC-LAR-5,False
837,HC-LAR-13,HC-LAR-1,False
837,HC-LAR-5,VC-LAR-13,False
837,VC-LAR-1,FL-LAR-13,False
837,VC-LAR-13,FL-LAR-1,False
837,VC-LAR-5,FL-LAR-5,False
838,FL-LAR-1,FL-LAR-5,False
838,FL-LAR-13,HC-LAR-13,False
838,FL-LAR-5,HC-LAR-5,False
838,HC-LAR-1,VC-LAR-1,False
838,HC-LAR-13,VC-LAR-5,False
838,HC-LAR-5,FL-LAR-13,False
838,VC-LAR-1,VC-LAR-13,False
838,VC-LAR-13,FL-LAR-1,False
838,VC-LAR-5,HC-LAR-1,False
839,FL-LAR-1,HC-LAR-1,False
839,FL-LAR-13,VC-LAR-5,False
839,FL-LAR-5,VC-LAR-1,False
839,HC-LAR-1,HC-LAR-5,False
839,HC-LAR-13,HC-LAR-13,True
839,HC-LAR-5,FL-LAR-13,False
839,VC-LAR-1,FL-LAR-5,False
839,VC-LAR-13,VC-LAR-13,True
839,VC-LAR-5,FL-LAR-1,False
840,FL-LAR-1,FL-LAR-1,True
840,FL-LAR-13,VC-LAR-1,False
840,FL-LAR-5,HC-LAR-1,False
840,HC-LAR-1,HC-LAR-5,False
840,HC-LAR-13,FL-LAR-5,False
840,HC-LAR-5,VC-LAR-5,False
840,VC-LAR-1,VC-LAR-13,False
840,VC-LAR-13,HC-LAR-13,False
840,VC-LAR-5,FL-LAR-13,False
841,FL-LAR-1,HC-LAR-13,False
841,FL-LAR-13,HC-LAR-5,False
841,FL-LAR-5,VC-LAR-1,False
841,HC-LAR-1,FL-LAR-5,False
841,HC-LAR-13,HC-LAR-1,False
841,HC-LAR-5,VC-LAR-13,False
841,VC-LAR-1,FL-LAR-1,False
841,VC-LAR-13,VC-LAR-5,False
841,VC-LAR-5,FL-LAR-13,False
842,FL-LAR-1,HC-LAR-5,False
842,FL-LAR-13,VC-LAR-13,False
842,FL-LAR-5,HC-LAR-1,False
842,HC-LAR-1,VC-LAR-1,False
842,HC-LAR-13,FL-LAR-5,False
842,HC-LAR-5,HC-LAR-13,False
842,VC-LAR-1,FL-LAR-1,False
842,VC-LAR-13,VC-LAR-5,False
842,VC-LAR-5,FL-LAR-13,False
843,FL-LAR-1,FL-LAR-13,False
843,FL-LAR-13,HC-LAR-1,False
843,FL-LAR-5,FL-LAR-5,True
843,HC-LAR-1,FL-LAR-1,False
843,HC-LAR-13,VC-LAR-13,False
843,HC-LAR-5,HC-LAR-13,False
843,VC-LAR-1,VC-LAR-1,True
843,VC-LAR-13,VC-LAR-5,False
843,VC-LAR-5,HC-LAR-5,False
844,FL-LAR-1,HC-LAR-1,False
844,FL-LAR-13,HC-LAR-5,False
844,FL-LAR-5,FL-LAR-5,True
844,HC-LAR-1,VC-LAR-13,False
844,HC-LAR-13,FL-LAR-1,False
844,HC-LAR-5,FL-LAR-13,False
844,VC-LAR-1,VC-LAR-1,True
844,VC-LAR-13,HC-LAR-13,False
844,VC-LAR-5,VC-LAR-5,True
845,FL-LAR-1,HC-LAR-1,False
845,FL-LAR-13,VC-LAR-5,False
845,FL-LAR-5,FL-LAR-13,False
845,HC-LAR-1,HC-LAR-13,False
845,HC-LAR-13,HC-LAR-5,False
845,HC-LAR-5,FL-LAR-1,False
845,VC-LAR-1,VC-LAR-13,False
845,VC-LAR-13,FL-LAR-5,False
845,VC-LAR-5,VC-LAR-1,False
846,FL-LAR-1,FL-LAR-1,True
846,FL-LAR-13,VC-LAR-5,False
846,FL-LAR-5,HC-LAR-13,False
846,HC-LAR-1,FL-LAR-5,False
846,HC-LAR-13,HC-LAR-1,False
846,HC-LAR-5,VC-LAR-1,False
846,VC-LAR-1,HC-LAR-5,False
846,VC-LAR-13,VC-LAR-13,True
846,VC-LAR-5,FL-LAR-13,False
847,FL-LAR-1,VC-LAR-1,False
847,FL-LAR-13,HC-LAR-13,False
847,FL-LAR-5,VC-LAR-13,False
847,HC-LAR-1,HC-LAR-5,False
847,HC-LAR-13,FL-LAR-5,False
847,HC-LAR-5,HC-LAR-1,False
847,VC-LAR-1,VC-LAR-5,False
847,VC-LAR-13,FL-LAR-13,False
847,VC-LAR-5,FL-LAR-1,False
848,FL-LAR-1,VC-LAR-13,False
848,FL-LAR-13,FL-LAR-13,True
848,FL-LAR-5,HC-LAR-1,False
848,HC-LAR-1,HC-LAR-5,False
848,HC-LAR-13,VC-LAR-1,False
848,HC-LAR-5,VC-LAR-5,False
848,VC-LAR-1,FL-LAR-5,False
848,VC-LAR-13,FL-LAR-1,False
848,VC-LAR-5,HC-LAR-13,False
849,FL-LAR-1,FL-LAR-5,False
849,FL-LAR-13,HC-LAR-13,False
849,FL-LAR-5,VC-LAR-1,False
849,HC-LAR-1,VC-LAR-13,False
849,HC-LAR-13,HC-LAR-5,False
849,HC-LAR-5,VC-LAR-5,False
849,VC-LAR-1,FL-LAR-13,False
849,VC-LAR-13,HC-LAR-1,False
849,VC-LAR-5,FL-LAR-1,False
850,FL-LAR-1,HC-LAR-13,False
850,FL-LAR-13,FL-LAR-5,False
850,FL-LAR-5,VC-LAR-13,False
850,HC-LAR-1,FL-LAR-1,False
850,HC-LAR-13,FL-LAR-13,False
850,HC-LAR-5,VC-LAR-5,False
850,VC-LAR-1,VC-LAR-1,True
850,VC-LAR-13,HC-LAR-5,False
850,VC-LAR-5,HC-LAR-1,False
851,FL-LAR-1,HC-LAR-5,False
851,FL-LAR-13,VC-LAR-5,False
851,FL-LAR-5,HC-LAR-1,False
851,HC-LAR-1,FL-LAR-13,False
851,HC-LAR-13,HC-LAR-13,True
851,HC-LAR-5,VC-LAR-1,False
851,VC-LAR-1,VC-LAR-13,False
851,VC-LAR-13,FL-LAR-1,False
851,VC-LAR-5,FL-LAR-5,False
852,FL-LAR-1,HC-LAR-13,False
852,FL-LAR-13,VC-LAR-5,False
852,FL-LAR-5,FL-LAR-5,True
852,HC-LAR-1,HC-LAR-5,False
852,HC-LAR-13,VC-LAR-1,False
852,HC-LAR-5,HC-LAR-1,False
852,VC-LAR-1,FL-LAR-13,False
852,VC-LAR-13,VC-LAR-13,True
852,VC-LAR-5,FL-LAR-1,False
853,FL-LAR-1,FL-LAR-5,False
853,FL-LAR-13,HC-LAR-5,False
853,FL-LAR-5,FL-LAR-1,False
853,HC-LAR-1,VC-LAR-13,False
853,HC-LAR-13,HC-LAR-1,False
853,HC-LAR-5,VC-LAR-1,False
853,VC-LAR-1,HC-LAR-13,False
853,VC-LAR-13,VC-LAR-5,False
853,VC-LAR-5,FL-LAR-13,False
854,FL-LAR-1,FL-LAR-5,False
854,FL-LAR-13,VC-LAR-5,False
854,FL-LAR-5,FL-LAR-13,False
854,HC-LAR-1,HC-LAR-5,False
854,HC-LAR-13,FL-LAR-1,False
854,HC-LAR-5,VC-LAR-13,False
854,VC-LAR-1,HC-LAR-1,False
854,VC-LAR-13,VC-LAR-1,False
854,VC-LAR-5,HC-LAR-13,False
855,FL-LAR-1,FL-LAR-13,False
855,FL-LAR-13,FL-LAR-1,False
855,FL-LAR-5,VC-LAR-13,False
855,HC-LAR-1,VC-LAR-1,False
855,HC-LAR-13,VC-LAR-5,False
855,HC-LAR-5,HC-LAR-5,True
855,VC-LAR-1,HC-LAR-13,False
855,VC-LAR-13,FL-LAR-5,False
855,VC-LAR-5,HC-LAR-1,False
856,FL-LAR-1,FL-LAR-13,False
856,FL-LAR-13,HC-LAR-5,False
856,FL-LAR-5,FL-LAR-1,False
856,HC-LAR-1,HC-LAR-13,False
856,HC-LAR-13,VC-LAR-1,False
856,HC-LAR-5,FL-LAR-5,False
856,VC-LAR-1,VC-LAR-5,False
856,VC-LAR-13,VC-LAR-13,True
856,VC-LAR-5,HC-LAR-1,False
857,FL-LAR-1,HC-LAR-13,False
857,FL-LAR-13,FL-LAR-13,True
857,FL-LAR-5,VC-LAR-5,False
857,HC-LAR-1,HC-LAR-5,False
857,HC-LAR-13,HC-LAR-1,False
857,HC-LAR-5,FL-LAR-1,False
857,VC-LAR-1,FL-LAR-5,False
857,VC-LAR-13,VC-LAR-1,False
857,VC-LAR-5,VC-LAR-13,False
858,FL-LAR-1,FL-LAR-5,False
858,FL-LAR-13,VC-LAR-1,False
858,FL-LAR-5,VC-LAR-5,False
858,HC-LAR-1,HC-LAR-13,False
858,HC-LAR-13,VC-LAR-13,False
858,HC-LAR-5,FL-LAR-1,False
858,VC-LAR-1,FL-LAR-13,False
858,VC-LAR-13,HC-LAR-5,False
858,VC-LAR-5,HC-LAR-1,False
859,FL-LAR-1,VC-LAR-1,False
859,FL-LAR-13,HC-LAR-5,False
859,FL-LAR-5,FL-LAR-1,False
859,HC-LAR-1,VC-LAR-13,False
859,HC-LAR-13,HC-LAR-13,True
859,HC-LAR-5,FL-LAR-5,False
859,VC-LAR-1,HC-LAR-1,False
859,VC-LAR-13,FL-LAR-13,False
859,VC-LAR-5,VC-LAR-5,True
860,FL-LAR-1,HC-LAR-5,False
860,FL-LAR-13,HC-LAR-13,False
860,FL-LAR-5,HC-LAR-1,False
860,HC-LAR-1,FL-LAR-5,False
860,HC-LAR-13,VC-LAR-5,False
860,HC-LAR-5,VC-LAR-13,False
860,VC-LAR-1,VC-LAR-1,True
860,VC-LAR-13,FL-LAR-13,False
860,VC-LAR-5,FL-LAR-1,False
861,FL-LAR-1,VC-LAR-5,False
861,FL-LAR-13,HC-LAR-1,False
861,FL-LAR-5,HC-LAR-13,False
861,HC-LAR-1,VC-LAR-1,False
861,HC-LAR-13,FL-LAR-1,False
861,HC-LAR-5,FL-LAR-13,False
861,VC-LAR-1,VC-LAR-13,False
861,VC-LAR-13,FL-LAR-5,False
861,VC-LAR-5,HC-LAR-5,False
862,FL-LAR-1,VC-LAR-13,False
862,FL-LAR-13,HC-LAR-5,False
862,FL-LAR-5,HC-LAR-13,False
862,HC-LAR-1,FL-LAR-1,False
862,HC-LAR-13,VC-LAR-5,False
862,HC-LAR-5,FL-LAR-5,False
862,VC-LAR-1,FL-LAR-13,False
862,VC-LAR-13,VC-LAR-1,False
862,VC-LAR-5,HC-LAR-1,False
863,FL-LAR-1,VC-LAR-13,False
863,FL-LAR-13,HC-LAR-5,False
863,FL-LAR-5,FL-LAR-13,False
863,HC-LAR-1,FL-LAR-1,False
863,HC-LAR-13,HC-LAR-13,True
863,HC-LAR-5,HC-LAR-1,False
863,VC-LAR-1,FL-LAR-5,False
863,VC-LAR-13,VC-LAR-1,False
863,VC-LAR-5,VC-LAR-5,True
864,FL-LAR-1,HC-LAR-5,False
864,FL-LAR-13,HC-LAR-13,False
864,FL-LAR-5,HC-LAR-1,False
864,HC-LAR-1,VC-LAR-13,False
864,HC-LAR-13,FL-LAR-13,False
864,HC-LAR-5,FL-LAR-1,False
864,VC-LAR-1,VC-LAR-5,False
864,VC-LAR-13,VC-LAR-1,False
864,VC-LAR-5,FL-LAR-5,False
865,FL-LAR-1,FL-LAR-5,False
865,FL-LAR-13,FL-LAR-1,False
865,FL-LAR-5,HC-LAR-1,False
865,HC-LAR-1,VC-LAR-5,False
865,HC-LAR-13,FL-LAR-13,False
865,HC-LAR-5,VC-LAR-1,False
865,VC-LAR-1,HC-LAR-5,False
865,VC-LAR-13,HC-LAR-13,False
865,VC-LAR-5,VC-LAR-13,False
866,FL-LAR-1,VC-LAR-1,False
866,FL-LAR-13,HC-LAR-13,False
866,FL-LAR-5,FL-LAR-5,True
866,HC-LAR-1,HC-LAR-5,False
866,HC-LAR-13,HC-LAR-1,False
866,HC-LAR-5,FL-LAR-1,False
866,VC-LAR-1,VC-LAR-13,False
866,VC-LAR-13,VC-LAR-5,False
866,VC-LAR-5,FL-LAR-13,False
867,FL-LAR-1,VC-LAR-5,False
867,FL-LAR-13,FL-LAR-13,True
867,FL-LAR-5,FL-LAR-5,True
867,HC-LAR-1,HC-LAR-1,True
867,HC-LAR-13,VC-LAR-13,False
867,HC-LAR-5,HC-LAR-13,False
867,VC-LAR-1,FL-LAR-1,False
867,VC-LAR-13,HC-LAR-5,False
867,VC-LAR-5,VC-LAR-1,False
868,FL-LAR-1,HC-LAR-1,False
868,FL-LAR-13,FL-LAR-13,True
868,FL-LAR-5,HC-LAR-13,False
868,HC-LAR-1,VC-LAR-13,False
868,HC-LAR-13,VC-LAR-5,False
868,HC-LAR-5,VC-LAR-1,False
868,VC-LAR-1,FL-LAR-5,False
868,VC-LAR-13,FL-LAR-1,False
868,VC-LAR-5,HC-LAR-5,False
869,FL-LAR-1,VC-LAR-1,False
869,FL-LAR-13,HC-LAR-13,False
869,FL-LAR-5,VC-LAR-5,False
869,HC-LAR-1,FL-LAR-1,False
869,HC-LAR-13,HC-LAR-1,False
869,HC-LAR-5,FL-LAR-13,False
869,VC-LAR-1,HC-LAR-5,False
869,VC-LAR-13,VC-LAR-13,True
869,VC-LAR-5,FL-LAR-5,False
870,FL-LAR-1,VC-LAR-5,False
870,FL-LAR-13,HC-LAR-5,False
870,FL-LAR-5,HC-LAR-1,False
870,HC-LAR-1,VC-LAR-13,False
870,HC-LAR-13,HC-LAR-13,True
870,HC-LAR-5,FL-LAR-1,False
870,VC-LAR-1,FL-LAR-5,False
870,VC-LAR-13,VC-LAR-1,False
870,VC-LAR-5,FL-LAR-13,False
871,FL-LAR-1,FL-LAR-1,True
871,FL-LAR-13,FL-LAR-5,False
871,FL-LAR-5,FL-LAR-13,False
871,HC-LAR-1,VC-LAR-5,False
871,HC-LAR-13,HC-LAR-1,False
871,HC-LAR-5,VC-LAR-13,False
871,VC-LAR-1,VC-LAR-1,True
871,VC-LAR-13,HC-LAR-13,False
871,VC-LAR-5,HC-LAR-5,False
872,FL-LAR-1,FL-LAR-5,False
872,FL-LAR-13,FL-LAR-1,False
872,FL-LAR-5,VC-LAR-5,False
872,HC-LAR-1,VC-LAR-13,False
872,HC-LAR-13,HC-LAR-5,False
872,HC-LAR-5,HC-LAR-1,False
872,VC-LAR-1,HC-LAR-13,False
872,VC-LAR-13,VC-LAR-1,False
872,VC-LAR-5,FL-LAR-13,False
873,FL-LAR-1,FL-LAR-5,False
873,FL-LAR-13,HC-LAR-13,False
873,FL-LAR-5,VC-LAR-13,False
873,HC-LAR-1,HC-LAR-1,True
873,HC-LAR-13,VC-LAR-5,False
873,HC-LAR-5,FL-LAR-1,False
873,VC-LAR-1,FL-LAR-13,False
873,VC-LAR-13,HC-LAR-5,False
873,VC-LAR-5,VC-LAR-1,False
874,FL-LAR-1,HC-LAR-1,False
874,FL-LAR-13,VC-LAR-1,False
874,FL-LAR-5,VC-LAR-5,False
874,HC-LAR-1,FL-LAR-5,False
874,HC-LAR-13,HC-LAR-5,False
874,HC-LAR-5,VC-LAR-13,False
874,VC-LAR-1,FL-LAR-13,False
874,VC-LAR-13,FL-LAR-1,False
874,VC-LAR-5,HC-LAR-13,False
875,FL-LAR-1,FL-LAR-13,False
875,FL-LAR-13,VC-LAR-13,False
875,FL-LAR-5,VC-LAR-1,False
875,HC-LAR-1,HC-LAR-5,False
875,HC-LAR-13,FL-LAR-1,False
875,HC-LAR-5,FL-LAR-5,False
875,VC-LAR-1,VC-LAR-5,False
875,VC-LAR-13,HC-LAR-1,False
875,VC-LAR-5,HC-LAR-13,False
876,FL-LAR-1,HC-LAR-5,False
876,FL-LAR-13,FL-LAR-1,False
876,FL-LAR-5,VC-LAR-5,False
876,HC-LAR-1,FL-LAR-5,False
876,HC-LAR-13,VC-LAR-1,False
876,HC-LAR-5,HC-LAR-13,False
876,VC-LAR-1,VC-LAR-13,False
876,VC-LAR-13,FL-LAR-13,False
876,VC-LAR-5,HC-LAR-1,False
877,FL-LAR-1,FL-LAR-1,True
877,FL-LAR-13,HC-LAR-13,False
877,FL-LAR-5,VC-LAR-5,False
877,HC-LAR-1,FL-LAR-13,False
877,HC-LAR-13,FL-LAR-5,False
877,HC-LAR-5,VC-LAR-13,False
877,VC-LAR-1,HC-LAR-1,False
877,VC-LAR-13,HC-LAR-5,False
877,VC-LAR-5,VC-LAR-1,False
878,FL-LAR-1,FL-LAR-5,False
878,FL-LAR-13,VC-LAR-13,False
878,FL-LAR-5,HC-LAR-13,False
878,HC-LAR-1,HC-LAR-5,False
878,HC-LAR-13,VC-LAR-5,False
878,HC-LAR-5,FL-LAR-1,False
878,VC-LAR-1,VC-LAR-1,True
878,VC-LAR-13,FL-LAR-13,False
878,VC-LAR-5,HC-LAR-1,False
879,FL-LAR-1,VC-LAR-5,False
879,FL-LAR-13,HC-LAR-1,False
879,FL-LAR-5,HC-LAR-13,False
879,HC-LAR-1,VC-LAR-1,False
879,HC-LAR-13,FL-LAR-5,False
879,HC-LAR-5,VC-LAR-13,False
879,VC-LAR-1,HC-LAR-5,False
879,VC-LAR-13,FL-LAR-13,False
879,VC-LAR-5,FL-LAR-1,False
880,FL-LAR-1,FL-LAR-13,False
880,FL-LAR-13,VC-LAR-1,False
880,FL-LAR-5,FL-LAR-5,True
880,HC-LAR-1,HC-LAR-13,False
880,HC-LAR-13,FL-LAR-1,False
880,HC-LAR-5,HC-LAR-1,False
880,VC-LAR-1,HC-LAR-5,False
880,VC-LAR-13,VC-LAR-13,True
880,VC-LAR-5,VC-LAR-5,True
881,FL-LAR-1,VC-LAR-1,False
881,FL-LAR-13,VC-LAR-13,False
881,FL-LAR-5,FL-LAR-1,False
881,HC-LAR-1,HC-LAR-5,False
881,HC-LAR-13,FL-LAR-13,False
881,HC-LAR-5,HC-LAR-1,False
881,VC-LAR-1,HC-LAR-13,False
881,VC-LAR-13,FL-LAR-5,False
881,VC-LAR-5,VC-LAR-5,True
882,FL-LAR-1,FL-LAR-13,False
882,FL-LAR-13,FL-LAR-5,False
882,FL-LAR-5,VC-LAR-1,False
882,HC-LAR-1,HC-LAR-1,True
882,HC-LAR-13,VC-LAR-5,False
882,HC-LAR-5,VC-LAR-13,False
882,VC-LAR-1,HC-LAR-13,False
882,VC-LAR-13,HC-LAR-5,False
882,VC-LAR-5,FL-LAR-1,False
883,FL-LAR-1,VC-LAR-5,False
883,FL-LAR-13,VC-LAR-1,False
883,FL-LAR-5,HC-LAR-1,False
883,HC-LAR-1,FL-LAR-1,False
883,HC-LAR-13,HC-LAR-13,True
883,HC-LAR-5,FL-LAR-13,False
883,VC-LAR-1,FL-LAR-5,False
883,VC-LAR-13,HC-LAR-5,False
883,VC-LAR-5,VC-LAR-13,False
884,FL-LAR-1,VC-LAR-1,False
884,FL-LAR-13,VC-LAR-5,False
884,FL-LAR-5,HC-LAR-13,False
884,HC-LAR-1,FL-LAR-13,False
884,HC-LAR-13,HC-LAR-1,False
884,HC-LAR-5,FL-LAR-1,False
884,VC-LAR-1,VC-LAR-13,False
884,VC-LAR-13,FL-LAR-5,False
884,VC-LAR-5,HC-LAR-5,False
885,FL-LAR-1,VC-LAR-1,False
885,FL-LAR-13,FL-LAR-13,True
885,FL-LAR-5,HC-LAR-5,False
885,HC-LAR-1,HC-LAR-13,False
885,HC-LAR-13,VC-LAR-5,False
885,HC-LAR-5,FL-LAR-5,False
885,VC-LAR-1,HC-LAR-1,False
885,VC-LAR-13,VC-LAR-13,True
885,VC-LAR-5,FL-LAR-1,False
886,FL-LAR-1,HC-LAR-13,False
886,FL-LAR-13,VC-LAR-13,False
886,FL-LAR-5,FL-LAR-5,True
886,HC-LAR-1,HC-LAR-1,True
886,HC-LAR-13,VC-LAR-5,False
886,HC-LAR-5,HC-LAR-5,True
886,VC-LAR-1,VC-LAR-1,True
886,VC-LAR-13,FL-LAR-1,False
886,VC-LAR-5,FL-LAR-13,False
887,FL-LAR-1,FL-LAR-13,False
887,FL-LAR-13,VC-LAR-5,False
887,FL-LAR-5,HC-LAR-1,False
887,HC-LAR-1,FL-LAR-1,False
887,HC-LAR-13,VC-LAR-13,False
887,HC-LAR-5,HC-LAR-5,True
887,VC-LAR-1,FL-LAR-5,False
887,VC-LAR-13,VC-LAR-1,False
887,VC-LAR-5,HC-LAR-13,False
888,FL-LAR-1,HC-LAR-13,False
888,FL-LAR-13,FL-LAR-5,False
888,FL-LAR-5,VC-LAR-13,False
888,HC-LAR-1,VC-LAR-1,False
888,HC-LAR-13,HC-LAR-5,False
888,HC-LAR-5,FL-LAR-1,False
888,VC-LAR-1,FL-LAR-13,False
888,VC-LAR-13,VC-LAR-5,False
888,VC-LAR-5,HC-LAR-1,False
889,FL-LAR-1,FL-LAR-13,False
889,FL-LAR-13,HC-LAR-1,False
889,FL-LAR-5,VC-LAR-13,False
889,HC-LAR-1,FL-LAR-5,False
889,HC-LAR-13,FL-LAR-1,False
889,HC-LAR-5,HC-LAR-13,False
889,VC-LAR-1,HC-LAR-5,False
889,VC-LAR-13,VC-LAR-1,False
889,VC-LAR-5,VC-LAR-5,True
890,FL-LAR-1,FL-LAR-13,False
890,FL-LAR-13,FL-LAR-1,False
890,FL-LAR-5,VC-LAR-5,False
890,HC-LAR-1,VC-LAR-1,False
890,HC-LAR-13,HC-LAR-5,False
890,HC-LAR-5,HC-LAR-1,False
890,VC-LAR-1,FL-LAR-5,False
890,VC-LAR-13,VC-LAR-13,True
890,VC-LAR-5,HC-LAR-13,False
891,FL-LAR-1,HC-LAR-5,False
891,FL-LAR-13,HC-LAR-13,False
891,FL-LAR-5,HC-LAR-1,False
891,HC-LAR-1,VC-LAR-13,False
891,HC-LAR-13,FL-LAR-13,False
891,HC-LAR-5,VC-LAR-5,False
891,VC-LAR-1,FL-LAR-1,False
891,VC-LAR-13,FL-LAR-5,False
891,VC-LAR-5,VC-LAR-1,False
892,FL-LAR-1,VC-LAR-1,False
892,FL-LAR-13,HC-LAR-13,False
892,FL-LAR-5,VC-LAR-5,False
892,HC-LAR-1,FL-LAR-1,False
892,HC-LAR-13,HC-LAR-5,False
892,HC-LAR-5,VC-LAR-13,False
892,VC-LAR-1,FL-LAR-13,False
892,VC-LAR-13,FL-LAR-5,False
892,VC-LAR-5,HC-LAR-1,False
893,FL-LAR-1,HC-LAR-5,False
893,FL-LAR-13,VC-LAR-13,False
893,FL-LAR-5,FL-LAR-1,False
893,HC-LAR-1,HC-LAR-1,True
893,HC-LAR-13,HC-LAR-13,True
893,HC-LAR-5,FL-LAR-5,False
893,VC-LAR-1,FL-LAR-13,False
893,VC-LAR-13,VC-LAR-5,False
893,VC-LAR-5,VC-LAR-1,False
894,FL-LAR-1,VC-LAR-1,False
894,FL-LAR-13,HC-LAR-1,False
894,FL-LAR-5,FL-LAR-5,True
894,HC-LAR-1,VC-LAR-13,False
894,HC-LAR-13,HC-LAR-5,False
894,HC-LAR-5,HC-LAR-13,False
894,VC-LAR-1,FL-LAR-1,False
894,VC-LAR-13,VC-LAR-5,False
894,VC-LAR-5,FL-LAR-13,False
895,FL-LAR-1,FL-LAR-5,False
895,FL-LAR-13,HC-LAR-1,False
895,FL-LAR-5,HC-LAR-5,False
895,HC-LAR-1,HC-LAR-13,False
895,HC-LAR-13,VC-LAR-5,False
895,HC-LAR-5,FL-LAR-1,False
895,VC-LAR-1,VC-LAR-13,False
895,VC-LAR-13,VC-LAR-1,False
895,VC-LAR-5,FL-LAR-13,False
896,FL-LAR-1,HC-LAR-1,False
896,FL-LAR-13,HC-LAR-13,False
896,FL-LAR-5,VC-LAR-5,False
896,HC-LAR-1,VC-LAR-13,False
896,HC-LAR-13,FL-LAR-5,False
896,HC-LAR-5,HC-LAR-5,True
896,VC-LAR-1,FL-LAR-13,False
896,VC-LAR-13,VC-LAR-1,False
896,VC-LAR-5,FL-LAR-1,False
897,FL-LAR-1,VC-LAR-1,False
897,FL-LAR-13,FL-LAR-5,False
897,FL-LAR-5,VC-LAR-5,False
897,HC-LAR-1,HC-LAR-13,False
897,HC-LAR-13,FL-LAR-1,False
897,HC-LAR-5,HC-LAR-1,False
897,VC-LAR-1,VC-LAR-13,False
897,VC-LAR-13,HC-LAR-5,False
897,VC-LAR-5,FL-LAR-13,False
898,FL-LAR-1,FL-LAR-13,False
898,FL-LAR-13,FL-LAR-1,False
898,FL-LAR-5,HC-LAR-13,False
898,HC-LAR-1,VC-LAR-13,False
898,HC-LAR-13,VC-LAR-5,False
898,HC-LAR-5,VC-LAR-1,False
898,VC-LAR-1,HC-LAR-5,False
898,VC-LAR-13,FL-LAR-5,False
898,VC-LAR-5,HC-LAR-1,False
899,FL-LAR-1,FL-LAR-13,False
899,FL-LAR-13,HC-LAR-1,False
899,FL-LAR-5,FL-LAR-1,False
899,HC-LAR-1,VC-LAR-1,False
899,HC-LAR-13,FL-LAR-5,False
899,HC-LAR-5,VC-LAR-13,False
899,VC-LAR-1,VC-LAR-5,False
899,VC-LAR-13,HC-LAR-5,False
899,VC-LAR-5,HC-LAR-13,False
900,FL-LAR-1,FL-LAR-5,False
900,FL-LAR-13,FL-LAR-1,False
900,FL-LAR-5,HC-LAR-1,False
900,HC-LAR-1,HC-LAR-13,False
900,HC-LAR-13,VC-LAR-13,False
900,HC-LAR-5,HC-LAR-5,True
900,VC-LAR-1,FL-LAR-13,False
900,VC-LAR-13,VC-LAR-1,False
900,VC-LAR-5,VC-LAR-5,True
901,FL-LAR-1,VC-LAR-1,False
901,FL-LAR-13,VC-LAR-5,False
901,FL-LAR-5,HC-LAR-1,False
901,HC-LAR-1,FL-LAR-1,False
901,HC-LAR-13,FL-LAR-5,False
901,HC-LAR-5,HC-LAR-5,True
901,VC-LAR-1,FL-LAR-13,False
901,VC-LAR-13,VC-LAR-13,True
901,VC-LAR-5,HC-LAR-13,False
902,FL-LAR-1,HC-LAR-5,False
902,FL-LAR-13,VC-LAR-1,False
902,FL-LAR-5,FL-LAR-5,True
902,HC-LAR-1,VC-LAR-5,False
902,HC-LAR-13,HC-LAR-1,False
902,HC-LAR-5,HC-LAR-13,False
902,VC-LAR-1,VC-LAR-13,False
902,VC-LAR-13,FL-LAR-13,False
902,VC-LAR-5,FL-LAR-1,False
903,FL-LAR-1,VC-LAR-1,False
903,FL-LAR-13,FL-LAR-5,False
903,FL-LAR-5,HC-LAR-1,False
903,HC-LAR-1,VC-LAR-13,False
903,HC-LAR-13,FL-LAR-1,False
903,HC-LAR-5,FL-LAR-13,False
903,VC-LAR-1,HC-LAR-5,False
903,VC-LAR-13,HC-LAR-13,False
903,VC-LAR-5,VC-LAR-5,True
904,FL-LAR-1,VC-LAR-1,False
904,FL-LAR-13,FL-LAR-5,False
904,FL-LAR-5,HC-LAR-5,False
904,HC-LAR-1,VC-LAR-13,False
904,HC-LAR-13,HC-LAR-13,True
904,HC-LAR-5,VC-LAR-5,False
904,VC-LAR-1,HC-LAR-1,False
904,VC-LAR-13,FL-LAR-1,False
904,VC-LAR-5,FL-LAR-13,False
905,FL-LAR-1,FL-LAR-13,False
905,FL-LAR-13,HC-LAR-13,False
905,FL-LAR-5,VC-LAR-1,False
905,HC-LAR-1,HC-LAR-1,True
905,HC-LAR-13,VC-LAR-13,False
905,HC-LAR-5,VC-LAR-5,False
905,VC-LAR-1,HC-LAR-5,False
905,VC-LAR-13,FL-LAR-1,False
905,VC-LAR-5,FL-LAR-5,False
906,FL-LAR-1,FL-LAR-13,False
906,FL-LAR-13,FL-LAR-1,False
906,FL-LAR-5,VC-LAR-1,False
906,HC-LAR-1,HC-LAR-13,False
906,HC-LAR-13,VC-LAR-5,False
906,HC-LAR-5,HC-LAR-1,False
906,VC-LAR-1,VC-LAR-13,False
906,VC-LAR-13,HC-LAR-5,False
906,VC-LAR-5,FL-LAR-5,False
907,FL-LAR-1,HC-LAR-5,False
907,FL-LAR-13,VC-LAR-1,False
907,FL-LAR-5,HC-LAR-13,False
907,HC-LAR-1,FL-LAR-1,False
907,HC-LAR-13,HC-LAR-1,False
907,HC-LAR-5,VC-LAR-13,False
907,VC-LAR-1,VC-LAR-5,False
907,VC-LAR-13,FL-LAR-13,False
907,VC-LAR-5,FL-LAR-5,False
908,FL-LAR-1,HC-LAR-1,False
908,FL-LAR-13,HC-LAR-5,False
908,FL-LAR-5,VC-LAR-13,False
908,HC-LAR-1,VC-LAR-1,False
908,HC-LAR-13,FL-LAR-5,False
908,HC-LAR-5,HC-LAR-13,False
908,VC-LAR-1,FL-LAR-1,False
908,VC-LAR-13,VC-LAR-5,False
908,VC-LAR-5,FL-LAR-13,False
909,FL-LAR-1,HC-LAR-13,False
909,FL-LAR-13,FL-LAR-13,True
909,FL-LAR-5,HC-LAR-1,False
909,HC-LAR-1,FL-LAR-1,False
909,HC-LAR-13,FL-LAR-5,False
909,HC-LAR-5,VC-LAR-1,False
909,VC-LAR-1,VC-LAR-13,False
909,VC-LAR-13,HC-LAR-5,False
909,VC-LAR-5,VC-LAR-5,True
910,FL-LAR-1,FL-LAR-5,False
910,FL-LAR-13,FL-LAR-13,True
910,FL-LAR-5,HC-LAR-13,False
910,HC-LAR-1,VC-LAR-5,False
910,HC-LAR-13,VC-LAR-1,False
910,HC-LAR-5,VC-LAR-13,False
910,VC-LAR-1,HC-LAR-5,False
910,VC-LAR-13,HC-LAR-1,False
910,VC-LAR-5,FL-LAR-1,False
911,FL-LAR-1,HC-LAR-1,False
911,FL-LAR-13,HC-LAR-5,False
911,FL-LAR-5,HC-LAR-13,False
911,HC-LAR-1,VC-LAR-13,False
911,HC-LAR-13,FL-LAR-13,False
911,HC-LAR-5,FL-LAR-5,False
911,VC-LAR-1,FL-LAR-1,False
911,VC-LAR-13,VC-LAR-5,False
911,VC-LAR-5,VC-LAR-1,False
912,FL-LAR-1,FL-LAR-13,False
912,FL-LAR-13,VC-LAR-5,False
912,FL-LAR-5,FL-LAR-1,False
912,HC-LAR-1,HC-LAR-1,True
912,HC-LAR-13,VC-LAR-1,False
912,HC-LAR-5,FL-LAR-5,False
912,VC-LAR-1,HC-LAR-13,False
912,VC-LAR-13,HC-LAR-5,False
912,VC-LAR-5,VC-LAR-13,False
913,FL-LAR-1,HC-LAR-1,False
913,FL-LAR-13,FL-LAR-1,False
913,FL-LAR-5,VC-LAR-5,False
913,HC-LAR-1,FL-LAR-13,False
913,HC-LAR-13,VC-LAR-1,False
913,HC-LAR-5,HC-LAR-13,False
913,VC-LAR-1,VC-LAR-13,False
913,VC-LAR-13,HC-LAR-5,False
913,VC-LAR-5,FL-LAR-5,False
914,FL-LAR-1,VC-LAR-1,False
914,FL-LAR-13,FL-LAR-1,False
914,FL-LAR-5,HC-LAR-5,False
914,HC-LAR-1,HC-LAR-1,True
914,HC-LAR-13,HC-LAR-13,True
914,HC-LAR-5,VC-LAR-5,False
914,VC-LAR-1,FL-LAR-5,False
914,VC-LAR-13,VC-LAR-13,True
914,VC-LAR-5,FL-LAR-13,False
915,FL-LAR-1,HC-LAR-1,False
915,FL-LAR-13,VC-LAR-5,False
915,FL-LAR-5,FL-LAR-1,False
915,HC-LAR-1,HC-LAR-5,False
915,HC-LAR-13,FL-LAR-13,False
915,HC-LAR-5,VC-LAR-1,False
915,VC-LAR-1,HC-LAR-13,False
915,VC-LAR-13,VC-LAR-13,True
915,VC-LAR-5,FL-LAR-5,False
916,FL-LAR-1,VC-LAR-13,False
916,FL-LAR-13,HC-LAR-1,False
916,FL-LAR-5,HC-LAR-5,False
916,HC-LAR-1,FL-LAR-5,False
916,HC-LAR-13,HC-LAR-13,True
916,HC-LAR-5,VC-LAR-1,False
916,VC-LAR-1,FL-LAR-13,False
916,VC-LAR-13,FL-LAR-1,False
916,VC-LAR-5,VC-LAR-5,True
917,FL-LAR-1,VC-LAR-5,False
917,FL-LAR-13,FL-LAR-1,False
917,FL-LAR-5,FL-LAR-5,True
917,HC-LAR-1,FL-LAR-13,False
917,HC-LAR-13,HC-LAR-5,False
917,HC-LAR-5,VC-LAR-1,False
917,VC-LAR-1,HC-LAR-13,False
917,VC-LAR-13,HC-LAR-1,False
917,VC-LAR-5,VC-LAR-13,False
918,FL-LAR-1,HC-LAR-1,False
918,FL-LAR-13,FL-LAR-13,True
918,FL-LAR-5,FL-LAR-1,False
918,HC-LAR-1,VC-LAR-13,False
918,HC-LAR-13,VC-LAR-1,False
918,HC-LAR-5,FL-LAR-5,False
918,VC-LAR-1,HC-LAR-5,False
918,VC-LAR-13,VC-LAR-5,False
918,VC-LAR-5,HC-LAR-13,False
919,FL-LAR-1,FL-LAR-13,False
919,FL-LAR-13,VC-LAR-1,False
919,FL-LAR-5,HC-LAR-5,False
919,HC-LAR-1,FL-LAR-1,False
919,HC-LAR-13,VC-LAR-5,False
919,HC-LAR-5,FL-LAR-5,False
919,VC-LAR-1,HC-LAR-13,False
919,VC-LAR-13,VC-LAR-13,True
919,VC-LAR-5,HC-LAR-1,False
920,FL-LAR-1,HC-LAR-5,False
920,FL-LAR-13,FL-LAR-5,False
920,FL-LAR-5,HC-LAR-13,False
920,HC-LAR-1,VC-LAR-5,False
920,HC-LAR-13,VC-LAR-1,False
920,HC-LAR-5,VC-LAR-13,False
920,VC-LAR-1,FL-LAR-13,False
920,VC-LAR-13,FL-LAR-1,False
920,VC-LAR-5,HC-LAR-1,False
921,FL-LAR-1,FL-LAR-1,True
921,FL-LAR-13,VC-LAR-5,False
921,FL-LAR-5,VC-LAR-1,False
921,HC-LAR-1,FL-LAR-13,False
921,HC-LAR-13,HC-LAR-1,False
921,HC-LAR-5,VC-LAR-13,False
921,VC-LAR-1,FL-LAR-5,False
921,VC-LAR-13,HC-LAR-5,False
921,VC-LAR-5,HC-LAR-13,False
922,FL-LAR-1,VC-LAR-5,False
922,FL-LAR-13,FL-LAR-5,False
922,FL-LAR-5,VC-LAR-13,False
922,HC-LAR-1,HC-LAR-5,False
922,HC-LAR-13,FL-LAR-13,False
922,HC-LAR-5,VC-LAR-1,False
922,VC-LAR-1,HC-LAR-13,False
922,VC-LAR-13,FL-LAR-1,False
922,VC-LAR-5,HC-LAR-1,False
923,FL-LAR-1,HC-LAR-13,False
923,FL-LAR-13,FL-LAR-13,True
923,FL-LAR-5,FL-LAR-5,True
923,HC-LAR-1,VC-LAR-5,False
923,HC-LAR-13,VC-LAR-13,False
923,HC-LAR-5,HC-LAR-1,False
923,VC-LAR-1,HC-LAR-5,False
923,VC-LAR-13,FL-LAR-1,False
923,VC-LAR-5,VC-LAR-1,False
924,FL-LAR-1,HC-LAR-5,False
924,FL-LAR-13,FL-LAR-5,False
924,FL-LAR-5,HC-LAR-13,False
924,HC-LAR-1,VC-LAR-1,False
924,HC-LAR-13,VC-LAR-5,False
924,HC-LAR-5,FL-LAR-13,False
924,VC-LAR-1,FL-LAR-1,False
924,VC-LAR-13,VC-LAR-13,True
924,VC-LAR-5,HC-LAR-1,False
925,FL-LAR-1,VC-LAR-5,False
925,FL-LAR-13,VC-LAR-1,False
925,FL-LAR-5,VC-LAR-13,False
925,HC-LAR-1,HC-LAR-1,True
925,HC-LAR-13,HC-LAR-5,False
925,HC-LAR-5,FL-LAR-1,False
925,VC-LAR-1,FL-LAR-13,False
925,VC-LAR-13,FL-LAR-5,False
925,VC-LAR-5,HC-LAR-13,False
926,FL-LAR-1,FL-LAR-1,True
926,FL-LAR-13,FL-LAR-5,False
926,FL-LAR-5,FL-LAR-13,False
926,HC-LAR-1,HC-LAR-13,False
926,HC-LAR-13,HC-LAR-5,False
926,HC-LAR-5,VC-LAR-13,False
926,VC-LAR-1,VC-LAR-1,True
926,VC-LAR-13,VC-LAR-5,False
926,VC-LAR-5,HC-LAR-1,False
927,FL-LAR-1,HC-LAR-13,False
927,FL-LAR-13,HC-LAR-5,False
927,FL-LAR-5,VC-LAR-13,False
927,HC-LAR-1,FL-LAR-5,False
927,HC-LAR-13,VC-LAR-5,False
927,HC-LAR-5,FL-LAR-1,False
927,VC-LAR-1,FL-LAR-13,False
927,VC-LAR-13,VC-LAR-1,False
927,VC-LAR-5,HC-LAR-1,False
928,FL-LAR-1,FL-LAR-1,True
928,FL-LAR-13,HC-LAR-13,False
928,FL-LAR-5,VC-LAR-13,False
928,HC-LAR-1,FL-LAR-13,False
928,HC-LAR-13,HC-LAR-5,False
928,HC-LAR-5,VC-LAR-5,False
928,VC-LAR-1,VC-LAR-1,True
928,VC-LAR-13,HC-LAR-1,False
928,VC-LAR-5,FL-LAR-5,False
929,FL-LAR-1,HC-LAR-13,False
929,FL-LAR-13,VC-LAR-5,False
929,FL-LAR-5,VC-LAR-13,False
929,HC-LAR-1,FL-LAR-5,False
929,HC-LAR-13,HC-LAR-5,False
929,HC-LAR-5,FL-LAR-1,False
929,VC-LAR-1,VC-LAR-1,True
929,VC-LAR-13,HC-LAR-1,False
929,VC-LAR-5,FL-LAR-13,False
930,FL-LAR-1,VC-LAR-1,False
930,FL-LAR-13,FL-LAR-13,True
930,FL-LAR-5,HC-LAR-5,False
930,HC-LAR-1,FL-LAR-1,False
930,HC-LAR-13,VC-LAR-5,False
930,HC-LAR-5,VC-LAR-13,False
930,VC-LAR-1,HC-LAR-13,False
930,VC-LAR-13,HC-LAR-1,False
930,VC-LAR-5,FL-LAR-5,False
931,FL-LAR-1,FL-LAR-1,True
931,FL-LAR-13,VC-LAR-1,False
931,FL-LAR-5,FL-LAR-5,True
931,HC-LAR-1,VC-LAR-5,False
931,HC-LAR-13,HC-LAR-5,False
931,HC-LAR-5,FL-LAR-13,False
931,VC-LAR-1,HC-LAR-13,False
931,VC-LAR-13,VC-LAR-13,True
931,VC-LAR-5,HC-LAR-1,False
932,FL-LAR-1,VC-LAR-1,False
932,FL-LAR-13,HC-LAR-5,False
932,FL-LAR-5,HC-LAR-13,False
932,HC-LAR-1,VC-LAR-13,False
932,HC-LAR-13,VC-LAR-5,False
932,HC-LAR-5,HC-LAR-1,False
932,VC-LAR-1,FL-LAR-1,False
932,VC-LAR-13,FL-LAR-5,False
932,VC-LAR-5,FL-LAR-13,False
933,FL-LAR-1,FL-LAR-13,False
933,FL-LAR-13,VC-LAR-5,False
933,FL-LAR-5,HC-LAR-1,False
933,HC-LAR-1,HC-LAR-13,False
933,HC-LAR-13,FL-LAR-5,False
933,HC-LAR-5,FL-LAR-1,False
933,VC-LAR-1,HC-LAR-5,False
933,VC-LAR-13,VC-LAR-1,False
933,VC-LAR-5,VC-LAR-13,False
934,FL-LAR-1,HC-LAR-13,False
934,FL-LAR-13,FL-LAR-13,True
934,FL-LAR-5,FL-LAR-1,False
934,HC-LAR-1,HC-LAR-5,False
934,HC-LAR-13,VC-LAR-1,False
934,HC-LAR-5,VC-LAR-5,False
934,VC-LAR-1,FL-LAR-5,False
934,VC-LAR-13,VC-LAR-13,True
934,VC-LAR-5,HC-LAR-1,False
935,FL-LAR-1,FL-LAR-1,True
935,FL-LAR-13,FL-LAR-5,False
935,FL-LAR-5,HC-LAR-1,False
935,HC-LAR-1,HC-LAR-13,False
935,HC-LAR-13,VC-LAR-13,False
935,HC-LAR-5,FL-LAR-13,False
935,VC-LAR-1,VC-LAR-1,True
935,VC-LAR-13,VC-LAR-5,False
935,VC-LAR-5,HC-LAR-5,False
936,FL-LAR-1,HC-LAR-1,False
936,FL-LAR-13,VC-LAR-1,False
936,FL-LAR-5,VC-LAR-5,False
936,HC-LAR-1,FL-LAR-13,False
936,HC-LAR-13,FL-LAR-1,False
936,HC-LAR-5,HC-LAR-5,True
936,VC-LAR-1,FL-LAR-5,False
936,VC-LAR-13,HC-LAR-13,False
936,VC-LAR-5,VC-LAR-13,False
937,FL-LAR-1,HC-LAR-5,False
937,FL-LAR-13,VC-LAR-13,False
937,FL-LAR-5,VC-LAR-1,False
937,HC-LAR-1,HC-LAR-13,False
937,HC-LAR-13,FL-LAR-5,False
937,HC-LAR-5,HC-LAR-1,False
937,VC-LAR-1,FL-LAR-1,False
937,VC-LAR-13,FL-LAR-13,False
937,VC-LAR-5,VC-LAR-5,True
938,FL-LAR-1,FL-LAR-1,True
938,FL-LAR-13,VC-LAR-1,False
938,FL-LAR-5,FL-LAR-5,True
938,HC-LAR-1,HC-LAR-5,False
938,HC-LAR-13,VC-LAR-13,False
938,HC-LAR-5,HC-LAR-1,False
938,VC-LAR-1,HC-LAR-13,False
938,VC-LAR-13,FL-LAR-13,False
938,VC-LAR-5,VC-LAR-5,True
939,FL-LAR-1,HC-LAR-13,False
939,FL-LAR-13,VC-LAR-5,False
939,FL-LAR-5,FL-LAR-13,False
939,HC-LAR-1,FL-LAR-1,False
939,HC-LAR-13,FL-LAR-5,False
939,HC-LAR-5,VC-LAR-1,False
939,VC-LAR-1,VC-LAR-13,False
939,VC-LAR-13,HC-LAR-1,False
939,VC-LAR-5,HC-LAR-5,False
940,FL-LAR-1,HC-LAR-5,False
940,FL-LAR-13,VC-LAR-1,False
940,FL-LAR-5,VC-LAR-13,False
940,HC-LAR-1,FL-LAR-1,False
940,HC-LAR-13,VC-LAR-5,False
940,HC-LAR-5,HC-LAR-1,False
940,VC-LAR-1,FL-LAR-5,False
940,VC-LAR-13,FL-LAR-13,False
940,VC-LAR-5,HC-LAR-13,False
941,FL-LAR-1,FL-LAR-1,True
941,FL-LAR-13,HC-LAR-5,False
941,FL-LAR-5,VC-LAR-13,False
941,HC-LAR-1,HC-LAR-13,False
941,HC-LAR-13,FL-LAR-5,False
941,HC-LAR-5,VC-LAR-1,False
941,VC-LAR-1,HC-LAR-1,False
941,VC-LAR-13,VC-LAR-5,False
941,VC-LAR-5,FL-LAR-13,False
942,FL-LAR-1,HC-LAR-5,False
942,FL-LAR-13,FL-LAR-13,True
942,FL-LAR-5,VC-LAR-5,False
942,HC-LAR-1,HC-LAR-1,True
942,HC-LAR-13,VC-LAR-13,False
942,HC-LAR-5,FL-LAR-5,False
942,VC-LAR-1,FL-LAR-1,False
942,VC-LAR-13,HC-LAR-13,False
942,VC-LAR-5,VC-LAR-1,False
943,FL-LAR-1,FL-LAR-5,False
943,FL-LAR-13,HC-LAR-1,False
943,FL-LAR-5,VC-LAR-1,False
943,HC-LAR-1,HC-LAR-13,False
943,HC-LAR-13,HC-LAR-5,False
943,HC-LAR-5,VC-LAR-13,False
943,VC-LAR-1,FL-LAR-1,False
943,VC-LAR-13,FL-LAR-13,False
943,VC-LAR-5,VC-LAR-5,True
944,FL-LAR-1,HC-LAR-5,False
944,FL-LAR-13,FL-LAR-5,False
944,FL-LAR-5,HC-LAR-1,False
944,HC-LAR-1,HC-LAR-13,False
944,HC-LAR-13,VC-LAR-1,False
944,HC-LAR-5,VC-LAR-5,False
944,VC-LAR-1,FL-LAR-1,False
944,VC-LAR-13,VC-LAR-13,True
944,VC-LAR-5,FL-LAR-13,False
945,FL-LAR-1,VC-LAR-13,False
945,FL-LAR-13,VC-LAR-1,False
945,FL-LAR-5,FL-LAR-5,True
945,HC-LAR-1,HC-LAR-13,False
945,HC-LAR-13,FL-LAR-13,False
945,HC-LAR-5,HC-LAR-1,False
945,VC-LAR-1,FL-LAR-1,False
945,VC-LAR-13,VC-LAR-5,False
945,VC-LAR-5,HC-LAR-5,False
946,FL-LAR-1,VC-LAR-1,False
946,FL-LAR-13,FL-LAR-13,True
946,FL-LAR-5,HC-LAR-13,False
946,HC-LAR-1,FL-LAR-5,False
946,HC-LAR-13,FL-LAR-1,False
946,HC-LAR-5,VC-LAR-13,False
946,VC-LAR-1,VC-LAR-5,False
946,VC-LAR-13,HC-LAR-1,False
946,VC-LAR-5,HC-LAR-5,False
947,FL-LAR-1,VC-LAR-13,False
947,FL-LAR-13,HC-LAR-13,False
947,FL-LAR-5,FL-LAR-5,True
947,HC-LAR-1,VC-LAR-1,False
947,HC-LAR-13,VC-LAR-5,False
947,HC-LAR-5,FL-LAR-13,False
947,VC-LAR-1,HC-LAR-1,False
947,VC-LAR-13,FL-LAR-1,False
947,VC-LAR-5,HC-LAR-5,False
948,FL-LAR-1,VC-LAR-13,False
948,FL-LAR-13,VC-LAR-5,False
948,FL-LAR-5,FL-LAR-13,False
948,HC-LAR-1,HC-LAR-1,True
948,HC-LAR-13,FL-LAR-5,False
948,HC-LAR-5,HC-LAR-5,True
948,VC-LAR-1,VC-LAR-1,True
948,VC-LAR-13,FL-LAR-1,False
948,VC-LAR-5,HC-LAR-13,False
949,FL-LAR-1,VC-LAR-13,False
949,FL-LAR-13,FL-LAR-13,True
949,FL-LAR-5,FL-LAR-5,True
949,HC-LAR-1,VC-LAR-5,False
949,HC-LAR-13,HC-LAR-13,True
949,HC-LAR-5,VC-LAR-1,False
949,VC-LAR-1,HC-LAR-1,False
949,VC-LAR-13,FL-LAR-1,False
949,VC-LAR-5,HC-LAR-5,False
950,FL-LAR-1,VC-LAR-1,False
950,FL-LAR-13,FL-LAR-5,False
950,FL-LAR-5,VC-LAR-5,False
950,HC-LAR-1,FL-LAR-1,False
950,HC-LAR-13,VC-LAR-13,False
950,HC-LAR-5,HC-LAR-13,False
950,VC-LAR-1,HC-LAR-1,False
950,VC-LAR-13,HC-LAR-5,False
950,VC-LAR-5,FL-LAR-13,False
951,FL-LAR-1,HC-LAR-5,False
951,FL-LAR-13,FL-LAR-13,True
951,FL-LAR-5,VC-LAR-13,False
951,HC-LAR-1,FL-LAR-1,False
951,HC-LAR-13,HC-LAR-1,False
951,HC-LAR-5,HC-LAR-13,False
951,VC-LAR-1,VC-LAR-5,False
951,VC-LAR-13,FL-LAR-5,False
951,VC-LAR-5,VC-LAR-1,False
952,FL-LAR-1,VC-LAR-13,False
952,FL-LAR-13,HC-LAR-1,False
952,FL-LAR-5,FL-LAR-13,False
952,HC-LAR-1,HC-LAR-13,False
952,HC-LAR-13,VC-LAR-1,False
952,HC-LAR-5,FL-LAR-5,False
952,VC-LAR-1,FL-LAR-1,False
952,VC-LAR-13,HC-LAR-5,False
952,VC-LAR-5,VC-LAR-5,True
953,FL-LAR-1,HC-LAR-1,False
953,FL-LAR-13,HC-LAR-13,False
953,FL-LAR-5,FL-LAR-5,True
953,HC-LAR-1,VC-LAR-5,False
953,HC-LAR-13,HC-LAR-5,False
953,HC-LAR-5,VC-LAR-13,False
953,VC-LAR-1,FL-LAR-1,False
953,VC-LAR-13,VC-LAR-1,False
953,VC-LAR-5,FL-LAR-13,False
954,FL-LAR-1,HC-LAR-5,False
954,FL-LAR-13,HC-LAR-1,False
954,FL-LAR-5,VC-LAR-5,False
954,HC-LAR-1,FL-LAR-1,False
954,HC-LAR-13,FL-LAR-13,False
954,HC-LAR-5,FL-LAR-5,False
954,VC-LAR-1,VC-LAR-13,False
954,VC-LAR-13,HC-LAR-13,False
954,VC-LAR-5,VC-LAR-1,False
955,FL-LAR-1,VC-LAR-5,False
955,FL-LAR-13,FL-LAR-13,True
955,FL-LAR-5,VC-LAR-1,False
955,HC-LAR-1,HC-LAR-1,True
955,HC-LAR-13,FL-LAR-5,False
955,HC-LAR-5,HC-LAR-5,True
955,VC-LAR-1,HC-LAR-13,False
955,VC-LAR-13,VC-LAR-13,True
955,VC-LAR-5,FL-LAR-1,False
956,FL-LAR-1,VC-LAR-5,False
956,FL-LAR-13,HC-LAR-1,False
956,FL-LAR-5,VC-LAR-13,False
956,HC-LAR-1,FL-LAR-5,False
956,HC-LAR-13,FL-LAR-13,False
956,HC-LAR-5,FL-LAR-1,False
956,VC-LAR-1,HC-LAR-5,False
956,VC-LAR-13,HC-LAR-13,False
956,VC-LAR-5,VC-LAR-1,False
957,FL-LAR-1,VC-LAR-1,False
957,FL-LAR-13,HC-LAR-1,False
957,FL-LAR-5,VC-LAR-5,False
957,HC-LAR-1,FL-LAR-5,False
957,HC-LAR-13,FL-LAR-13,False
957,HC-LAR-5,FL-LAR-1,False
957,VC-LAR-1,VC-LAR-13,False
957,VC-LAR-13,HC-LAR-13,False
957,VC-LAR-5,HC-LAR-5,False
958,FL-LAR-1,FL-LAR-5,False
958,FL-LAR-13,VC-LAR-5,False
958,FL-LAR-5,FL-LAR-1,False
958,HC-LAR-1,HC-LAR-1,True
958,HC-LAR-13,VC-LAR-13,False
958,HC-LAR-5,VC-LAR-1,False
958,VC-LAR-1,HC-LAR-13,False
958,VC-LAR-13,HC-LAR-5,False
958,VC-LAR-5,FL-LAR-13,False
959,FL-LAR-1,VC-LAR-5,False
959,FL-LAR-13,VC-LAR-1,False
959,FL-LAR-5,FL-LAR-5,True
959,HC-LAR-1,FL-LAR-1,False
959,HC-LAR-13,FL-LAR-13,False
959,HC-LAR-5,HC-LAR-13,False
959,VC-LAR-1,HC-LAR-1,False
959,VC-LAR-13,VC-LAR-13,True
959,VC-LAR-5,HC-LAR-5,False
960,FL-LAR-1,HC-LAR-13,False
960,FL-LAR-13,VC-LAR-5,False
960,FL-LAR-5,HC-LAR-5,False
960,HC-LAR-1,HC-LAR-1,True
960,HC-LAR-13,FL-LAR-1,False
960,HC-LAR-5,FL-LAR-13,False
960,VC-LAR-1,FL-LAR-5,False
960,VC-LAR-13,VC-LAR-1,False
960,VC-LAR-5,VC-LAR-13,False
961,FL-LAR-1,FL-LAR-5,False
961,FL-LAR-13,FL-LAR-13,True
961,FL-LAR-5,FL-LAR-1,False
961,HC-LAR-1,HC-LAR-5,False
961,HC-LAR-13,VC-LAR-1,False
961,HC-LAR-5,HC-LAR-13,False
961,VC-LAR-1,VC-LAR-5,False
961,VC-LAR-13,VC-LAR-13,True
961,VC-LAR-5,HC-LAR-1,False
962,FL-LAR-1,VC-LAR-1,False
962,FL-LAR-13,VC-LAR-13,False
962,FL-LAR-5,FL-LAR-13,False
962,HC-LAR-1,HC-LAR-5,False
962,HC-LAR-13,VC-LAR-5,False
962,HC-LAR-5,FL-LAR-1,False
962,VC-LAR-1,HC-LAR-13,False
962,VC-LAR-13,HC-LAR-1,False
962,VC-LAR-5,FL-LAR-5,False
963,FL-LAR-1,FL-LAR-5,False
963,FL-LAR-13,HC-LAR-5,False
963,FL-LAR-5,HC-LAR-1,False
963,HC-LAR-1,VC-LAR-5,False
963,HC-LAR-13,VC-LAR-1,False
963,HC-LAR-5,VC-LAR-13,False
963,VC-LAR-1,FL-LAR-1,False
963,VC-LAR-13,FL-LAR-13,False
963,VC-LAR-5,HC-LAR-13,False
964,FL-LAR-1,HC-LAR-1,False
964,FL-LAR-13,FL-LAR-1,False
964,FL-LAR-5,FL-LAR-13,False
964,HC-LAR-1,HC-LAR-5,False
964,HC-LAR-13,FL-LAR-5,False
964,HC-LAR-5,VC-LAR-13,False
964,VC-LAR-1,VC-LAR-5,False
964,VC-LAR-13,VC-LAR-1,False
964,VC-LAR-5,HC-LAR-13,False
965,FL-LAR-1,HC-LAR-5,False
965,FL-LAR-13,HC-LAR-1,False
965,FL-LAR-5,FL-LAR-1,False
965,HC-LAR-1,VC-LAR-13,False
965,HC-LAR-13,VC-LAR-1,False
965,HC-LAR-5,FL-LAR-13,False
965,VC-LAR-1,VC-LAR-5,False
965,VC-LAR-13,HC-LAR-13,False
965,VC-LAR-5,FL-LAR-5,False
966,FL-LAR-1,HC-LAR-13,False
966,FL-LAR-13,VC-LAR-13,False
966,FL-LAR-5,HC-LAR-5,False
966,HC-LAR-1,FL-LAR-5,False
966,HC-LAR-13,HC-LAR-1,False
966,HC-LAR-5,FL-LAR-13,False
966,VC-LAR-1,VC-LAR-1,True
966,VC-LAR-13,FL-LAR-1,False
966,VC-LAR-5,VC-LAR-5,True
967,FL-LAR-1,FL-LAR-5,False
967,FL-LAR-13,VC-LAR-5,False
967,FL-LAR-5,FL-LAR-13,False
967,HC-LAR-1,HC-LAR-5,False
967,HC-LAR-13,HC-LAR-13,True
967,HC-LAR-5,FL-LAR-1,False
967,VC-LAR-1,HC-LAR-1,False
967,VC-LAR-13,VC-LAR-13,True
967,VC-LAR-5,VC-LAR-1,False
968,FL-LAR-1,FL-LAR-13,False
968,FL-LAR-13,VC-LAR-13,False
968,FL-LAR-5,FL-LAR-1,False
968,HC-LAR-1,HC-LAR-1,True
968,HC-LAR-13,FL-LAR-5,False
968,HC-LAR-5,VC-LAR-1,False
968,VC-LAR-1,HC-LAR-13,False
968,VC-LAR-13,VC-LAR-5,False
968,VC-LAR-5,HC-LAR-5,False
969,FL-LAR-1,FL-LAR-5,False
969,FL-LAR-13,VC-LAR-13,False
969,FL-LAR-5,HC-LAR-13,False
969,HC-LAR-1,VC-LAR-1,False
969,HC-LAR-13,HC-LAR-5,False
969,HC-LAR-5,HC-LAR-1,False
969,VC-LAR-1,VC-LAR-5,False
969,VC-LAR-13,FL-LAR-1,False
969,VC-LAR-5,FL-LAR-13,False
970,FL-LAR-1,FL-LAR-13,False
970,FL-LAR-13,FL-LAR-1,False
970,FL-LAR-5,HC-LAR-13,False
970,HC-LAR-1,FL-LAR-5,False
970,HC-LAR-13,VC-LAR-5,False
970,HC-LAR-5,HC-LAR-1,False
970,VC-LAR-1,VC-LAR-13,False
970,VC-LAR-13,VC-LAR-1,False
970,VC-LAR-5,HC-LAR-5,False
971,FL-LAR-1,VC-LAR-5,False
971,FL-LAR-13,HC-LAR-1,False
971,FL-LAR-5,FL-LAR-5,True
971,HC-LAR-1,HC-LAR-13,False
971,HC-LAR-13,FL-LAR-13,False
971,HC-LAR-5,VC-LAR-13,False
971,VC-LAR-1,VC-LAR-1,True
971,VC-LAR-13,FL-LAR-1,False
971,VC-LAR-5,HC-LAR-5,False
972,FL-LAR-1,VC-LAR-13,False
972,FL-LAR-13,FL-LAR-13,True
972,FL-LAR-5,VC-LAR-5,False
972,HC-LAR-1,HC-LAR-13,False
972,HC-LAR-13,HC-LAR-1,False
972,HC-LAR-5,FL-LAR-5,False
972,VC-LAR-1,FL-LAR-1,False
972,VC-LAR-13,VC-LAR-1,False
972,VC-LAR-5,HC-LAR-5,False
973,FL-LAR-1,HC-LAR-5,False
973,FL-LAR-13,VC-LAR-13,False
973,FL-LAR-5,VC-LAR-5,False
973,HC-LAR-1,HC-LAR-1,True
973,HC-LAR-13,FL-LAR-5,False
973,HC-LAR-5,VC-LAR-1,False
973,VC-LAR-1,FL-LAR-13,False
973,VC-LAR-13,FL-LAR-1,False
973,VC-LAR-5,HC-LAR-13,False
974,FL-LAR-1,HC-LAR-13,False
974,FL-LAR-13,FL-LAR-5,False
974,FL-LAR-5,FL-LAR-13,False
974,HC-LAR-1,FL-LAR-1,False
974,HC-LAR-13,HC-LAR-1,False
974,HC-LAR-5,VC-LAR-13,False
974,VC-LAR-1,VC-LAR-5,False
974,VC-LAR-13,HC-LAR-5,False
974,VC-LAR-5,VC-LAR-1,False
975,FL-LAR-1,VC-LAR-13,False
975,FL-LAR-13,HC-LAR-1,False
975,FL-LAR-5,HC-LAR-5,False
975,HC-LAR-1,FL-LAR-13,False
975,HC-LAR-13,FL-LAR-1,False
975,HC-LAR-5,VC-LAR-5,False
975,VC-LAR-1,FL-LAR-5,False
975,VC-LAR-13,HC-LAR-13,False
975,VC-LAR-5,VC-LAR-1,False
976,FL-LAR-1,VC-LAR-1,False
976,FL-LAR-13,HC-LAR-5,False
976,FL-LAR-5,VC-LAR-5,False
976,HC-LAR-1,FL-LAR-1,False
976,HC-LAR-13,FL-LAR-5,False
976,HC-LAR-5,VC-LAR-13,False
976,VC-LAR-1,HC-LAR-13,False
976,VC-LAR-13,FL-LAR-13,False
976,VC-LAR-5,HC-LAR-1,False
977,FL-LAR-1,FL-LAR-13,False
977,FL-LAR-13,VC-LAR-13,False
977,FL-LAR-5,VC-LAR-1,False
977,HC-LAR-1,FL-LAR-1,False
977,HC-LAR-13,HC-LAR-1,False
977,HC-LAR-5,HC-LAR-13,False
977,VC-LAR-1,HC-LAR-5,False
977,VC-LAR-13,FL-LAR-5,False
977,VC-LAR-5,VC-LAR-5,True
978,FL-LAR-1,HC-LAR-1,False
978,FL-LAR-13,VC-LAR-13,False
978,FL-LAR-5,FL-LAR-1,False
978,HC-LAR-1,HC-LAR-13,False
978,HC-LAR-13,HC-LAR-5,False
978,HC-LAR-5,VC-LAR-5,False
978,VC-LAR-1,FL-LAR-5,False
978,VC-LAR-13,VC-LAR-1,False
978,VC-LAR-5,FL-LAR-13,False
979,FL-LAR-1,FL-LAR-13,False
979,FL-LAR-13,VC-LAR-1,False
979,FL-LAR-5,HC-LAR-1,False
979,HC-LAR-1,FL-LAR-1,False
979,HC-LAR-13,VC-LAR-5,False
979,HC-LAR-5,HC-LAR-13,False
979,VC-LAR-1,HC-LAR-5,False
979,VC-LAR-13,VC-LAR-13,True
979,VC-LAR-5,FL-LAR-5,False
980,FL-LAR-1,FL-LAR-5,False
980,FL-LAR-13,HC-LAR-5,False
980,FL-LAR-5,VC-LAR-1,False
980,HC-LAR-1,FL-LAR-13,False
980,HC-LAR-13,HC-LAR-13,True
980,HC-LAR-5,HC-LAR-1,False
980,VC-LAR-1,VC-LAR-13,False
980,VC-LAR-13,VC-LAR-5,False
980,VC-LAR-5,FL-LAR-1,False
981,FL-LAR-1,FL-LAR-1,True
981,FL-LAR-13,HC-LAR-5,False
981,FL-LAR-5,VC-LAR-13,False
981,HC-LAR-1,VC-LAR-1,False
981,HC-LAR-13,HC-LAR-13,True
981,HC-LAR-5,VC-LAR-5,False
981,VC-LAR-1,FL-LAR-13,False
981,VC-LAR-13,FL-LAR-5,False
981,VC-LAR-5,HC-LAR-1,False
982,FL-LAR-1,VC-LAR-1,False
982,FL-LAR-13,FL-LAR-1,False
982,FL-LAR-5,HC-LAR-1,False
982,HC-LAR-1,FL-LAR-5,False
982,HC-LAR-13,HC-LAR-5,False
982,HC-LAR-5,VC-LAR-5,False
982,VC-LAR-1,FL-LAR-13,False
982,VC-LAR-13,HC-LAR-13,False
982,VC-LAR-5,VC-LAR-13,False
983,FL-LAR-1,FL-LAR-1,True
983,FL-LAR-13,HC-LAR-5,False
983,FL-LAR-5,HC-LAR-13,False
983,HC-LAR-1,VC-LAR-5,False
983,HC-LAR-13,VC-LAR-1,False
983,HC-LAR-5,FL-LAR-5,False
983,VC-LAR-1,FL-LAR-13,False
983,VC-LAR-13,VC-LAR-13,True
983,VC-LAR-5,HC-LAR-1,False
984,FL-LAR-1,FL-LAR-1,True
984,FL-LAR-13,HC-LAR-1,False
984,FL-LAR-5,VC-LAR-13,False
984,HC-LAR-1,HC-LAR-13,False
984,HC-LAR-13,VC-LAR-5,False
984,HC-LAR-5,FL-LAR-5,False
984,VC-LAR-1,VC-LAR-1,True
984,VC-LAR-13,FL-LAR-13,False
984,VC-LAR-5,HC-LAR-5,False
985,FL-LAR-1,VC-LAR-1,False
985,FL-LAR-13,FL-LAR-13,True
985,FL-LAR-5,HC-LAR-1,False
985,HC-LAR-1,HC-LAR-13,False
985,HC-LAR-13,FL-LAR-5,False
985,HC-LAR-5,VC-LAR-5,False
985,VC-LAR-1,FL-LAR-1,False
985,VC-LAR-13,VC-LAR-13,True
985,VC-LAR-5,HC-LAR-5,False
986,FL-LAR-1,HC-LAR-1,False
986,FL-LAR-13,FL-LAR-5,False
986,FL-LAR-5,VC-LAR-5,False
986,HC-LAR-1,VC-LAR-13,False
986,HC-LAR-13,HC-LAR-5,False
986,HC-LAR-5,HC-LAR-13,False
986,VC-LAR-1,FL-LAR-13,False
986,VC-LAR-13,VC-LAR-1,False
986,VC-LAR-5,FL-LAR-1,False
987,FL-LAR-1,HC-LAR-13,False
987,FL-LAR-13,VC-LAR-1,False
987,FL-LAR-5,VC-LAR-5,False
987,HC-LAR-1,FL-LAR-1,False
987,HC-LAR-13,FL-LAR-5,False
987,HC-LAR-5,FL-LAR-13,False
987,VC-LAR-1,HC-LAR-1,False
987,VC-LAR-13,VC-LAR-13,True
987,VC-LAR-5,HC-LAR-5,False
988,FL-LAR-1,HC-LAR-13,False
988,FL-LAR-13,HC-LAR-5,False
988,FL-LAR-5,VC-LAR-13,False
988,HC-LAR-1,FL-LAR-5,False
988,HC-LAR-13,VC-LAR-5,False
988,HC-LAR-5,FL-LAR-13,False
988,VC-LAR-1,HC-LAR-1,False
988,VC-LAR-13,VC-LAR-1,False
988,VC-LAR-5,FL-LAR-1,False
989,FL-LAR-1,FL-LAR-13,False
989,FL-LAR-13,HC-LAR-5,False
989,FL-LAR-5,FL-LAR-5,True
989,HC-LAR-1,FL-LAR-1,False
989,HC-LAR-13,VC-LAR-5,False
989,HC-LAR-5,HC-LAR-1,False
989,VC-LAR-1,VC-LAR-1,True
989,VC-LAR-13,HC-LAR-13,False
989,VC-LAR-5,VC-LAR-13,False
990,FL-LAR-1,VC-LAR-13,False
990,FL-LAR-13,FL-LAR-5,False
990,FL-LAR-5,VC-LAR-1,False
990,HC-LAR-1,FL-LAR-13,False
990,HC-LAR-13,VC-LAR-5,False
990,HC-LAR-5,HC-LAR-5,True
990,VC-LAR-1,HC-LAR-1,False
990,VC-LAR-13,HC-LAR-13,False
990,VC-LAR-5,FL-LAR-1,False
991,FL-LAR-1,VC-LAR-1,False
991,FL-LAR-13,VC-LAR-5,False
991,FL-LAR-5,HC-LAR-5,False
991,HC-LAR-1,FL-LAR-5,False
991,HC-LAR-13,HC-LAR-1,False
991,HC-LAR-5,HC-LAR-13,False
991,VC-LAR-1,VC-LAR-13,False
991,VC-LAR-13,FL-LAR-1,False
991,VC-LAR-5,FL-LAR-13,False
992,FL-LAR-1,VC-LAR-5,False
992,FL-LAR-13,FL-LAR-13,True
992,FL-LAR-5,HC-LAR-13,False
992,HC-LAR-1,VC-LAR-1,False
992,HC-LAR-13,FL-LAR-1,False
992,HC-LAR-5,FL-LAR-5,False
992,VC-LAR-1,HC-LAR-1,False
992,VC-LAR-13,HC-LAR-5,False
992,VC-LAR-5,VC-LAR-13,False
993,FL-LAR-1,VC-LAR-5,False
993,FL-LAR-13,VC-LAR-13,False
993,FL-LAR-5,HC-LAR-5,False
993,HC-LAR-1,FL-LAR-5,False
993,HC-LAR-13,HC-LAR-13,True
993,HC-LAR-5,FL-LAR-1,False
993,VC-LAR-1,VC-LAR-1,True
993,VC-LAR-13,FL-LAR-13,False
993,VC-LAR-5,HC-LAR-1,False
994,FL-LAR-1,VC-LAR-13,False
994,FL-LAR-13,HC-LAR-1,False
994,FL-LAR-5,FL-LAR-13,False
994,HC-LAR-1,FL-LAR-5,False
994,HC-LAR-13,VC-LAR-1,False
994,HC-LAR-5,FL-LAR-1,False
994,VC-LAR-1,HC-LAR-13,False
994,VC-LAR-13,VC-LAR-5,False
994,VC-LAR-5,HC-LAR-5,False
995,FL-LAR-1,HC-LAR-1,False
995,FL-LAR-13,FL-LAR-13,True
995,FL-LAR-5,FL-LAR-1,False
995,HC-LAR-1,VC-LAR-13,False
995,HC-LAR-13,HC-LAR-13,True
995,HC-LAR-5,HC-LAR-5,True
995,VC-LAR-1,VC-LAR-1,True
995,VC-LAR-13,VC-LAR-5,False
995,VC-LAR-5,FL-LAR-5,False
996,FL-LAR-1,FL-LAR-1,True
996,FL-LAR-13,VC-LAR-5,False
996,FL-LAR-5,VC-LAR-1,False
996,HC-LAR-1,HC-LAR-13,False
996,HC-LAR-13,HC-LAR-1,False
996,HC-LAR-5,FL-LAR-13,False
996,VC-LAR-1,FL-LAR-5,False
996,VC-LAR-13,HC-LAR-5,False
996,VC-LAR-5,VC-LAR-13,False
997,FL-LAR-1,HC-LAR-13,False
997,FL-LAR-13,VC-LAR-13,False
997,FL-LAR-5,FL-LAR-5,True
997,HC-LAR-1,FL-LAR-13,False
997,HC-LAR-13,VC-LAR-1,False
997,HC-LAR-5,VC-LAR-5,False
997,VC-LAR-1,HC-LAR-1,False
997,VC-LAR-13,FL-LAR-1,False
997,VC-LAR-5,HC-LAR-5,False
998,FL-LAR-1,FL-LAR-5,False
998,FL-LAR-13,HC-LAR-1,False
998,FL-LAR-5,FL-LAR-13,False
998,HC-LAR-1,VC-LAR-5,False
998,HC-LAR-13,VC-LAR-1,False
998,HC-LAR-5,HC-LAR-13,False
998,VC-LAR-1,HC-LAR-5,False
998,VC-LAR-13,FL-LAR-1,False
998,VC-LAR-5,VC-LAR-13,False
999,FL-LAR-1,HC-LAR-1,False
999,FL-LAR-13,VC-LAR-1,False
999,FL-LAR-5,VC-LAR-5,False
999,HC-LAR-1,FL-LAR-13,False
999,HC-LAR-13,FL-LAR-1,False
999,HC-LAR-5,HC-LAR-13,False
999,VC-LAR-1,HC-LAR-5,False
999,VC-LAR-13,VC-LAR-13,True
999,VC-LAR-5,FL-LAR-5,False
1000,FL-LAR-1,HC-LAR-5,False
1000,FL-LAR-13,VC-LAR-1,False
1000,FL-LAR-5,VC-LAR-5,False
1000,HC-LAR-1,FL-LAR-13,False
1000,HC-LAR-13,FL-LAR-5,False
1000,HC-LAR-5,HC-LAR-1,False
1000,VC-LAR-1,HC-LAR-13,False
1000,VC-LAR-13,VC-LAR-13,True
1000,VC-LAR-5,FL-LAR-1,False
