seed,fold,sample_id,cohort,feature,target,shap_value,abs_shap_value
101,1,FL-LAR-1,FL,mmu-miR-122-5p,mmu-miR-124-3p,-0.3789382419136624,0.3789382419136624
101,1,FL-LAR-1,FL,mmu-miR-122-5p,mmu-let-7c-5p,0.2781394345496664,0.2781394345496664
101,1,FL-LAR-1,FL,mmu-miR-122-5p,mmu-miR-26a-5p,0.010800503298135866,0.010800503298135866
101,1,FL-LAR-1,FL,mmu-miR-122-5p,mmu-let-7a-5p,0.25572450666368246,0.25572450666368246
101,1,FL-LAR-1,FL,mmu-miR-122-5p,mmu-let-7b-5p,0.3638342750674686,0.3638342750674686
101,1,FL-LAR-1,FL,mmu-miR-17-5p,mmu-miR-124-3p,0.3380466354026189,0.3380466354026189
101,1,FL-LAR-1,FL,mmu-miR-17-5p,mmu-let-7c-5p,0.6098969365266386,0.6098969365266386
101,1,FL-LAR-1,FL,mmu-miR-17-5p,mmu-miR-26a-5p,0.6696287122215534,0.6696287122215534
101,1,FL-LAR-1,FL,mmu-miR-17-5p,mmu-let-7a-5p,0.5802242302367329,0.5802242302367329
101,1,FL-LAR-1,FL,mmu-miR-17-5p,mmu-let-7b-5p,0.4510794342775627,0.4510794342775627
101,1,FL-LAR-1,FL,mmu-miR-18a-5p,mmu-miR-124-3p,0.0816307421332263,0.0816307421332263
101,1,FL-LAR-1,FL,mmu-miR-18a-5p,mmu-let-7c-5p,-0.22534362219885223,0.22534362219885223
101,1,FL-LAR-1,FL,mmu-miR-18a-5p,mmu-miR-26a-5p,-0.14331337465603897,0.14331337465603897
101,1,FL-LAR-1,FL,mmu-miR-18a-5p,mmu-let-7a-5p,-0.15725818792755786,0.15725818792755786
101,1,FL-LAR-1,FL,mmu-miR-18a-5p,mmu-let-7b-5p,-0.2932899840970399,0.2932899840970399
101,1,FL-LAR-1,FL,mmu-miR-19a-5p,mmu-miR-124-3p,0.38805900484100375,0.38805900484100375
101,1,FL-LAR-1,FL,mmu-miR-19a-5p,mmu-let-7c-5p,-0.2533726006489208,0.2533726006489208
101,1,FL-LAR-1,FL,mmu-miR-19a-5p,mmu-miR-26a-5p,-0.461048723489512,0.461048723489512
101,1,FL-LAR-1,FL,mmu-miR-19a-5p,mmu-let-7a-5p,-0.35408967081918197,0.35408967081918197
101,1,FL-LAR-1,FL,mmu-miR-19a-5p,mmu-let-7b-5p,-0.38043368759184293,0.38043368759184293
101,1,FL-LAR-1,FL,mmu-miR-20a-5p,mmu-miR-124-3p,0.2681793809203858,0.2681793809203858
101,1,FL-LAR-1,FL,mmu-miR-20a-5p,mmu-let-7c-5p,-0.5648709809145658,0.5648709809145658
101,1,FL-LAR-1,FL,mmu-miR-20a-5p,mmu-miR-26a-5p,-0.4270994728629982,0.4270994728629982
101,1,FL-LAR-1,FL,mmu-miR-20a-5p,mmu-let-7a-5p,-0.7758375916792527,0.7758375916792527
101,1,FL-LAR-1,FL,mmu-miR-20a-5p,mmu-let-7b-5p,-0.37561347286888735,0.37561347286888735
101,1,FL-LAR-1,FL,mmu-miR-92a-1-5p,mmu-miR-124-3p,-0.621581199669648,0.621581199669648
101,1,FL-LAR-1,FL,mmu-miR-92a-1-5p,mmu-let-7c-5p,-0.26315521931925717,0.26315521931925717
101,1,FL-LAR-1,FL,mmu-miR-92a-1-5p,mmu-miR-26a-5p,-0.418985864458955,0.418985864458955
101,1,FL-LAR-1,FL,mmu-miR-92a-1-5p,mmu-let-7a-5p,0.0418432306840259,0.0418432306840259
101,1,FL-LAR-1,FL,mmu-miR-92a-1-5p,mmu-let-7b-5p,0.2522578126878217,0.2522578126878217
101,2,FL-LAR-13,FL,mmu-miR-122-5p,mmu-miR-124-3p,-0.11739484921369395,0.11739484921369395
101,2,FL-LAR-13,FL,mmu-miR-122-5p,mmu-let-7c-5p,0.03817078715558942,0.03817078715558942
101,2,FL-LAR-13,FL,mmu-miR-122-5p,mmu-miR-26a-5p,-0.048219437235578276,0.048219437235578276
101,2,FL-LAR-13,FL,mmu-miR-122-5p,mmu-let-7a-5p,0.019838186062406706,0.019838186062406706
101,2,FL-LAR-13,FL,mmu-miR-122-5p,mmu-let-7b-5p,0.07630805657099686,0.07630805657099686
101,2,FL-LAR-13,FL,mmu-miR-17-5p,mmu-miR-124-3p,0.07280831057529819,0.07280831057529819
101,2,FL-LAR-13,FL,mmu-miR-17-5p,mmu-let-7c-5p,0.6067560587844734,0.6067560587844734
101,2,FL-LAR-13,FL,mmu-miR-17-5p,mmu-miR-26a-5p,0.5992908390413504,0.5992908390413504
101,2,FL-LAR-13,FL,mmu-miR-17-5p,mmu-let-7a-5p,0.5787809950959248,0.5787809950959248
101,2,FL-LAR-13,FL,mmu-miR-17-5p,mmu-let-7b-5p,0.5843736648234581,0.5843736648234581
101,2,FL-LAR-13,FL,mmu-miR-18a-5p,mmu-miR-124-3p,0.13041771436643712,0.13041771436643712
101,2,FL-LAR-13,FL,mmu-miR-18a-5p,mmu-let-7c-5p,-0.0001611900903902841,0.0001611900903902841
101,2,FL-LAR-13,FL,mmu-miR-18a-5p,mmu-miR-26a-5p,-0.011761476070387189,0.011761476070387189
101,2,FL-LAR-13,FL,mmu-miR-18a-5p,mmu-let-7a-5p,-0.06144912694192802,0.06144912694192802
101,2,FL-LAR-13,FL,mmu-miR-18a-5p,mmu-let-7b-5p,-0.02821877873454174,0.02821877873454174
101,2,FL-LAR-13,FL,mmu-miR-19a-5p,mmu-miR-124-3p,-0.14202517298593495,0.14202517298593495
101,2,FL-LAR-13,FL,mmu-miR-19a-5p,mmu-let-7c-5p,0.08021378113189706,0.08021378113189706
101,2,FL-LAR-13,FL,mmu-miR-19a-5p,mmu-miR-26a-5p,0.11765180418151432,0.11765180418151432
101,2,FL-LAR-13,FL,mmu-miR-19a-5p,mmu-let-7a-5p,0.12356488765217367,0.12356488765217367
101,2,FL-LAR-13,FL,mmu-miR-19a-5p,mmu-let-7b-5p,0.07557604628042706,0.07557604628042706
101,2,FL-LAR-13,FL,mmu-miR-20a-5p,mmu-miR-124-3p,0.12616137307486497,0.12616137307486497
101,2,FL-LAR-13,FL,mmu-miR-20a-5p,mmu-let-7c-5p,-0.2384215197137869,0.2384215197137869
101,2,FL-LAR-13,FL,mmu-miR-20a-5p,mmu-miR-26a-5p,-0.21331173853832308,0.21331173853832308
101,2,FL-LAR-13,FL,mmu-miR-20a-5p,mmu-let-7a-5p,-0.233100722221813,0.233100722221813
101,2,FL-LAR-13,FL,mmu-miR-20a-5p,mmu-let-7b-5p,-0.23010405034049972,0.23010405034049972
101,2,FL-LAR-13,FL,mmu-miR-92a-1-5p,mmu-miR-124-3p,-0.05934798506107958,0.05934798506107958
101,2,FL-LAR-13,FL,mmu-miR-92a-1-5p,mmu-let-7c-5p,-0.015555588126881062,0.015555588126881062
101,2,FL-LAR-13,FL,mmu-miR-92a-1-5p,mmu-miR-26a-5p,-0.03348754622080984,0.03348754622080984
101,2,FL-LAR-13,FL,mmu-miR-92a-1-5p,mmu-let-7a-5p,0.01430813315479712,0.01430813315479712
101,2,FL-LAR-13,FL,mmu-miR-92a-1-5p,mmu-let-7b-5p,0.0002958693303905524,0.0002958693303905524
101,3,FL-LAR-5,FL,mmu-miR-122-5p,mmu-miR-124-3p,0.2419905649876454,0.2419905649876454
101,3,FL-LAR-5,FL,mmu-miR-122-5p,mmu-let-7c-5p,-0.2559372833260569,0.2559372833260569
101,3,FL-LAR-5,FL,mmu-miR-122-5p,mmu-miR-26a-5p,-0.16290953827823018,0.16290953827823018
101,3,FL-LAR-5,FL,mmu-miR-122-5p,mmu-let-7a-5p,-0.2676863297378683,0.2676863297378683
101,3,FL-LAR-5,FL,mmu-miR-122-5p,mmu-let-7b-5p,-0.26969111733390805,0.26969111733390805
101,3,FL-LAR-5,FL,mmu-miR-17-5p,mmu-miR-124-3p,0.2651829757620969,0.2651829757620969
101,3,FL-LAR-5,FL,mmu-miR-17-5p,mmu-let-7c-5p,0.564006114942216,0.564006114942216
101,3,FL-LAR-5,FL,mmu-miR-17-5p,mmu-miR-26a-5p,0.5577466089091712,0.5577466089091712
101,3,FL-LAR-5,FL,mmu-miR-17-5p,mmu-let-7a-5p,0.46994068461499416,0.46994068461499416
101,3,FL-LAR-5,FL,mmu-miR-17-5p,mmu-let-7b-5p,0.5004930773565625,0.5004930773565625
101,3,FL-LAR-5,FL,mmu-miR-18a-5p,mmu-miR-124-3p,0.1264945657138015,0.1264945657138015
101,3,FL-LAR-5,FL,mmu-miR-18a-5p,mmu-let-7c-5p,0.0013425462277761313,0.0013425462277761313
101,3,FL-LAR-5,FL,mmu-miR-18a-5p,mmu-miR-26a-5p,-0.05033764230878046,0.05033764230878046
101,3,FL-LAR-5,FL,mmu-miR-18a-5p,mmu-let-7a-5p,0.009915270869775422,0.009915270869775422
101,3,FL-LAR-5,FL,mmu-miR-18a-5p,mmu-let-7b-5p,-0.0006788896406456912,0.0006788896406456912
101,3,FL-LAR-5,FL,mmu-miR-19a-5p,mmu-miR-124-3p,-0.13958746576778744,0.13958746576778744
101,3,FL-LAR-5,FL,mmu-miR-19a-5p,mmu-let-7c-5p,0.09322502842890872,0.09322502842890872
101,3,FL-LAR-5,FL,mmu-miR-19a-5p,mmu-miR-26a-5p,0.12569727947047796,0.12569727947047796
101,3,FL-LAR-5,FL,mmu-miR-19a-5p,mmu-let-7a-5p,0.10766382863997323,0.10766382863997323
101,3,FL-LAR-5,FL,mmu-miR-19a-5p,mmu-let-7b-5p,0.1086115523057136,0.1086115523057136
101,3,FL-LAR-5,FL,mmu-miR-20a-5p,mmu-miR-124-3p,0.07730152069998435,0.07730152069998435
101,3,FL-LAR-5,FL,mmu-miR-20a-5p,mmu-let-7c-5p,-0.15925099969123652,0.15925099969123652
101,3,FL-LAR-5,FL,mmu-miR-20a-5p,mmu-miR-26a-5p,-0.14837235656862818,0.14837235656862818
101,3,FL-LAR-5,FL,mmu-miR-20a-5p,mmu-let-7a-5p,-0.18248026719326546,0.18248026719326546
101,3,FL-LAR-5,FL,mmu-miR-20a-5p,mmu-let-7b-5p,-0.14657781237328896,0.14657781237328896
101,3,FL-LAR-5,FL,mmu-miR-92a-1-5p,mmu-miR-124-3p,-0.1201056690682889,0.1201056690682889
101,3,FL-LAR-5,FL,mmu-miR-92a-1-5p,mmu-let-7c-5p,-0.05536732114657455,0.05536732114657455
101,3,FL-LAR-5,FL,mmu-miR-92a-1-5p,mmu-miR-26a-5p,-0.06262807724148545,0.06262807724148545
101,3,FL-LAR-5,FL,mmu-miR-92a-1-5p,mmu-let-7a-5p,-0.015634944429136072,0.015634944429136072
101,3,FL-LAR-5,FL,mmu-miR-92a-1-5p,mmu-let-7b-5p,-0.04184354841806151,0.04184354841806151
101,4,HC-LAR-1,HC,mmu-miR-122-5p,mmu-miR-124-3p,0.5383281628188952,0.5383281628188952
101,4,HC-LAR-1,HC,mmu-miR-122-5p,mmu-let-7c-5p,-0.12363513397152313,0.12363513397152313
101,4,HC-LAR-1,HC,mmu-miR-122-5p,mmu-miR-26a-5p,0.2943195796683237,0.2943195796683237
101,4,HC-LAR-1,HC,mmu-miR-122-5p,mmu-let-7a-5p,0.007345194425336876,0.007345194425336876
101,4,HC-LAR-1,HC,mmu-miR-122-5p,mmu-let-7b-5p,-0.17907260505210912,0.17907260505210912
101,4,HC-LAR-1,HC,mmu-miR-17-5p,mmu-miR-124-3p,-0.5620347900524698,0.5620347900524698
101,4,HC-LAR-1,HC,mmu-miR-17-5p,mmu-let-7c-5p,-0.8000042347860777,0.8000042347860777
101,4,HC-LAR-1,HC,mmu-miR-17-5p,mmu-miR-26a-5p,-0.9503244090672528,0.9503244090672528
101,4,HC-LAR-1,HC,mmu-miR-17-5p,mmu-let-7a-5p,-0.7812025370702033,0.7812025370702033
101,4,HC-LAR-1,HC,mmu-miR-17-5p,mmu-let-7b-5p,-0.5566027518090173,0.5566027518090173
101,4,HC-LAR-1,HC,mmu-miR-18a-5p,mmu-miR-124-3p,-0.7916704469835776,0.7916704469835776
101,4,HC-LAR-1,HC,mmu-miR-18a-5p,mmu-let-7c-5p,0.4368142908161342,0.4368142908161342
101,4,HC-LAR-1,HC,mmu-miR-18a-5p,mmu-miR-26a-5p,0.4640894347838186,0.4640894347838186
101,4,HC-LAR-1,HC,mmu-miR-18a-5p,mmu-let-7a-5p,0.5476278359414816,0.5476278359414816
101,4,HC-LAR-1,HC,mmu-miR-18a-5p,mmu-let-7b-5p,0.5670802133584706,0.5670802133584706
101,4,HC-LAR-1,HC,mmu-miR-19a-5p,mmu-miR-124-3p,0.42116219445306363,0.42116219445306363
101,4,HC-LAR-1,HC,mmu-miR-19a-5p,mmu-let-7c-5p,-0.22090361284523774,0.22090361284523774
101,4,HC-LAR-1,HC,mmu-miR-19a-5p,mmu-miR-26a-5p,-0.4513098423422586,0.4513098423422586
101,4,HC-LAR-1,HC,mmu-miR-19a-5p,mmu-let-7a-5p,-0.27051137420445837,0.27051137420445837
101,4,HC-LAR-1,HC,mmu-miR-19a-5p,mmu-let-7b-5p,-0.22983815508778202,0.22983815508778202
101,4,HC-LAR-1,HC,mmu-miR-20a-5p,mmu-miR-124-3p,-0.06631467547558734,0.06631467547558734
101,4,HC-LAR-1,HC,mmu-miR-20a-5p,mmu-let-7c-5p,0.49498951950263304,0.49498951950263304
101,4,HC-LAR-1,HC,mmu-miR-20a-5p,mmu-miR-26a-5p,0.5858869550541086,0.5858869550541086
101,4,HC-LAR-1,HC,mmu-miR-20a-5p,mmu-let-7a-5p,0.6212053483225949,0.6212053483225949
101,4,HC-LAR-1,HC,mmu-miR-20a-5p,mmu-let-7b-5p,0.33149772864999255,0.33149772864999255
101,4,HC-LAR-1,HC,mmu-miR-92a-1-5p,mmu-miR-124-3p,0.13842529491424407,0.13842529491424407
101,4,HC-LAR-1,HC,mmu-miR-92a-1-5p,mmu-let-7c-5p,-0.024238918152817313,0.024238918152817313
101,4,HC-LAR-1,HC,mmu-miR-92a-1-5p,mmu-miR-26a-5p,-0.17499294001997157,0.17499294001997157
101,4,HC-LAR-1,HC,mmu-miR-92a-1-5p,mmu-let-7a-5p,-0.13866986731542652,0.13866986731542652
101,4,HC-LAR-1,HC,mmu-miR-92a-1-5p,mmu-let-7b-5p,-0.03210708782232058,0.03210708782232058
101,5,HC-LAR-13,HC,mmu-miR-122-5p,mmu-miR-124-3p,-0.19188438948234163,0.19188438948234163
101,5,HC-LAR-13,HC,mmu-miR-122-5p,mmu-let-7c-5p,0.03557057758274207,0.03557057758274207
101,5,HC-LAR-13,HC,mmu-miR-122-5p,mmu-miR-26a-5p,0.07121986525598908,0.07121986525598908
101,5,HC-LAR-13,HC,mmu-miR-122-5p,mmu-let-7a-5p,0.06431878883668106,0.06431878883668106
101,5,HC-LAR-13,HC,mmu-miR-122-5p,mmu-let-7b-5p,0.0649731916403652,0.0649731916403652
101,5,HC-LAR-13,HC,mmu-miR-17-5p,mmu-miR-124-3p,-0.580116238942719,0.580116238942719
101,5,HC-LAR-13,HC,mmu-miR-17-5p,mmu-let-7c-5p,-0.6992857715750387,0.6992857715750387
101,5,HC-LAR-13,HC,mmu-miR-17-5p,mmu-miR-26a-5p,-0.7873383270169143,0.7873383270169143
101,5,HC-LAR-13,HC,mmu-miR-17-5p,mmu-let-7a-5p,-0.7949744050068452,0.7949744050068452
101,5,HC-LAR-13,HC,mmu-miR-17-5p,mmu-let-7b-5p,-0.7247796692186513,0.7247796692186513
101,5,HC-LAR-13,HC,mmu-miR-18a-5p,mmu-miR-124-3p,-0.17093078298639738,0.17093078298639738
101,5,HC-LAR-13,HC,mmu-miR-18a-5p,mmu-let-7c-5p,0.22971943208976883,0.22971943208976883
101,5,HC-LAR-13,HC,mmu-miR-18a-5p,mmu-miR-26a-5p,0.03882954294870907,0.03882954294870907
101,5,HC-LAR-13,HC,mmu-miR-18a-5p,mmu-let-7a-5p,0.20891091844193105,0.20891091844193105
101,5,HC-LAR-13,HC,mmu-miR-18a-5p,mmu-let-7b-5p,0.2771267364034884,0.2771267364034884
101,5,HC-LAR-13,HC,mmu-miR-19a-5p,mmu-miR-124-3p,0.2064025774539915,0.2064025774539915
101,5,HC-LAR-13,HC,mmu-miR-19a-5p,mmu-let-7c-5p,-0.03645619257319277,0.03645619257319277
101,5,HC-LAR-13,HC,mmu-miR-19a-5p,mmu-miR-26a-5p,0.0003105884398489356,0.0003105884398489356
101,5,HC-LAR-13,HC,mmu-miR-19a-5p,mmu-let-7a-5p,-0.04407882055917678,0.04407882055917678
101,5,HC-LAR-13,HC,mmu-miR-19a-5p,mmu-let-7b-5p,-0.04486285125890377,0.04486285125890377
101,5,HC-LAR-13,HC,mmu-miR-20a-5p,mmu-miR-124-3p,-0.011158981181506378,0.011158981181506378
101,5,HC-LAR-13,HC,mmu-miR-20a-5p,mmu-let-7c-5p,0.11051340870544663,0.11051340870544663
101,5,HC-LAR-13,HC,mmu-miR-20a-5p,mmu-miR-26a-5p,0.17105475278221996,0.17105475278221996
101,5,HC-LAR-13,HC,mmu-miR-20a-5p,mmu-let-7a-5p,0.16562589676589895,0.16562589676589895
101,5,HC-LAR-13,HC,mmu-miR-20a-5p,mmu-let-7b-5p,0.11802440125990551,0.11802440125990551
101,5,HC-LAR-13,HC,mmu-miR-92a-1-5p,mmu-miR-124-3p,-0.040394896259628506,0.040394896259628506
101,5,HC-LAR-13,HC,mmu-miR-92a-1-5p,mmu-let-7c-5p,0.7173330268480642,0.7173330268480642
101,5,HC-LAR-13,HC,mmu-miR-92a-1-5p,mmu-miR-26a-5p,0.955889699055115,0.955889699055115
101,5,HC-LAR-13,HC,mmu-miR-92a-1-5p,mmu-let-7a-5p,0.6868432779730939,0.6868432779730939
101,5,HC-LAR-13,HC,mmu-miR-92a-1-5p,mmu-let-7b-5p,0.6911182865985971,0.6911182865985971
101,6,HC-LAR-5,HC,mmu-miR-122-5p,mmu-miR-124-3p,-0.3367637247446207,0.3367637247446207
101,6,HC-LAR-5,HC,mmu-miR-122-5p,mmu-let-7c-5p,0.2816354767480638,0.2816354767480638
101,6,HC-LAR-5,HC,mmu-miR-122-5p,mmu-miR-26a-5p,0.014383777900366157,0.014383777900366157
101,6,HC-LAR-5,HC,mmu-miR-122-5p,mmu-let-7a-5p,0.21956049272751746,0.21956049272751746
101,6,HC-LAR-5,HC,mmu-miR-122-5p,mmu-let-7b-5p,0.31208787929234244,0.31208787929234244
101,6,HC-LAR-5,HC,mmu-miR-17-5p,mmu-miR-124-3p,0.06240215196279062,0.06240215196279062
101,6,HC-LAR-5,HC,mmu-miR-17-5p,mmu-let-7c-5p,0.6065981903495414,0.6065981903495414
101,6,HC-LAR-5,HC,mmu-miR-17-5p,mmu-miR-26a-5p,0.6338189137333149,0.6338189137333149
101,6,HC-LAR-5,HC,mmu-miR-17-5p,mmu-let-7a-5p,0.5840888486350501,0.5840888486350501
101,6,HC-LAR-5,HC,mmu-miR-17-5p,mmu-let-7b-5p,0.5565250664694609,0.5565250664694609
101,6,HC-LAR-5,HC,mmu-miR-18a-5p,mmu-miR-124-3p,0.6030627536919687,0.6030627536919687
101,6,HC-LAR-5,HC,mmu-miR-18a-5p,mmu-let-7c-5p,-0.06057211516860361,0.06057211516860361
101,6,HC-LAR-5,HC,mmu-miR-18a-5p,mmu-miR-26a-5p,-0.07415974906907646,0.07415974906907646
101,6,HC-LAR-5,HC,mmu-miR-18a-5p,mmu-let-7a-5p,-0.07524231331675146,0.07524231331675146
101,6,HC-LAR-5,HC,mmu-miR-18a-5p,mmu-let-7b-5p,-0.0810115107027286,0.0810115107027286
101,6,HC-LAR-5,HC,mmu-miR-19a-5p,mmu-miR-124-3p,-0.03777630345551497,0.03777630345551497
101,6,HC-LAR-5,HC,mmu-miR-19a-5p,mmu-let-7c-5p,0.15176709518060916,0.15176709518060916
101,6,HC-LAR-5,HC,mmu-miR-19a-5p,mmu-miR-26a-5p,0.19081935593300528,0.19081935593300528
101,6,HC-LAR-5,HC,mmu-miR-19a-5p,mmu-let-7a-5p,0.1447693845790732,0.1447693845790732
101,6,HC-LAR-5,HC,mmu-miR-19a-5p,mmu-let-7b-5p,0.11704471059260867,0.11704471059260867
101,6,HC-LAR-5,HC,mmu-miR-20a-5p,mmu-miR-124-3p,0.542007519412194,0.542007519412194
101,6,HC-LAR-5,HC,mmu-miR-20a-5p,mmu-let-7c-5p,-0.23039307701074008,0.23039307701074008
101,6,HC-LAR-5,HC,mmu-miR-20a-5p,mmu-miR-26a-5p,0.021364463750311844,0.021364463750311844
101,6,HC-LAR-5,HC,mmu-miR-20a-5p,mmu-let-7a-5p,-0.24694713447825062,0.24694713447825062
101,6,HC-LAR-5,HC,mmu-miR-20a-5p,mmu-let-7b-5p,-0.3645961483351737,0.3645961483351737
101,6,HC-LAR-5,HC,mmu-miR-92a-1-5p,mmu-miR-124-3p,-0.14326109185858527,0.14326109185858527
101,6,HC-LAR-5,HC,mmu-miR-92a-1-5p,mmu-let-7c-5p,-0.09901519518237678,0.09901519518237678
101,6,HC-LAR-5,HC,mmu-miR-92a-1-5p,mmu-miR-26a-5p,-0.13091252164328276,0.13091252164328276
101,6,HC-LAR-5,HC,mmu-miR-92a-1-5p,mmu-let-7a-5p,-0.10536840870918245,0.10536840870918245
101,6,HC-LAR-5,HC,mmu-miR-92a-1-5p,mmu-let-7b-5p,-0.11035042551329755,0.11035042551329755
101,7,VC-LAR-1,VC,mmu-miR-122-5p,mmu-miR-124-3p,-0.546778396868346,0.546778396868346
101,7,VC-LAR-1,VC,mmu-miR-122-5p,mmu-let-7c-5p,0.29298307071100366,0.29298307071100366
101,7,VC-LAR-1,VC,mmu-miR-122-5p,mmu-miR-26a-5p,-0.2168772818617679,0.2168772818617679
101,7,VC-LAR-1,VC,mmu-miR-122-5p,mmu-let-7a-5p,0.18827289658026214,0.18827289658026214
101,7,VC-LAR-1,VC,mmu-miR-122-5p,mmu-let-7b-5p,0.4796677806152731,0.4796677806152731
101,7,VC-LAR-1,VC,mmu-miR-17-5p,mmu-miR-124-3p,0.17880926378038572,0.17880926378038572
101,7,VC-LAR-1,VC,mmu-miR-17-5p,mmu-let-7c-5p,0.8788872024136555,0.8788872024136555
101,7,VC-LAR-1,VC,mmu-miR-17-5p,mmu-miR-26a-5p,0.9219415315693674,0.9219415315693674
101,7,VC-LAR-1,VC,mmu-miR-17-5p,mmu-let-7a-5p,0.8549232847103369,0.8549232847103369
101,7,VC-LAR-1,VC,mmu-miR-17-5p,mmu-let-7b-5p,0.8225212086661486,0.8225212086661486
101,7,VC-LAR-1,VC,mmu-miR-18a-5p,mmu-miR-124-3p,0.33133478546648504,0.33133478546648504
101,7,VC-LAR-1,VC,mmu-miR-18a-5p,mmu-let-7c-5p,-0.10255327301711081,0.10255327301711081
101,7,VC-LAR-1,VC,mmu-miR-18a-5p,mmu-miR-26a-5p,-0.01818913616055684,0.01818913616055684
101,7,VC-LAR-1,VC,mmu-miR-18a-5p,mmu-let-7a-5p,-0.12049897498921687,0.12049897498921687
101,7,VC-LAR-1,VC,mmu-miR-18a-5p,mmu-let-7b-5p,-0.24660745583338833,0.24660745583338833
101,7,VC-LAR-1,VC,mmu-miR-19a-5p,mmu-miR-124-3p,-0.0645181444875562,0.0645181444875562
101,7,VC-LAR-1,VC,mmu-miR-19a-5p,mmu-let-7c-5p,0.09084352918774449,0.09084352918774449
101,7,VC-LAR-1,VC,mmu-miR-19a-5p,mmu-miR-26a-5p,0.06592433879268352,0.06592433879268352
101,7,VC-LAR-1,VC,mmu-miR-19a-5p,mmu-let-7a-5p,0.0936087719678955,0.0936087719678955
101,7,VC-LAR-1,VC,mmu-miR-19a-5p,mmu-let-7b-5p,0.1095343292506489,0.1095343292506489
101,7,VC-LAR-1,VC,mmu-miR-20a-5p,mmu-miR-124-3p,0.1404858720227519,0.1404858720227519
101,7,VC-LAR-1,VC,mmu-miR-20a-5p,mmu-let-7c-5p,-0.2704977888715803,0.2704977888715803
101,7,VC-LAR-1,VC,mmu-miR-20a-5p,mmu-miR-26a-5p,-0.4020275098790688,0.4020275098790688
101,7,VC-LAR-1,VC,mmu-miR-20a-5p,mmu-let-7a-5p,-0.3423992365474989,0.3423992365474989
101,7,VC-LAR-1,VC,mmu-miR-20a-5p,mmu-let-7b-5p,-0.19018782860657685,0.19018782860657685
101,7,VC-LAR-1,VC,mmu-miR-92a-1-5p,mmu-miR-124-3p,-0.1215233412502736,0.1215233412502736
101,7,VC-LAR-1,VC,mmu-miR-92a-1-5p,mmu-let-7c-5p,-0.0692464454540942,0.0692464454540942
101,7,VC-LAR-1,VC,mmu-miR-92a-1-5p,mmu-miR-26a-5p,-0.04729014197898033,0.04729014197898033
101,7,VC-LAR-1,VC,mmu-miR-92a-1-5p,mmu-let-7a-5p,-0.036381559504419125,0.036381559504419125
101,7,VC-LAR-1,VC,mmu-miR-92a-1-5p,mmu-let-7b-5p,-0.04376825093737946,0.04376825093737946
101,8,VC-LAR-13,VC,mmu-miR-122-5p,mmu-miR-124-3p,0.45255882803539876,0.45255882803539876
101,8,VC-LAR-13,VC,mmu-miR-122-5p,mmu-let-7c-5p,-0.5344295519350757,0.5344295519350757
101,8,VC-LAR-13,VC,mmu-miR-122-5p,mmu-miR-26a-5p,-0.00921639964120304,0.00921639964120304
101,8,VC-LAR-13,VC,mmu-miR-122-5p,mmu-let-7a-5p,-0.3818574432962729,0.3818574432962729
101,8,VC-LAR-13,VC,mmu-miR-122-5p,mmu-let-7b-5p,-0.5477793641931687,0.5477793641931687
101,8,VC-LAR-13,VC,mmu-miR-17-5p,mmu-miR-124-3p,-0.08209435048362744,0.08209435048362744
101,8,VC-LAR-13,VC,mmu-miR-17-5p,mmu-let-7c-5p,-0.07248398867207774,0.07248398867207774
101,8,VC-LAR-13,VC,mmu-miR-17-5p,mmu-miR-26a-5p,-0.11946844845757978,0.11946844845757978
101,8,VC-LAR-13,VC,mmu-miR-17-5p,mmu-let-7a-5p,-0.07925135720482394,0.07925135720482394
101,8,VC-LAR-13,VC,mmu-miR-17-5p,mmu-let-7b-5p,-0.08612006641439311,0.08612006641439311
101,8,VC-LAR-13,VC,mmu-miR-18a-5p,mmu-miR-124-3p,-0.38706377452496493,0.38706377452496493
101,8,VC-LAR-13,VC,mmu-miR-18a-5p,mmu-let-7c-5p,-0.08644168732328886,0.08644168732328886
101,8,VC-LAR-13,VC,mmu-miR-18a-5p,mmu-miR-26a-5p,-0.3180595366934238,0.3180595366934238
101,8,VC-LAR-13,VC,mmu-miR-18a-5p,mmu-let-7a-5p,-0.058275744712833956,0.058275744712833956
101,8,VC-LAR-13,VC,mmu-miR-18a-5p,mmu-let-7b-5p,0.018911272759820987,0.018911272759820987
101,8,VC-LAR-13,VC,mmu-miR-19a-5p,mmu-miR-124-3p,0.2115804867700111,0.2115804867700111
101,8,VC-LAR-13,VC,mmu-miR-19a-5p,mmu-let-7c-5p,-0.2014148160943782,0.2014148160943782
101,8,VC-LAR-13,VC,mmu-miR-19a-5p,mmu-miR-26a-5p,-0.25840398461829567,0.25840398461829567
101,8,VC-LAR-13,VC,mmu-miR-19a-5p,mmu-let-7a-5p,-0.2428886151891978,0.2428886151891978
101,8,VC-LAR-13,VC,mmu-miR-19a-5p,mmu-let-7b-5p,-0.21027457476981617,0.21027457476981617
101,8,VC-LAR-13,VC,mmu-miR-20a-5p,mmu-miR-124-3p,-0.06639370492630392,0.06639370492630392
101,8,VC-LAR-13,VC,mmu-miR-20a-5p,mmu-let-7c-5p,-0.03875220759558326,0.03875220759558326
101,8,VC-LAR-13,VC,mmu-miR-20a-5p,mmu-miR-26a-5p,0.008387662848690636,0.008387662848690636
101,8,VC-LAR-13,VC,mmu-miR-20a-5p,mmu-let-7a-5p,-0.013330446146816666,0.013330446146816666
101,8,VC-LAR-13,VC,mmu-miR-20a-5p,mmu-let-7b-5p,-0.020282539770899593,0.020282539770899593
101,8,VC-LAR-13,VC,mmu-miR-92a-1-5p,mmu-miR-124-3p,0.15989223257784027,0.15989223257784027
101,8,VC-LAR-13,VC,mmu-miR-92a-1-5p,mmu-let-7c-5p,-0.0038829192524038048,0.0038829192524038048
101,8,VC-LAR-13,VC,mmu-miR-92a-1-5p,mmu-miR-26a-5p,0.06494190539718463,0.06494190539718463
101,8,VC-LAR-13,VC,mmu-miR-92a-1-5p,mmu-let-7a-5p,-0.033066847177300095,0.033066847177300095
101,8,VC-LAR-13,VC,mmu-miR-92a-1-5p,mmu-let-7b-5p,-0.0017592971688525916,0.0017592971688525916
101,9,VC-LAR-5,VC,mmu-miR-122-5p,mmu-miR-124-3p,-0.09284047854938154,0.09284047854938154
101,9,VC-LAR-5,VC,mmu-miR-122-5p,mmu-let-7c-5p,0.024106478756099836,0.024106478756099836
101,9,VC-LAR-5,VC,mmu-miR-122-5p,mmu-miR-26a-5p,-0.027652882178275107,0.027652882178275107
101,9,VC-LAR-5,VC,mmu-miR-122-5p,mmu-let-7a-5p,-0.0018375853910883588,0.0018375853910883588
101,9,VC-LAR-5,VC,mmu-miR-122-5p,mmu-let-7b-5p,0.03811945632066149,0.03811945632066149
101,9,VC-LAR-5,VC,mmu-miR-17-5p,mmu-miR-124-3p,0.012369152266667849,0.012369152266667849
101,9,VC-LAR-5,VC,mmu-miR-17-5p,mmu-let-7c-5p,-0.6828017686386983,0.6828017686386983
101,9,VC-LAR-5,VC,mmu-miR-17-5p,mmu-miR-26a-5p,-0.7102743789718564,0.7102743789718564
101,9,VC-LAR-5,VC,mmu-miR-17-5p,mmu-let-7a-5p,-0.7282928920680817,0.7282928920680817
101,9,VC-LAR-5,VC,mmu-miR-17-5p,mmu-let-7b-5p,-0.646610497316336,0.646610497316336
101,9,VC-LAR-5,VC,mmu-miR-18a-5p,mmu-miR-124-3p,-0.9067476495872447,0.9067476495872447
101,9,VC-LAR-5,VC,mmu-miR-18a-5p,mmu-let-7c-5p,0.6752978910915163,0.6752978910915163
101,9,VC-LAR-5,VC,mmu-miR-18a-5p,mmu-miR-26a-5p,0.2908949996228328,0.2908949996228328
101,9,VC-LAR-5,VC,mmu-miR-18a-5p,mmu-let-7a-5p,0.5752393386384941,0.5752393386384941
101,9,VC-LAR-5,VC,mmu-miR-18a-5p,mmu-let-7b-5p,0.7611039270600792,0.7611039270600792
101,9,VC-LAR-5,VC,mmu-miR-19a-5p,mmu-miR-124-3p,-0.10877283090133755,0.10877283090133755
101,9,VC-LAR-5,VC,mmu-miR-19a-5p,mmu-let-7c-5p,0.814012792441645,0.814012792441645
101,9,VC-LAR-5,VC,mmu-miR-19a-5p,mmu-miR-26a-5p,0.6756916924137238,0.6756916924137238
101,9,VC-LAR-5,VC,mmu-miR-19a-5p,mmu-let-7a-5p,0.9211199353972919,0.9211199353972919
101,9,VC-LAR-5,VC,mmu-miR-19a-5p,mmu-let-7b-5p,0.5568637596802244,0.5568637596802244
101,9,VC-LAR-5,VC,mmu-miR-20a-5p,mmu-miR-124-3p,0.6553165646226263,0.6553165646226263
101,9,VC-LAR-5,VC,mmu-miR-20a-5p,mmu-let-7c-5p,1.0142172655284716,1.0142172655284716
101,9,VC-LAR-5,VC,mmu-miR-20a-5p,mmu-miR-26a-5p,1.5201484034507304,1.5201484034507304
101,9,VC-LAR-5,VC,mmu-miR-20a-5p,mmu-let-7a-5p,1.3243591380130966,1.3243591380130966
101,9,VC-LAR-5,VC,mmu-miR-20a-5p,mmu-let-7b-5p,0.7302087555236844,0.7302087555236844
101,9,VC-LAR-5,VC,mmu-miR-92a-1-5p,mmu-miR-124-3p,0.1861483513343653,0.1861483513343653
101,9,VC-LAR-5,VC,mmu-miR-92a-1-5p,mmu-let-7c-5p,-0.11737285223013406,0.11737285223013406
101,9,VC-LAR-5,VC,mmu-miR-92a-1-5p,mmu-miR-26a-5p,-0.030113736043374074,0.030113736043374074
101,9,VC-LAR-5,VC,mmu-miR-92a-1-5p,mmu-let-7a-5p,-0.1166692703205629,0.1166692703205629
101,9,VC-LAR-5,VC,mmu-miR-92a-1-5p,mmu-let-7b-5p,-0.08842757599801816,0.08842757599801816
202,1,FL-LAR-1,FL,mmu-miR-122-5p,mmu-miR-124-3p,-0.37265708664344843,0.37265708664344843
202,1,FL-LAR-1,FL,mmu-miR-122-5p,mmu-let-7c-5p,0.31797330599062373,0.31797330599062373
202,1,FL-LAR-1,FL,mmu-miR-122-5p,mmu-miR-26a-5p,-0.010718383040512147,0.010718383040512147
202,1,FL-LAR-1,FL,mmu-miR-122-5p,mmu-let-7a-5p,0.2134188830003645,0.2134188830003645
202,1,FL-LAR-1,FL,mmu-miR-122-5p,mmu-let-7b-5p,0.36470517412259773,0.36470517412259773
202,1,FL-LAR-1,FL,mmu-miR-17-5p,mmu-miR-124-3p,0.19119014560807665,0.19119014560807665
202,1,FL-LAR-1,FL,mmu-miR-17-5p,mmu-let-7c-5p,0.6593562679358004,0.6593562679358004
202,1,FL-LAR-1,FL,mmu-miR-17-5p,mmu-miR-26a-5p,0.7547777791599706,0.7547777791599706
202,1,FL-LAR-1,FL,mmu-miR-17-5p,mmu-let-7a-5p,0.6920558122806448,0.6920558122806448
202,1,FL-LAR-1,FL,mmu-miR-17-5p,mmu-let-7b-5p,0.5514557287807595,0.5514557287807595
202,1,FL-LAR-1,FL,mmu-miR-18a-5p,mmu-miR-124-3p,0.32485537965064104,0.32485537965064104
202,1,FL-LAR-1,FL,mmu-miR-18a-5p,mmu-let-7c-5p,-0.07667300386880604,0.07667300386880604
202,1,FL-LAR-1,FL,mmu-miR-18a-5p,mmu-miR-26a-5p,0.156143228414779,0.156143228414779
202,1,FL-LAR-1,FL,mmu-miR-18a-5p,mmu-let-7a-5p,-0.013849278893515615,0.013849278893515615
202,1,FL-LAR-1,FL,mmu-miR-18a-5p,mmu-let-7b-5p,-0.15462182151653292,0.15462182151653292
202,1,FL-LAR-1,FL,mmu-miR-19a-5p,mmu-miR-124-3p,0.2888978494767799,0.2888978494767799
202,1,FL-LAR-1,FL,mmu-miR-19a-5p,mmu-let-7c-5p,0.2713204903425016,0.2713204903425016
202,1,FL-LAR-1,FL,mmu-miR-19a-5p,mmu-miR-26a-5p,0.17442481928689335,0.17442481928689335
202,1,FL-LAR-1,FL,mmu-miR-19a-5p,mmu-let-7a-5p,0.26172978581065154,0.26172978581065154
202,1,FL-LAR-1,FL,mmu-miR-19a-5p,mmu-let-7b-5p,0.14669315424859328,0.14669315424859328
202,1,FL-LAR-1,FL,mmu-miR-20a-5p,mmu-miR-124-3p,-0.011774246634255747,0.011774246634255747
202,1,FL-LAR-1,FL,mmu-miR-20a-5p,mmu-let-7c-5p,-0.6892428751537715,0.6892428751537715
202,1,FL-LAR-1,FL,mmu-miR-20a-5p,mmu-miR-26a-5p,-0.8456462506558942,0.8456462506558942
202,1,FL-LAR-1,FL,mmu-miR-20a-5p,mmu-let-7a-5p,-0.8243323256470226,0.8243323256470226
202,1,FL-LAR-1,FL,mmu-miR-20a-5p,mmu-let-7b-5p,-0.4899656803378701,0.4899656803378701
202,1,FL-LAR-1,FL,mmu-miR-92a-1-5p,mmu-miR-124-3p,-0.9119816063054416,0.9119816063054416
202,1,FL-LAR-1,FL,mmu-miR-92a-1-5p,mmu-let-7c-5p,0.3239221157752279,0.3239221157752279
202,1,FL-LAR-1,FL,mmu-miR-92a-1-5p,mmu-miR-26a-5p,-0.3437041416866123,0.3437041416866123
202,1,FL-LAR-1,FL,mmu-miR-92a-1-5p,mmu-let-7a-5p,0.21298860236468797,0.21298860236468797
202,1,FL-LAR-1,FL,mmu-miR-92a-1-5p,mmu-let-7b-5p,0.49391039576997475,0.49391039576997475
202,2,FL-LAR-13,FL,mmu-miR-122-5p,mmu-miR-124-3p,-0.15477496612220426,0.15477496612220426
202,2,FL-LAR-13,FL,mmu-miR-122-5p,mmu-let-7c-5p,-0.04468890904245207,0.04468890904245207
202,2,FL-LAR-13,FL,mmu-miR-122-5p,mmu-miR-26a-5p,-0.1314321468695805,0.1314321468695805
202,2,FL-LAR-13,FL,mmu-miR-122-5p,mmu-let-7a-5p,-0.04582587031812498,0.04582587031812498
202,2,FL-LAR-13,FL,mmu-miR-122-5p,mmu-let-7b-5p,-0.006593346002045974,0.006593346002045974
202,2,FL-LAR-13,FL,mmu-miR-17-5p,mmu-miR-124-3p,-0.03233068305598864,0.03233068305598864
202,2,FL-LAR-13,FL,mmu-miR-17-5p,mmu-let-7c-5p,0.7863242635818705,0.7863242635818705
202,2,FL-LAR-13,FL,mmu-miR-17-5p,mmu-miR-26a-5p,0.8313992506329673,0.8313992506329673
202,2,FL-LAR-13,FL,mmu-miR-17-5p,mmu-let-7a-5p,0.8158734812813543,0.8158734812813543
202,2,FL-LAR-13,FL,mmu-miR-17-5p,mmu-let-7b-5p,0.7222459276090377,0.7222459276090377
202,2,FL-LAR-13,FL,mmu-miR-18a-5p,mmu-miR-124-3p,-0.03003113163855832,0.03003113163855832
202,2,FL-LAR-13,FL,mmu-miR-18a-5p,mmu-let-7c-5p,-0.03691608034278037,0.03691608034278037
202,2,FL-LAR-13,FL,mmu-miR-18a-5p,mmu-miR-26a-5p,-0.1292594462589478,0.1292594462589478
202,2,FL-LAR-13,FL,mmu-miR-18a-5p,mmu-let-7a-5p,-0.10808291718082425,0.10808291718082425
202,2,FL-LAR-13,FL,mmu-miR-18a-5p,mmu-let-7b-5p,-0.01699435579551692,0.01699435579551692
202,2,FL-LAR-13,FL,mmu-miR-19a-5p,mmu-miR-124-3p,-0.08846764768616898,0.08846764768616898
202,2,FL-LAR-13,FL,mmu-miR-19a-5p,mmu-let-7c-5p,0.03373604716374168,0.03373604716374168
202,2,FL-LAR-13,FL,mmu-miR-19a-5p,mmu-miR-26a-5p,0.03972970675192,0.03972970675192
202,2,FL-LAR-13,FL,mmu-miR-19a-5p,mmu-let-7a-5p,0.029005450629726204,0.029005450629726204
202,2,FL-LAR-13,FL,mmu-miR-19a-5p,mmu-let-7b-5p,0.04962729540032641,0.04962729540032641
202,2,FL-LAR-13,FL,mmu-miR-20a-5p,mmu-miR-124-3p,0.3048342165732417,0.3048342165732417
202,2,FL-LAR-13,FL,mmu-miR-20a-5p,mmu-let-7c-5p,-0.2515309646255144,0.2515309646255144
202,2,FL-LAR-13,FL,mmu-miR-20a-5p,mmu-miR-26a-5p,-0.2632261473234395,0.2632261473234395
202,2,FL-LAR-13,FL,mmu-miR-20a-5p,mmu-let-7a-5p,-0.31084655279555606,0.31084655279555606
202,2,FL-LAR-13,FL,mmu-miR-20a-5p,mmu-let-7b-5p,-0.24043590899091222,0.24043590899091222
202,2,FL-LAR-13,FL,mmu-miR-92a-1-5p,mmu-miR-124-3p,-0.07090840417683168,0.07090840417683168
202,2,FL-LAR-13,FL,mmu-miR-92a-1-5p,mmu-let-7c-5p,-0.046676362818592144,0.046676362818592144
202,2,FL-LAR-13,FL,mmu-miR-92a-1-5p,mmu-miR-26a-5p,-0.04759853089490218,0.04759853089490218
202,2,FL-LAR-13,FL,mmu-miR-92a-1-5p,mmu-let-7a-5p,-0.03531561196577977,0.03531561196577977
202,2,FL-LAR-13,FL,mmu-miR-92a-1-5p,mmu-let-7b-5p,-0.047334858163958424,0.047334858163958424
202,3,FL-LAR-5,FL,mmu-miR-122-5p,mmu-miR-124-3p,0.3054670021238659,0.3054670021238659
202,3,FL-LAR-5,FL,mmu-miR-122-5p,mmu-let-7c-5p,-0.11176840081904328,0.11176840081904328
202,3,FL-LAR-5,FL,mmu-miR-122-5p,mmu-miR-26a-5p,0.10453369847285408,0.10453369847285408
202,3,FL-LAR-5,FL,mmu-miR-122-5p,mmu-let-7a-5p,-0.08789069087494389,0.08789069087494389
202,3,FL-LAR-5,FL,mmu-miR-122-5p,mmu-let-7b-5p,-0.19254910325544194,0.19254910325544194
202,3,FL-LAR-5,FL,mmu-miR-17-5p,mmu-miR-124-3p,0.4398361706529005,0.4398361706529005
202,3,FL-LAR-5,FL,mmu-miR-17-5p,mmu-let-7c-5p,0.6139236315818685,0.6139236315818685
202,3,FL-LAR-5,FL,mmu-miR-17-5p,mmu-miR-26a-5p,0.858652089749133,0.858652089749133
202,3,FL-LAR-5,FL,mmu-miR-17-5p,mmu-let-7a-5p,0.6664521841151632,0.6664521841151632
202,3,FL-LAR-5,FL,mmu-miR-17-5p,mmu-let-7b-5p,0.5069525685757983,0.5069525685757983
202,3,FL-LAR-5,FL,mmu-miR-18a-5p,mmu-miR-124-3p,0.18144747123102814,0.18144747123102814
202,3,FL-LAR-5,FL,mmu-miR-18a-5p,mmu-let-7c-5p,-0.08179940842619544,0.08179940842619544
202,3,FL-LAR-5,FL,mmu-miR-18a-5p,mmu-miR-26a-5p,-0.04620001020860687,0.04620001020860687
202,3,FL-LAR-5,FL,mmu-miR-18a-5p,mmu-let-7a-5p,-0.08010394822789148,0.08010394822789148
202,3,FL-LAR-5,FL,mmu-miR-18a-5p,mmu-let-7b-5p,-0.11551715423556749,0.11551715423556749
202,3,FL-LAR-5,FL,mmu-miR-19a-5p,mmu-miR-124-3p,-0.2151835024225875,0.2151835024225875
202,3,FL-LAR-5,FL,mmu-miR-19a-5p,mmu-let-7c-5p,0.14342584758857502,0.14342584758857502
202,3,FL-LAR-5,FL,mmu-miR-19a-5p,mmu-miR-26a-5p,0.08317422309337409,0.08317422309337409
202,3,FL-LAR-5,FL,mmu-miR-19a-5p,mmu-let-7a-5p,0.14679211677927617,0.14679211677927617
202,3,FL-LAR-5,FL,mmu-miR-19a-5p,mmu-let-7b-5p,0.15570882338943193,0.15570882338943193
202,3,FL-LAR-5,FL,mmu-miR-20a-5p,mmu-miR-124-3p,0.0965239268868272,0.0965239268868272
202,3,FL-LAR-5,FL,mmu-miR-20a-5p,mmu-let-7c-5p,-0.11189878037603199,0.11189878037603199
202,3,FL-LAR-5,FL,mmu-miR-20a-5p,mmu-miR-26a-5p,-0.2253230853496158,0.2253230853496158
202,3,FL-LAR-5,FL,mmu-miR-20a-5p,mmu-let-7a-5p,-0.20367587544933494,0.20367587544933494
202,3,FL-LAR-5,FL,mmu-miR-20a-5p,mmu-let-7b-5p,-0.06730291986265613,0.06730291986265613
202,3,FL-LAR-5,FL,mmu-miR-92a-1-5p,mmu-miR-124-3p,-0.18758710503510273,0.18758710503510273
202,3,FL-LAR-5,FL,mmu-miR-92a-1-5p,mmu-let-7c-5p,-0.07082609278980584,0.07082609278980584
202,3,FL-LAR-5,FL,mmu-miR-92a-1-5p,mmu-miR-26a-5p,-0.10202153327651717,0.10202153327651717
202,3,FL-LAR-5,FL,mmu-miR-92a-1-5p,mmu-let-7a-5p,-0.049465278887873665,0.049465278887873665
202,3,FL-LAR-5,FL,mmu-miR-92a-1-5p,mmu-let-7b-5p,-0.042441683391128526,0.042441683391128526
202,4,HC-LAR-1,HC,mmu-miR-122-5p,mmu-miR-124-3p,0.30752326669365493,0.30752326669365493
202,4,HC-LAR-1,HC,mmu-miR-122-5p,mmu-let-7c-5p,-0.16628829892918778,0.16628829892918778
202,4,HC-LAR-1,HC,mmu-miR-122-5p,mmu-miR-26a-5p,0.3245954528189034,0.3245954528189034
202,4,HC-LAR-1,HC,mmu-miR-122-5p,mmu-let-7a-5p,-0.025208012698567678,0.025208012698567678
202,4,HC-LAR-1,HC,mmu-miR-122-5p,mmu-let-7b-5p,-0.32034929149716246,0.32034929149716246
202,4,HC-LAR-1,HC,mmu-miR-17-5p,mmu-miR-124-3p,-0.5576225130537448,0.5576225130537448
202,4,HC-LAR-1,HC,mmu-miR-17-5p,mmu-let-7c-5p,-1.2138926177118268,1.2138926177118268
202,4,HC-LAR-1,HC,mmu-miR-17-5p,mmu-miR-26a-5p,-1.7891997873462975,1.7891997873462975
202,4,HC-LAR-1,HC,mmu-miR-17-5p,mmu-let-7a-5p,-1.3567438688420226,1.3567438688420226
202,4,HC-LAR-1,HC,mmu-miR-17-5p,mmu-let-7b-5p,-1.031857443463135,1.031857443463135
202,4,HC-LAR-1,HC,mmu-miR-18a-5p,mmu-miR-124-3p,-0.5034893485358529,0.5034893485358529
202,4,HC-LAR-1,HC,mmu-miR-18a-5p,mmu-let-7c-5p,0.5422395190650908,0.5422395190650908
202,4,HC-LAR-1,HC,mmu-miR-18a-5p,mmu-miR-26a-5p,0.1905369327762553,0.1905369327762553
202,4,HC-LAR-1,HC,mmu-miR-18a-5p,mmu-let-7a-5p,0.5476525206681497,0.5476525206681497
202,4,HC-LAR-1,HC,mmu-miR-18a-5p,mmu-let-7b-5p,0.7500632753440492,0.7500632753440492
202,4,HC-LAR-1,HC,mmu-miR-19a-5p,mmu-miR-124-3p,0.3388409297108108,0.3388409297108108
202,4,HC-LAR-1,HC,mmu-miR-19a-5p,mmu-let-7c-5p,-0.11057821170179513,0.11057821170179513
202,4,HC-LAR-1,HC,mmu-miR-19a-5p,mmu-miR-26a-5p,-0.16639039585328028,0.16639039585328028
202,4,HC-LAR-1,HC,mmu-miR-19a-5p,mmu-let-7a-5p,-0.12834664321271705,0.12834664321271705
202,4,HC-LAR-1,HC,mmu-miR-19a-5p,mmu-let-7b-5p,-0.07623660492099618,0.07623660492099618
202,4,HC-LAR-1,HC,mmu-miR-20a-5p,mmu-miR-124-3p,-0.18918740522446265,0.18918740522446265
202,4,HC-LAR-1,HC,mmu-miR-20a-5p,mmu-let-7c-5p,0.8366448534339728,0.8366448534339728
202,4,HC-LAR-1,HC,mmu-miR-20a-5p,mmu-miR-26a-5p,1.2420472815943262,1.2420472815943262
202,4,HC-LAR-1,HC,mmu-miR-20a-5p,mmu-let-7a-5p,1.008759814866547,1.008759814866547
202,4,HC-LAR-1,HC,mmu-miR-20a-5p,mmu-let-7b-5p,0.7088518718490379,0.7088518718490379
202,4,HC-LAR-1,HC,mmu-miR-92a-1-5p,mmu-miR-124-3p,0.14580504417341822,0.14580504417341822
202,4,HC-LAR-1,HC,mmu-miR-92a-1-5p,mmu-let-7c-5p,-0.06937683988435325,0.06937683988435325
202,4,HC-LAR-1,HC,mmu-miR-92a-1-5p,mmu-miR-26a-5p,-0.08964130900664413,0.08964130900664413
202,4,HC-LAR-1,HC,mmu-miR-92a-1-5p,mmu-let-7a-5p,-0.146070168633014,0.146070168633014
202,4,HC-LAR-1,HC,mmu-miR-92a-1-5p,mmu-let-7b-5p,-0.09843134038480153,0.09843134038480153
202,5,HC-LAR-13,HC,mmu-miR-122-5p,mmu-miR-124-3p,-0.0833622107455085,0.0833622107455085
202,5,HC-LAR-13,HC,mmu-miR-122-5p,mmu-let-7c-5p,0.040655771537664386,0.040655771537664386
202,5,HC-LAR-13,HC,mmu-miR-122-5p,mmu-miR-26a-5p,-0.10402796716322577,0.10402796716322577
202,5,HC-LAR-13,HC,mmu-miR-122-5p,mmu-let-7a-5p,-0.0070643588058978135,0.0070643588058978135
202,5,HC-LAR-13,HC,mmu-miR-122-5p,mmu-let-7b-5p,0.02288629748412247,0.02288629748412247
202,5,HC-LAR-13,HC,mmu-miR-17-5p,mmu-miR-124-3p,-0.06345264839143662,0.06345264839143662
202,5,HC-LAR-13,HC,mmu-miR-17-5p,mmu-let-7c-5p,-0.9512533802340235,0.9512533802340235
202,5,HC-LAR-13,HC,mmu-miR-17-5p,mmu-miR-26a-5p,-1.1175839082068708,1.1175839082068708
202,5,HC-LAR-13,HC,mmu-miR-17-5p,mmu-let-7a-5p,-0.9770643432367558,0.9770643432367558
202,5,HC-LAR-13,HC,mmu-miR-17-5p,mmu-let-7b-5p,-1.003458001353041,1.003458001353041
202,5,HC-LAR-13,HC,mmu-miR-18a-5p,mmu-miR-124-3p,-0.3780931222308937,0.3780931222308937
202,5,HC-LAR-13,HC,mmu-miR-18a-5p,mmu-let-7c-5p,0.27999905245136075,0.27999905245136075
202,5,HC-LAR-13,HC,mmu-miR-18a-5p,mmu-miR-26a-5p,-0.03815367576559475,0.03815367576559475
202,5,HC-LAR-13,HC,mmu-miR-18a-5p,mmu-let-7a-5p,0.2422144082207524,0.2422144082207524
202,5,HC-LAR-13,HC,mmu-miR-18a-5p,mmu-let-7b-5p,0.34470588486777465,0.34470588486777465
202,5,HC-LAR-13,HC,mmu-miR-19a-5p,mmu-miR-124-3p,0.22388931062441772,0.22388931062441772
202,5,HC-LAR-13,HC,mmu-miR-19a-5p,mmu-let-7c-5p,0.008427465318527432,0.008427465318527432
202,5,HC-LAR-13,HC,mmu-miR-19a-5p,mmu-miR-26a-5p,-0.053056190624677826,0.053056190624677826
202,5,HC-LAR-13,HC,mmu-miR-19a-5p,mmu-let-7a-5p,-0.03926214640499286,0.03926214640499286
202,5,HC-LAR-13,HC,mmu-miR-19a-5p,mmu-let-7b-5p,-0.01578137765269877,0.01578137765269877
202,5,HC-LAR-13,HC,mmu-miR-20a-5p,mmu-miR-124-3p,0.06273245854769505,0.06273245854769505
202,5,HC-LAR-13,HC,mmu-miR-20a-5p,mmu-let-7c-5p,-0.003607420252228599,0.003607420252228599
202,5,HC-LAR-13,HC,mmu-miR-20a-5p,mmu-miR-26a-5p,0.20127098949499977,0.20127098949499977
202,5,HC-LAR-13,HC,mmu-miR-20a-5p,mmu-let-7a-5p,0.043856249377859,0.043856249377859
202,5,HC-LAR-13,HC,mmu-miR-20a-5p,mmu-let-7b-5p,-0.038316780110471994,0.038316780110471994
202,5,HC-LAR-13,HC,mmu-miR-92a-1-5p,mmu-miR-124-3p,0.09407591830668033,0.09407591830668033
202,5,HC-LAR-13,HC,mmu-miR-92a-1-5p,mmu-let-7c-5p,1.1206963881971512,1.1206963881971512
202,5,HC-LAR-13,HC,mmu-miR-92a-1-5p,mmu-miR-26a-5p,0.6794883275460357,0.6794883275460357
202,5,HC-LAR-13,HC,mmu-miR-92a-1-5p,mmu-let-7a-5p,0.9362186441144636,0.9362186441144636
202,5,HC-LAR-13,HC,mmu-miR-92a-1-5p,mmu-let-7b-5p,0.9606486623223953,0.9606486623223953
202,6,HC-LAR-5,HC,mmu-miR-122-5p,mmu-miR-124-3p,-0.3271882869818608,0.3271882869818608
202,6,HC-LAR-5,HC,mmu-miR-122-5p,mmu-let-7c-5p,0.346833190539716,0.346833190539716
202,6,HC-LAR-5,HC,mmu-miR-122-5p,mmu-miR-26a-5p,0.059199557086685624,0.059199557086685624
202,6,HC-LAR-5,HC,mmu-miR-122-5p,mmu-let-7a-5p,0.2999833833969509,0.2999833833969509
202,6,HC-LAR-5,HC,mmu-miR-122-5p,mmu-let-7b-5p,0.36821381988896373,0.36821381988896373
202,6,HC-LAR-5,HC,mmu-miR-17-5p,mmu-miR-124-3p,0.08445873092193018,0.08445873092193018
202,6,HC-LAR-5,HC,mmu-miR-17-5p,mmu-let-7c-5p,0.8673321166095168,0.8673321166095168
202,6,HC-LAR-5,HC,mmu-miR-17-5p,mmu-miR-26a-5p,0.774779239628697,0.774779239628697
202,6,HC-LAR-5,HC,mmu-miR-17-5p,mmu-let-7a-5p,0.7893698120916574,0.7893698120916574
202,6,HC-LAR-5,HC,mmu-miR-17-5p,mmu-let-7b-5p,0.7224649247732791,0.7224649247732791
202,6,HC-LAR-5,HC,mmu-miR-18a-5p,mmu-miR-124-3p,0.41149794882864327,0.41149794882864327
202,6,HC-LAR-5,HC,mmu-miR-18a-5p,mmu-let-7c-5p,-0.25869608287612217,0.25869608287612217
202,6,HC-LAR-5,HC,mmu-miR-18a-5p,mmu-miR-26a-5p,-0.020800906266473795,0.020800906266473795
202,6,HC-LAR-5,HC,mmu-miR-18a-5p,mmu-let-7a-5p,-0.187788703160671,0.187788703160671
202,6,HC-LAR-5,HC,mmu-miR-18a-5p,mmu-let-7b-5p,-0.2801681870536414,0.2801681870536414
202,6,HC-LAR-5,HC,mmu-miR-19a-5p,mmu-miR-124-3p,-0.06410224646521501,0.06410224646521501
202,6,HC-LAR-5,HC,mmu-miR-19a-5p,mmu-let-7c-5p,0.14304694975192744,0.14304694975192744
202,6,HC-LAR-5,HC,mmu-miR-19a-5p,mmu-miR-26a-5p,0.1851660645392257,0.1851660645392257
202,6,HC-LAR-5,HC,mmu-miR-19a-5p,mmu-let-7a-5p,0.1770881082610383,0.1770881082610383
202,6,HC-LAR-5,HC,mmu-miR-19a-5p,mmu-let-7b-5p,0.16565655299345947,0.16565655299345947
202,6,HC-LAR-5,HC,mmu-miR-20a-5p,mmu-miR-124-3p,0.4963146063609506,0.4963146063609506
202,6,HC-LAR-5,HC,mmu-miR-20a-5p,mmu-let-7c-5p,-0.2682381578236042,0.2682381578236042
202,6,HC-LAR-5,HC,mmu-miR-20a-5p,mmu-miR-26a-5p,-0.10046776294669453,0.10046776294669453
202,6,HC-LAR-5,HC,mmu-miR-20a-5p,mmu-let-7a-5p,-0.32249396699092686,0.32249396699092686
202,6,HC-LAR-5,HC,mmu-miR-20a-5p,mmu-let-7b-5p,-0.23935530092373186,0.23935530092373186
202,6,HC-LAR-5,HC,mmu-miR-92a-1-5p,mmu-miR-124-3p,-0.13793941359484352,0.13793941359484352
202,6,HC-LAR-5,HC,mmu-miR-92a-1-5p,mmu-let-7c-5p,-0.05381878050344924,0.05381878050344924
202,6,HC-LAR-5,HC,mmu-miR-92a-1-5p,mmu-miR-26a-5p,-0.12554792330483913,0.12554792330483913
202,6,HC-LAR-5,HC,mmu-miR-92a-1-5p,mmu-let-7a-5p,-0.013353335180242065,0.013353335180242065
202,6,HC-LAR-5,HC,mmu-miR-92a-1-5p,mmu-let-7b-5p,-0.05808772935415596,0.05808772935415596
202,7,VC-LAR-1,VC,mmu-miR-122-5p,mmu-miR-124-3p,-0.9553903453886357,0.9553903453886357
202,7,VC-LAR-1,VC,mmu-miR-122-5p,mmu-let-7c-5p,0.4112779744076762,0.4112779744076762
202,7,VC-LAR-1,VC,mmu-miR-122-5p,mmu-miR-26a-5p,-0.18980258347340487,0.18980258347340487
202,7,VC-LAR-1,VC,mmu-miR-122-5p,mmu-let-7a-5p,0.3526138583688104,0.3526138583688104
202,7,VC-LAR-1,VC,mmu-miR-122-5p,mmu-let-7b-5p,0.6567443397293882,0.6567443397293882
202,7,VC-LAR-1,VC,mmu-miR-17-5p,mmu-miR-124-3p,0.39261020786652817,0.39261020786652817
202,7,VC-LAR-1,VC,mmu-miR-17-5p,mmu-let-7c-5p,0.6364803907088575,0.6364803907088575
202,7,VC-LAR-1,VC,mmu-miR-17-5p,mmu-miR-26a-5p,0.6844291534755031,0.6844291534755031
202,7,VC-LAR-1,VC,mmu-miR-17-5p,mmu-let-7a-5p,0.6092882763128726,0.6092882763128726
202,7,VC-LAR-1,VC,mmu-miR-17-5p,mmu-let-7b-5p,0.5459275753693265,0.5459275753693265
202,7,VC-LAR-1,VC,mmu-miR-18a-5p,mmu-miR-124-3p,0.13066876246496884,0.13066876246496884
202,7,VC-LAR-1,VC,mmu-miR-18a-5p,mmu-let-7c-5p,0.21463142091294374,0.21463142091294374
202,7,VC-LAR-1,VC,mmu-miR-18a-5p,mmu-miR-26a-5p,0.2482727912143067,0.2482727912143067
202,7,VC-LAR-1,VC,mmu-miR-18a-5p,mmu-let-7a-5p,0.18961560905590868,0.18961560905590868
202,7,VC-LAR-1,VC,mmu-miR-18a-5p,mmu-let-7b-5p,0.17049245700181917,0.17049245700181917
202,7,VC-LAR-1,VC,mmu-miR-19a-5p,mmu-miR-124-3p,-0.05160324407527994,0.05160324407527994
202,7,VC-LAR-1,VC,mmu-miR-19a-5p,mmu-let-7c-5p,0.1201803835390817,0.1201803835390817
202,7,VC-LAR-1,VC,mmu-miR-19a-5p,mmu-miR-26a-5p,0.08652365044448151,0.08652365044448151
202,7,VC-LAR-1,VC,mmu-miR-19a-5p,mmu-let-7a-5p,0.10890145988911801,0.10890145988911801
202,7,VC-LAR-1,VC,mmu-miR-19a-5p,mmu-let-7b-5p,0.1197595415937636,0.1197595415937636
202,7,VC-LAR-1,VC,mmu-miR-20a-5p,mmu-miR-124-3p,0.20668742033691773,0.20668742033691773
202,7,VC-LAR-1,VC,mmu-miR-20a-5p,mmu-let-7c-5p,-0.14424374688745364,0.14424374688745364
202,7,VC-LAR-1,VC,mmu-miR-20a-5p,mmu-miR-26a-5p,-0.18818168429570514,0.18818168429570514
202,7,VC-LAR-1,VC,mmu-miR-20a-5p,mmu-let-7a-5p,-0.22369661247309228,0.22369661247309228
202,7,VC-LAR-1,VC,mmu-miR-20a-5p,mmu-let-7b-5p,-0.14473258498959105,0.14473258498959105
202,7,VC-LAR-1,VC,mmu-miR-92a-1-5p,mmu-miR-124-3p,-0.3333113028367127,0.3333113028367127
202,7,VC-LAR-1,VC,mmu-miR-92a-1-5p,mmu-let-7c-5p,-0.08012564275134881,0.08012564275134881
202,7,VC-LAR-1,VC,mmu-miR-92a-1-5p,mmu-miR-26a-5p,-0.1435235333342766,0.1435235333342766
202,7,VC-LAR-1,VC,mmu-miR-92a-1-5p,mmu-let-7a-5p,-0.023916469428028275,0.023916469428028275
202,7,VC-LAR-1,VC,mmu-miR-92a-1-5p,mmu-let-7b-5p,-0.023329479046515056,0.023329479046515056
202,8,VC-LAR-13,VC,mmu-miR-122-5p,mmu-miR-124-3p,0.5648500293260443,0.5648500293260443
202,8,VC-LAR-13,VC,mmu-miR-122-5p,mmu-let-7c-5p,-0.7222307690409554,0.7222307690409554
202,8,VC-LAR-13,VC,mmu-miR-122-5p,mmu-miR-26a-5p,-0.4307430353961537,0.4307430353961537
202,8,VC-LAR-13,VC,mmu-miR-122-5p,mmu-let-7a-5p,-0.6316456647787468,0.6316456647787468
202,8,VC-LAR-13,VC,mmu-miR-122-5p,mmu-let-7b-5p,-0.8231156806898074,0.8231156806898074
202,8,VC-LAR-13,VC,mmu-miR-17-5p,mmu-miR-124-3p,-0.09299697942139284,0.09299697942139284
202,8,VC-LAR-13,VC,mmu-miR-17-5p,mmu-let-7c-5p,-0.19494873675867005,0.19494873675867005
202,8,VC-LAR-13,VC,mmu-miR-17-5p,mmu-miR-26a-5p,-0.34406328548405635,0.34406328548405635
202,8,VC-LAR-13,VC,mmu-miR-17-5p,mmu-let-7a-5p,-0.23625738383586112,0.23625738383586112
202,8,VC-LAR-13,VC,mmu-miR-17-5p,mmu-let-7b-5p,-0.14030225244641753,0.14030225244641753
202,8,VC-LAR-13,VC,mmu-miR-18a-5p,mmu-miR-124-3p,-0.7234368118651524,0.7234368118651524
202,8,VC-LAR-13,VC,mmu-miR-18a-5p,mmu-let-7c-5p,0.07215185959163742,0.07215185959163742
202,8,VC-LAR-13,VC,mmu-miR-18a-5p,mmu-miR-26a-5p,-0.3344391618006435,0.3344391618006435
202,8,VC-LAR-13,VC,mmu-miR-18a-5p,mmu-let-7a-5p,-0.0375746843466913,0.0375746843466913
202,8,VC-LAR-13,VC,mmu-miR-18a-5p,mmu-let-7b-5p,0.23738965815767485,0.23738965815767485
202,8,VC-LAR-13,VC,mmu-miR-19a-5p,mmu-miR-124-3p,0.3224086265079678,0.3224086265079678
202,8,VC-LAR-13,VC,mmu-miR-19a-5p,mmu-let-7c-5p,-0.22119114285548389,0.22119114285548389
202,8,VC-LAR-13,VC,mmu-miR-19a-5p,mmu-miR-26a-5p,-0.140140001058171,0.140140001058171
202,8,VC-LAR-13,VC,mmu-miR-19a-5p,mmu-let-7a-5p,-0.21801239292957067,0.21801239292957067
202,8,VC-LAR-13,VC,mmu-miR-19a-5p,mmu-let-7b-5p,-0.2570307832162747,0.2570307832162747
202,8,VC-LAR-13,VC,mmu-miR-20a-5p,mmu-miR-124-3p,-0.030525510724207006,0.030525510724207006
202,8,VC-LAR-13,VC,mmu-miR-20a-5p,mmu-let-7c-5p,0.08948956888731742,0.08948956888731742
202,8,VC-LAR-13,VC,mmu-miR-20a-5p,mmu-miR-26a-5p,0.3117444508917591,0.3117444508917591
202,8,VC-LAR-13,VC,mmu-miR-20a-5p,mmu-let-7a-5p,0.1930687161411092,0.1930687161411092
202,8,VC-LAR-13,VC,mmu-miR-20a-5p,mmu-let-7b-5p,0.013973215607498979,0.013973215607498979
202,8,VC-LAR-13,VC,mmu-miR-92a-1-5p,mmu-miR-124-3p,0.2828037406502213,0.2828037406502213
202,8,VC-LAR-13,VC,mmu-miR-92a-1-5p,mmu-let-7c-5p,-0.009588278433269148,0.009588278433269148
202,8,VC-LAR-13,VC,mmu-miR-92a-1-5p,mmu-miR-26a-5p,0.05223318083832673,0.05223318083832673
202,8,VC-LAR-13,VC,mmu-miR-92a-1-5p,mmu-let-7a-5p,-0.00982596576832273,0.00982596576832273
202,8,VC-LAR-13,VC,mmu-miR-92a-1-5p,mmu-let-7b-5p,-0.045051000795986555,0.045051000795986555
202,9,VC-LAR-5,VC,mmu-miR-122-5p,mmu-miR-124-3p,-0.053617651584015213,0.053617651584015213
202,9,VC-LAR-5,VC,mmu-miR-122-5p,mmu-let-7c-5p,0.009759558458851464,0.009759558458851464
202,9,VC-LAR-5,VC,mmu-miR-122-5p,mmu-miR-26a-5p,-0.008173387182371816,0.008173387182371816
202,9,VC-LAR-5,VC,mmu-miR-122-5p,mmu-let-7a-5p,0.013048373960919513,0.013048373960919513
202,9,VC-LAR-5,VC,mmu-miR-122-5p,mmu-let-7b-5p,0.00531107345644477,0.00531107345644477
202,9,VC-LAR-5,VC,mmu-miR-17-5p,mmu-miR-124-3p,-0.4106823921087198,0.4106823921087198
202,9,VC-LAR-5,VC,mmu-miR-17-5p,mmu-let-7c-5p,-0.747285376614309,0.747285376614309
202,9,VC-LAR-5,VC,mmu-miR-17-5p,mmu-miR-26a-5p,-1.0240837538605172,1.0240837538605172
202,9,VC-LAR-5,VC,mmu-miR-17-5p,mmu-let-7a-5p,-0.7437229172700126,0.7437229172700126
202,9,VC-LAR-5,VC,mmu-miR-17-5p,mmu-let-7b-5p,-0.6181728061487473,0.6181728061487473
202,9,VC-LAR-5,VC,mmu-miR-18a-5p,mmu-miR-124-3p,-0.8125969391054241,0.8125969391054241
202,9,VC-LAR-5,VC,mmu-miR-18a-5p,mmu-let-7c-5p,0.2625918211017654,0.2625918211017654
202,9,VC-LAR-5,VC,mmu-miR-18a-5p,mmu-miR-26a-5p,-0.11165505987786087,0.11165505987786087
202,9,VC-LAR-5,VC,mmu-miR-18a-5p,mmu-let-7a-5p,0.2630415504786164,0.2630415504786164
202,9,VC-LAR-5,VC,mmu-miR-18a-5p,mmu-let-7b-5p,0.4311432622140272,0.4311432622140272
202,9,VC-LAR-5,VC,mmu-miR-19a-5p,mmu-miR-124-3p,-1.0221291740095089,1.0221291740095089
202,9,VC-LAR-5,VC,mmu-miR-19a-5p,mmu-let-7c-5p,0.2986588679457781,0.2986588679457781
202,9,VC-LAR-5,VC,mmu-miR-19a-5p,mmu-miR-26a-5p,-0.339813764159529,0.339813764159529
202,9,VC-LAR-5,VC,mmu-miR-19a-5p,mmu-let-7a-5p,0.5310010204729527,0.5310010204729527
202,9,VC-LAR-5,VC,mmu-miR-19a-5p,mmu-let-7b-5p,0.5877572474967264,0.5877572474967264
202,9,VC-LAR-5,VC,mmu-miR-20a-5p,mmu-miR-124-3p,1.0311806588559802,1.0311806588559802
202,9,VC-LAR-5,VC,mmu-miR-20a-5p,mmu-let-7c-5p,1.153000689822754,1.153000689822754
202,9,VC-LAR-5,VC,mmu-miR-20a-5p,mmu-miR-26a-5p,1.787801749500796,1.787801749500796
202,9,VC-LAR-5,VC,mmu-miR-20a-5p,mmu-let-7a-5p,1.5299806443108541,1.5299806443108541
202,9,VC-LAR-5,VC,mmu-miR-20a-5p,mmu-let-7b-5p,0.8756810249649183,0.8756810249649183
202,9,VC-LAR-5,VC,mmu-miR-92a-1-5p,mmu-miR-124-3p,0.32960014931935205,0.32960014931935205
202,9,VC-LAR-5,VC,mmu-miR-92a-1-5p,mmu-let-7c-5p,-0.016274233450531028,0.016274233450531028
202,9,VC-LAR-5,VC,mmu-miR-92a-1-5p,mmu-miR-26a-5p,0.16582498941764517,0.16582498941764517
202,9,VC-LAR-5,VC,mmu-miR-92a-1-5p,mmu-let-7a-5p,-0.06633218824038835,0.06633218824038835
202,9,VC-LAR-5,VC,mmu-miR-92a-1-5p,mmu-let-7b-5p,-0.08411621166257369,0.08411621166257369
303,1,FL-LAR-1,FL,mmu-miR-122-5p,mmu-miR-124-3p,-0.30082556664856397,0.30082556664856397
303,1,FL-LAR-1,FL,mmu-miR-122-5p,mmu-let-7c-5p,0.13402309347923924,0.13402309347923924
303,1,FL-LAR-1,FL,mmu-miR-122-5p,mmu-miR-26a-5p,-0.02036403615663096,0.02036403615663096
303,1,FL-LAR-1,FL,mmu-miR-122-5p,mmu-let-7a-5p,0.10829062967532084,0.10829062967532084
303,1,FL-LAR-1,FL,mmu-miR-122-5p,mmu-let-7b-5p,0.2397524801155668,0.2397524801155668
303,1,FL-LAR-1,FL,mmu-miR-17-5p,mmu-miR-124-3p,0.07025459886596468,0.07025459886596468
303,1,FL-LAR-1,FL,mmu-miR-17-5p,mmu-let-7c-5p,0.6526798396444067,0.6526798396444067
303,1,FL-LAR-1,FL,mmu-miR-17-5p,mmu-miR-26a-5p,0.7959053035808518,0.7959053035808518
303,1,FL-LAR-1,FL,mmu-miR-17-5p,mmu-let-7a-5p,0.7123350220271583,0.7123350220271583
303,1,FL-LAR-1,FL,mmu-miR-17-5p,mmu-let-7b-5p,0.624320469965945,0.624320469965945
303,1,FL-LAR-1,FL,mmu-miR-18a-5p,mmu-miR-124-3p,0.20833121363175464,0.20833121363175464
303,1,FL-LAR-1,FL,mmu-miR-18a-5p,mmu-let-7c-5p,-0.1778517646079612,0.1778517646079612
303,1,FL-LAR-1,FL,mmu-miR-18a-5p,mmu-miR-26a-5p,-0.12704647377807604,0.12704647377807604
303,1,FL-LAR-1,FL,mmu-miR-18a-5p,mmu-let-7a-5p,-0.1781170048168861,0.1781170048168861
303,1,FL-LAR-1,FL,mmu-miR-18a-5p,mmu-let-7b-5p,-0.3025240106406273,0.3025240106406273
303,1,FL-LAR-1,FL,mmu-miR-19a-5p,mmu-miR-124-3p,-0.023048143694662515,0.023048143694662515
303,1,FL-LAR-1,FL,mmu-miR-19a-5p,mmu-let-7c-5p,-0.15543859516377176,0.15543859516377176
303,1,FL-LAR-1,FL,mmu-miR-19a-5p,mmu-miR-26a-5p,-0.1128591278213814,0.1128591278213814
303,1,FL-LAR-1,FL,mmu-miR-19a-5p,mmu-let-7a-5p,-0.029140951053220003,0.029140951053220003
303,1,FL-LAR-1,FL,mmu-miR-19a-5p,mmu-let-7b-5p,0.04756634782291558,0.04756634782291558
303,1,FL-LAR-1,FL,mmu-miR-20a-5p,mmu-miR-124-3p,0.255966892723033,0.255966892723033
303,1,FL-LAR-1,FL,mmu-miR-20a-5p,mmu-let-7c-5p,-0.4882835837852327,0.4882835837852327
303,1,FL-LAR-1,FL,mmu-miR-20a-5p,mmu-miR-26a-5p,-0.6924742198238771,0.6924742198238771
303,1,FL-LAR-1,FL,mmu-miR-20a-5p,mmu-let-7a-5p,-0.6565591211988554,0.6565591211988554
303,1,FL-LAR-1,FL,mmu-miR-20a-5p,mmu-let-7b-5p,-0.37973691645165686,0.37973691645165686
303,1,FL-LAR-1,FL,mmu-miR-92a-1-5p,mmu-miR-124-3p,-0.6086878797395913,0.6086878797395913
303,1,FL-LAR-1,FL,mmu-miR-92a-1-5p,mmu-let-7c-5p,-0.021498618323918667,0.021498618323918667
303,1,FL-LAR-1,FL,mmu-miR-92a-1-5p,mmu-miR-26a-5p,-0.43868273958141824,0.43868273958141824
303,1,FL-LAR-1,FL,mmu-miR-92a-1-5p,mmu-let-7a-5p,0.006346084972998774,0.006346084972998774
303,1,FL-LAR-1,FL,mmu-miR-92a-1-5p,mmu-let-7b-5p,0.25469242943266485,0.25469242943266485
303,2,FL-LAR-13,FL,mmu-miR-122-5p,mmu-miR-124-3p,-0.03869671241839867,0.03869671241839867
303,2,FL-LAR-13,FL,mmu-miR-122-5p,mmu-let-7c-5p,-0.07709785790648313,0.07709785790648313
303,2,FL-LAR-13,FL,mmu-miR-122-5p,mmu-miR-26a-5p,-0.12914897103037226,0.12914897103037226
303,2,FL-LAR-13,FL,mmu-miR-122-5p,mmu-let-7a-5p,-0.11082168718045678,0.11082168718045678
303,2,FL-LAR-13,FL,mmu-miR-122-5p,mmu-let-7b-5p,-0.10263211113439567,0.10263211113439567
303,2,FL-LAR-13,FL,mmu-miR-17-5p,mmu-miR-124-3p,0.17430896162968568,0.17430896162968568
303,2,FL-LAR-13,FL,mmu-miR-17-5p,mmu-let-7c-5p,0.36157875921732435,0.36157875921732435
303,2,FL-LAR-13,FL,mmu-miR-17-5p,mmu-miR-26a-5p,0.48132743698176167,0.48132743698176167
303,2,FL-LAR-13,FL,mmu-miR-17-5p,mmu-let-7a-5p,0.33515257273611504,0.33515257273611504
303,2,FL-LAR-13,FL,mmu-miR-17-5p,mmu-let-7b-5p,0.33536620550051655,0.33536620550051655
303,2,FL-LAR-13,FL,mmu-miR-18a-5p,mmu-miR-124-3p,0.14601898572382196,0.14601898572382196
303,2,FL-LAR-13,FL,mmu-miR-18a-5p,mmu-let-7c-5p,-0.16577883504990804,0.16577883504990804
303,2,FL-LAR-13,FL,mmu-miR-18a-5p,mmu-miR-26a-5p,-0.06177161646628525,0.06177161646628525
303,2,FL-LAR-13,FL,mmu-miR-18a-5p,mmu-let-7a-5p,-0.15071042325059053,0.15071042325059053
303,2,FL-LAR-13,FL,mmu-miR-18a-5p,mmu-let-7b-5p,-0.16097853657944755,0.16097853657944755
303,2,FL-LAR-13,FL,mmu-miR-19a-5p,mmu-miR-124-3p,-0.134295303077973,0.134295303077973
303,2,FL-LAR-13,FL,mmu-miR-19a-5p,mmu-let-7c-5p,0.252443952926357,0.252443952926357
303,2,FL-LAR-13,FL,mmu-miR-19a-5p,mmu-miR-26a-5p,0.21808774465219655,0.21808774465219655
303,2,FL-LAR-13,FL,mmu-miR-19a-5p,mmu-let-7a-5p,0.2646443078152515,0.2646443078152515
303,2,FL-LAR-13,FL,mmu-miR-19a-5p,mmu-let-7b-5p,0.2463582888492966,0.2463582888492966
303,2,FL-LAR-13,FL,mmu-miR-20a-5p,mmu-miR-124-3p,0.14579317562074723,0.14579317562074723
303,2,FL-LAR-13,FL,mmu-miR-20a-5p,mmu-let-7c-5p,0.055502629873808516,0.055502629873808516
303,2,FL-LAR-13,FL,mmu-miR-20a-5p,mmu-miR-26a-5p,-0.016109910285740603,0.016109910285740603
303,2,FL-LAR-13,FL,mmu-miR-20a-5p,mmu-let-7a-5p,-0.004702724217228698,0.004702724217228698
303,2,FL-LAR-13,FL,mmu-miR-20a-5p,mmu-let-7b-5p,0.0009126326549447894,0.0009126326549447894
303,2,FL-LAR-13,FL,mmu-miR-92a-1-5p,mmu-miR-124-3p,-0.07203105700276266,0.07203105700276266
303,2,FL-LAR-13,FL,mmu-miR-92a-1-5p,mmu-let-7c-5p,-0.02755071003921339,0.02755071003921339
303,2,FL-LAR-13,FL,mmu-miR-92a-1-5p,mmu-miR-26a-5p,-0.06831356934126236,0.06831356934126236
303,2,FL-LAR-13,FL,mmu-miR-92a-1-5p,mmu-let-7a-5p,0.0012474063922128242,0.0012474063922128242
303,2,FL-LAR-13,FL,mmu-miR-92a-1-5p,mmu-let-7b-5p,-0.032619161324692,0.032619161324692
303,3,FL-LAR-5,FL,mmu-miR-122-5p,mmu-miR-124-3p,0.5415083805070026,0.5415083805070026
303,3,FL-LAR-5,FL,mmu-miR-122-5p,mmu-let-7c-5p,-0.053159964210772195,0.053159964210772195
303,3,FL-LAR-5,FL,mmu-miR-122-5p,mmu-miR-26a-5p,0.1536785299957652,0.1536785299957652
303,3,FL-LAR-5,FL,mmu-miR-122-5p,mmu-let-7a-5p,-0.01159442594228799,0.01159442594228799
303,3,FL-LAR-5,FL,mmu-miR-122-5p,mmu-let-7b-5p,-0.2598385616911401,0.2598385616911401
303,3,FL-LAR-5,FL,mmu-miR-17-5p,mmu-miR-124-3p,0.37383862200367746,0.37383862200367746
303,3,FL-LAR-5,FL,mmu-miR-17-5p,mmu-let-7c-5p,0.6118576816767931,0.6118576816767931
303,3,FL-LAR-5,FL,mmu-miR-17-5p,mmu-miR-26a-5p,0.7050302482176146,0.7050302482176146
303,3,FL-LAR-5,FL,mmu-miR-17-5p,mmu-let-7a-5p,0.6494559943364344,0.6494559943364344
303,3,FL-LAR-5,FL,mmu-miR-17-5p,mmu-let-7b-5p,0.49949132840508065,0.49949132840508065
303,3,FL-LAR-5,FL,mmu-miR-18a-5p,mmu-miR-124-3p,0.8205958580588533,0.8205958580588533
303,3,FL-LAR-5,FL,mmu-miR-18a-5p,mmu-let-7c-5p,0.03240591837435797,0.03240591837435797
303,3,FL-LAR-5,FL,mmu-miR-18a-5p,mmu-miR-26a-5p,0.04451180275743061,0.04451180275743061
303,3,FL-LAR-5,FL,mmu-miR-18a-5p,mmu-let-7a-5p,-0.051638171934610094,0.051638171934610094
303,3,FL-LAR-5,FL,mmu-miR-18a-5p,mmu-let-7b-5p,-0.29432565003298816,0.29432565003298816
303,3,FL-LAR-5,FL,mmu-miR-19a-5p,mmu-miR-124-3p,-0.2258477791920693,0.2258477791920693
303,3,FL-LAR-5,FL,mmu-miR-19a-5p,mmu-let-7c-5p,0.11635141355051615,0.11635141355051615
303,3,FL-LAR-5,FL,mmu-miR-19a-5p,mmu-miR-26a-5p,0.09570034274802314,0.09570034274802314
303,3,FL-LAR-5,FL,mmu-miR-19a-5p,mmu-let-7a-5p,0.1319854047002688,0.1319854047002688
303,3,FL-LAR-5,FL,mmu-miR-19a-5p,mmu-let-7b-5p,0.17889112550231703,0.17889112550231703
303,3,FL-LAR-5,FL,mmu-miR-20a-5p,mmu-miR-124-3p,-0.3237051850815382,0.3237051850815382
303,3,FL-LAR-5,FL,mmu-miR-20a-5p,mmu-let-7c-5p,-0.12828623103757014,0.12828623103757014
303,3,FL-LAR-5,FL,mmu-miR-20a-5p,mmu-miR-26a-5p,-0.1929848288530291,0.1929848288530291
303,3,FL-LAR-5,FL,mmu-miR-20a-5p,mmu-let-7a-5p,-0.14401706329869443,0.14401706329869443
303,3,FL-LAR-5,FL,mmu-miR-20a-5p,mmu-let-7b-5p,0.030851381152024335,0.030851381152024335
303,3,FL-LAR-5,FL,mmu-miR-92a-1-5p,mmu-miR-124-3p,-0.0900142129733772,0.0900142129733772
303,3,FL-LAR-5,FL,mmu-miR-92a-1-5p,mmu-let-7c-5p,-0.1003086896823941,0.1003086896823941
303,3,FL-LAR-5,FL,mmu-miR-92a-1-5p,mmu-miR-26a-5p,-0.09237138231158804,0.09237138231158804
303,3,FL-LAR-5,FL,mmu-miR-92a-1-5p,mmu-let-7a-5p,-0.09524794848330212,0.09524794848330212
303,3,FL-LAR-5,FL,mmu-miR-92a-1-5p,mmu-let-7b-5p,-0.07735448722451112,0.07735448722451112
303,4,HC-LAR-1,HC,mmu-miR-122-5p,mmu-miR-124-3p,0.37238018747787777,0.37238018747787777
303,4,HC-LAR-1,HC,mmu-miR-122-5p,mmu-let-7c-5p,-0.13048383327089427,0.13048383327089427
303,4,HC-LAR-1,HC,mmu-miR-122-5p,mmu-miR-26a-5p,0.3352664101597233,0.3352664101597233
303,4,HC-LAR-1,HC,mmu-miR-122-5p,mmu-let-7a-5p,0.039206673419660984,0.039206673419660984
303,4,HC-LAR-1,HC,mmu-miR-122-5p,mmu-let-7b-5p,-0.18583821075881127,0.18583821075881127
303,4,HC-LAR-1,HC,mmu-miR-17-5p,mmu-miR-124-3p,-0.06312158210300066,0.06312158210300066
303,4,HC-LAR-1,HC,mmu-miR-17-5p,mmu-let-7c-5p,-1.5079425698956281,1.5079425698956281
303,4,HC-LAR-1,HC,mmu-miR-17-5p,mmu-miR-26a-5p,-2.1372380112181424,2.1372380112181424
303,4,HC-LAR-1,HC,mmu-miR-17-5p,mmu-let-7a-5p,-1.6503790551235098,1.6503790551235098
303,4,HC-LAR-1,HC,mmu-miR-17-5p,mmu-let-7b-5p,-1.1320827911481808,1.1320827911481808
303,4,HC-LAR-1,HC,mmu-miR-18a-5p,mmu-miR-124-3p,-0.7693199622939575,0.7693199622939575
303,4,HC-LAR-1,HC,mmu-miR-18a-5p,mmu-let-7c-5p,0.48996813105453246,0.48996813105453246
303,4,HC-LAR-1,HC,mmu-miR-18a-5p,mmu-miR-26a-5p,0.18194441007217396,0.18194441007217396
303,4,HC-LAR-1,HC,mmu-miR-18a-5p,mmu-let-7a-5p,0.4457586974273,0.4457586974273
303,4,HC-LAR-1,HC,mmu-miR-18a-5p,mmu-let-7b-5p,0.682671749967267,0.682671749967267
303,4,HC-LAR-1,HC,mmu-miR-19a-5p,mmu-miR-124-3p,0.5631003358178229,0.5631003358178229
303,4,HC-LAR-1,HC,mmu-miR-19a-5p,mmu-let-7c-5p,-0.13500523183174676,0.13500523183174676
303,4,HC-LAR-1,HC,mmu-miR-19a-5p,mmu-miR-26a-5p,-0.14602057475130986,0.14602057475130986
303,4,HC-LAR-1,HC,mmu-miR-19a-5p,mmu-let-7a-5p,-0.20089759523713543,0.20089759523713543
303,4,HC-LAR-1,HC,mmu-miR-19a-5p,mmu-let-7b-5p,-0.17011015294750298,0.17011015294750298
303,4,HC-LAR-1,HC,mmu-miR-20a-5p,mmu-miR-124-3p,-0.010201665265291537,0.010201665265291537
303,4,HC-LAR-1,HC,mmu-miR-20a-5p,mmu-let-7c-5p,0.6233759379506715,0.6233759379506715
303,4,HC-LAR-1,HC,mmu-miR-20a-5p,mmu-miR-26a-5p,0.9587712322711015,0.9587712322711015
303,4,HC-LAR-1,HC,mmu-miR-20a-5p,mmu-let-7a-5p,0.730173405602667,0.730173405602667
303,4,HC-LAR-1,HC,mmu-miR-20a-5p,mmu-let-7b-5p,0.4568674537847983,0.4568674537847983
303,4,HC-LAR-1,HC,mmu-miR-92a-1-5p,mmu-miR-124-3p,0.15967896350096747,0.15967896350096747
303,4,HC-LAR-1,HC,mmu-miR-92a-1-5p,mmu-let-7c-5p,-0.05705749326468046,0.05705749326468046
303,4,HC-LAR-1,HC,mmu-miR-92a-1-5p,mmu-miR-26a-5p,0.01149495459782579,0.01149495459782579
303,4,HC-LAR-1,HC,mmu-miR-92a-1-5p,mmu-let-7a-5p,-0.036448313809281485,0.036448313809281485
303,4,HC-LAR-1,HC,mmu-miR-92a-1-5p,mmu-let-7b-5p,-0.1261461440231263,0.1261461440231263
303,5,HC-LAR-13,HC,mmu-miR-122-5p,mmu-miR-124-3p,-0.11445625171569797,0.11445625171569797
303,5,HC-LAR-13,HC,mmu-miR-122-5p,mmu-let-7c-5p,0.16802324012969627,0.16802324012969627
303,5,HC-LAR-13,HC,mmu-miR-122-5p,mmu-miR-26a-5p,0.08735588485045205,0.08735588485045205
303,5,HC-LAR-13,HC,mmu-miR-122-5p,mmu-let-7a-5p,0.1677743252269768,0.1677743252269768
303,5,HC-LAR-13,HC,mmu-miR-122-5p,mmu-let-7b-5p,0.18764867957555278,0.18764867957555278
303,5,HC-LAR-13,HC,mmu-miR-17-5p,mmu-miR-124-3p,-0.0697291861191237,0.0697291861191237
303,5,HC-LAR-13,HC,mmu-miR-17-5p,mmu-let-7c-5p,-1.188561732808982,1.188561732808982
303,5,HC-LAR-13,HC,mmu-miR-17-5p,mmu-miR-26a-5p,-0.9963268033898205,0.9963268033898205
303,5,HC-LAR-13,HC,mmu-miR-17-5p,mmu-let-7a-5p,-1.1470470152329657,1.1470470152329657
303,5,HC-LAR-13,HC,mmu-miR-17-5p,mmu-let-7b-5p,-1.113366996283973,1.113366996283973
303,5,HC-LAR-13,HC,mmu-miR-18a-5p,mmu-miR-124-3p,-0.4149474983753559,0.4149474983753559
303,5,HC-LAR-13,HC,mmu-miR-18a-5p,mmu-let-7c-5p,0.20108960714618052,0.20108960714618052
303,5,HC-LAR-13,HC,mmu-miR-18a-5p,mmu-miR-26a-5p,-0.0694025657052404,0.0694025657052404
303,5,HC-LAR-13,HC,mmu-miR-18a-5p,mmu-let-7a-5p,0.14281050035497164,0.14281050035497164
303,5,HC-LAR-13,HC,mmu-miR-18a-5p,mmu-let-7b-5p,0.3533302343329221,0.3533302343329221
303,5,HC-LAR-13,HC,mmu-miR-19a-5p,mmu-miR-124-3p,0.27465336367895365,0.27465336367895365
303,5,HC-LAR-13,HC,mmu-miR-19a-5p,mmu-let-7c-5p,0.1801892880486167,0.1801892880486167
303,5,HC-LAR-13,HC,mmu-miR-19a-5p,mmu-miR-26a-5p,0.08033270193748943,0.08033270193748943
303,5,HC-LAR-13,HC,mmu-miR-19a-5p,mmu-let-7a-5p,0.13462978923344093,0.13462978923344093
303,5,HC-LAR-13,HC,mmu-miR-19a-5p,mmu-let-7b-5p,0.13915155027449758,0.13915155027449758
303,5,HC-LAR-13,HC,mmu-miR-20a-5p,mmu-miR-124-3p,0.04917567174124996,0.04917567174124996
303,5,HC-LAR-13,HC,mmu-miR-20a-5p,mmu-let-7c-5p,0.10729863248028115,0.10729863248028115
303,5,HC-LAR-13,HC,mmu-miR-20a-5p,mmu-miR-26a-5p,0.16013801630081917,0.16013801630081917
303,5,HC-LAR-13,HC,mmu-miR-20a-5p,mmu-let-7a-5p,0.1442513529366503,0.1442513529366503
303,5,HC-LAR-13,HC,mmu-miR-20a-5p,mmu-let-7b-5p,0.017649797317183635,0.017649797317183635
303,5,HC-LAR-13,HC,mmu-miR-92a-1-5p,mmu-miR-124-3p,0.025178078178820784,0.025178078178820784
303,5,HC-LAR-13,HC,mmu-miR-92a-1-5p,mmu-let-7c-5p,1.7106806574020699,1.7106806574020699
303,5,HC-LAR-13,HC,mmu-miR-92a-1-5p,mmu-miR-26a-5p,1.489222856151173,1.489222856151173
303,5,HC-LAR-13,HC,mmu-miR-92a-1-5p,mmu-let-7a-5p,1.7139159696642312,1.7139159696642312
303,5,HC-LAR-13,HC,mmu-miR-92a-1-5p,mmu-let-7b-5p,1.618934294802118,1.618934294802118
303,6,HC-LAR-5,HC,mmu-miR-122-5p,mmu-miR-124-3p,-0.2855708433649246,0.2855708433649246
303,6,HC-LAR-5,HC,mmu-miR-122-5p,mmu-let-7c-5p,0.29064359725161903,0.29064359725161903
303,6,HC-LAR-5,HC,mmu-miR-122-5p,mmu-miR-26a-5p,0.07979925320347936,0.07979925320347936
303,6,HC-LAR-5,HC,mmu-miR-122-5p,mmu-let-7a-5p,0.2291120457986834,0.2291120457986834
303,6,HC-LAR-5,HC,mmu-miR-122-5p,mmu-let-7b-5p,0.34002279897880117,0.34002279897880117
303,6,HC-LAR-5,HC,mmu-miR-17-5p,mmu-miR-124-3p,0.1496695131140465,0.1496695131140465
303,6,HC-LAR-5,HC,mmu-miR-17-5p,mmu-let-7c-5p,0.8728750748593791,0.8728750748593791
303,6,HC-LAR-5,HC,mmu-miR-17-5p,mmu-miR-26a-5p,0.8191328760622127,0.8191328760622127
303,6,HC-LAR-5,HC,mmu-miR-17-5p,mmu-let-7a-5p,0.7855200604943093,0.7855200604943093
303,6,HC-LAR-5,HC,mmu-miR-17-5p,mmu-let-7b-5p,0.825044165431367,0.825044165431367
303,6,HC-LAR-5,HC,mmu-miR-18a-5p,mmu-miR-124-3p,0.48786786153608175,0.48786786153608175
303,6,HC-LAR-5,HC,mmu-miR-18a-5p,mmu-let-7c-5p,-0.013474498476231833,0.013474498476231833
303,6,HC-LAR-5,HC,mmu-miR-18a-5p,mmu-miR-26a-5p,0.1293788979523622,0.1293788979523622
303,6,HC-LAR-5,HC,mmu-miR-18a-5p,mmu-let-7a-5p,0.014243587690483062,0.014243587690483062
303,6,HC-LAR-5,HC,mmu-miR-18a-5p,mmu-let-7b-5p,-0.1025227142187457,0.1025227142187457
303,6,HC-LAR-5,HC,mmu-miR-19a-5p,mmu-miR-124-3p,-0.1015209562491387,0.1015209562491387
303,6,HC-LAR-5,HC,mmu-miR-19a-5p,mmu-let-7c-5p,0.09800962659404233,0.09800962659404233
303,6,HC-LAR-5,HC,mmu-miR-19a-5p,mmu-miR-26a-5p,0.11948090862521599,0.11948090862521599
303,6,HC-LAR-5,HC,mmu-miR-19a-5p,mmu-let-7a-5p,0.1275180275454962,0.1275180275454962
303,6,HC-LAR-5,HC,mmu-miR-19a-5p,mmu-let-7b-5p,0.09447252910661819,0.09447252910661819
303,6,HC-LAR-5,HC,mmu-miR-20a-5p,mmu-miR-124-3p,0.38113490744017314,0.38113490744017314
303,6,HC-LAR-5,HC,mmu-miR-20a-5p,mmu-let-7c-5p,-0.3614537073963828,0.3614537073963828
303,6,HC-LAR-5,HC,mmu-miR-20a-5p,mmu-miR-26a-5p,-0.2705907202871459,0.2705907202871459
303,6,HC-LAR-5,HC,mmu-miR-20a-5p,mmu-let-7a-5p,-0.35976177043630747,0.35976177043630747
303,6,HC-LAR-5,HC,mmu-miR-20a-5p,mmu-let-7b-5p,-0.4118577060794149,0.4118577060794149
303,6,HC-LAR-5,HC,mmu-miR-92a-1-5p,mmu-miR-124-3p,-0.172975853324715,0.172975853324715
303,6,HC-LAR-5,HC,mmu-miR-92a-1-5p,mmu-let-7c-5p,-0.11564669649718178,0.11564669649718178
303,6,HC-LAR-5,HC,mmu-miR-92a-1-5p,mmu-miR-26a-5p,-0.15375984013662689,0.15375984013662689
303,6,HC-LAR-5,HC,mmu-miR-92a-1-5p,mmu-let-7a-5p,-0.10065725280243591,0.10065725280243591
303,6,HC-LAR-5,HC,mmu-miR-92a-1-5p,mmu-let-7b-5p,-0.10021580797426104,0.10021580797426104
303,7,VC-LAR-1,VC,mmu-miR-122-5p,mmu-miR-124-3p,-0.6542467750216021,0.6542467750216021
303,7,VC-LAR-1,VC,mmu-miR-122-5p,mmu-let-7c-5p,0.13557562752903324,0.13557562752903324
303,7,VC-LAR-1,VC,mmu-miR-122-5p,mmu-miR-26a-5p,-0.19819383533031215,0.19819383533031215
303,7,VC-LAR-1,VC,mmu-miR-122-5p,mmu-let-7a-5p,0.11234944599758209,0.11234944599758209
303,7,VC-LAR-1,VC,mmu-miR-122-5p,mmu-let-7b-5p,0.3997170326889317,0.3997170326889317
303,7,VC-LAR-1,VC,mmu-miR-17-5p,mmu-miR-124-3p,0.02053672026037645,0.02053672026037645
303,7,VC-LAR-1,VC,mmu-miR-17-5p,mmu-let-7c-5p,0.6519137570695118,0.6519137570695118
303,7,VC-LAR-1,VC,mmu-miR-17-5p,mmu-miR-26a-5p,0.7525480295036685,0.7525480295036685
303,7,VC-LAR-1,VC,mmu-miR-17-5p,mmu-let-7a-5p,0.7172378218849189,0.7172378218849189
303,7,VC-LAR-1,VC,mmu-miR-17-5p,mmu-let-7b-5p,0.5469760414436071,0.5469760414436071
303,7,VC-LAR-1,VC,mmu-miR-18a-5p,mmu-miR-124-3p,0.3583769470040959,0.3583769470040959
303,7,VC-LAR-1,VC,mmu-miR-18a-5p,mmu-let-7c-5p,-0.014329385026697783,0.014329385026697783
303,7,VC-LAR-1,VC,mmu-miR-18a-5p,mmu-miR-26a-5p,0.1620510271808598,0.1620510271808598
303,7,VC-LAR-1,VC,mmu-miR-18a-5p,mmu-let-7a-5p,0.06416600766824561,0.06416600766824561
303,7,VC-LAR-1,VC,mmu-miR-18a-5p,mmu-let-7b-5p,-0.11897283750901516,0.11897283750901516
303,7,VC-LAR-1,VC,mmu-miR-19a-5p,mmu-miR-124-3p,-0.12944621337470993,0.12944621337470993
303,7,VC-LAR-1,VC,mmu-miR-19a-5p,mmu-let-7c-5p,0.19529759968136218,0.19529759968136218
303,7,VC-LAR-1,VC,mmu-miR-19a-5p,mmu-miR-26a-5p,0.13086877917812684,0.13086877917812684
303,7,VC-LAR-1,VC,mmu-miR-19a-5p,mmu-let-7a-5p,0.17911135816636187,0.17911135816636187
303,7,VC-LAR-1,VC,mmu-miR-19a-5p,mmu-let-7b-5p,0.19616727757772132,0.19616727757772132
303,7,VC-LAR-1,VC,mmu-miR-20a-5p,mmu-miR-124-3p,0.0860178493462931,0.0860178493462931
303,7,VC-LAR-1,VC,mmu-miR-20a-5p,mmu-let-7c-5p,-0.02834949399378581,0.02834949399378581
303,7,VC-LAR-1,VC,mmu-miR-20a-5p,mmu-miR-26a-5p,-0.22954497813382974,0.22954497813382974
303,7,VC-LAR-1,VC,mmu-miR-20a-5p,mmu-let-7a-5p,-0.22967862444153683,0.22967862444153683
303,7,VC-LAR-1,VC,mmu-miR-20a-5p,mmu-let-7b-5p,0.03396857183130737,0.03396857183130737
303,7,VC-LAR-1,VC,mmu-miR-92a-1-5p,mmu-miR-124-3p,-0.2730140051469789,0.2730140051469789
303,7,VC-LAR-1,VC,mmu-miR-92a-1-5p,mmu-let-7c-5p,-0.04998795473802612,0.04998795473802612
303,7,VC-LAR-1,VC,mmu-miR-92a-1-5p,mmu-miR-26a-5p,-0.1234583046733555,0.1234583046733555
303,7,VC-LAR-1,VC,mmu-miR-92a-1-5p,mmu-let-7a-5p,-0.00939141360189133,0.00939141360189133
303,7,VC-LAR-1,VC,mmu-miR-92a-1-5p,mmu-let-7b-5p,-0.02133876024381598,0.02133876024381598
303,8,VC-LAR-13,VC,mmu-miR-122-5p,mmu-miR-124-3p,0.6098563865118195,0.6098563865118195
303,8,VC-LAR-13,VC,mmu-miR-122-5p,mmu-let-7c-5p,-0.6130718246844483,0.6130718246844483
303,8,VC-LAR-13,VC,mmu-miR-122-5p,mmu-miR-26a-5p,-0.317401933214084,0.317401933214084
303,8,VC-LAR-13,VC,mmu-miR-122-5p,mmu-let-7a-5p,-0.5282370960977765,0.5282370960977765
303,8,VC-LAR-13,VC,mmu-miR-122-5p,mmu-let-7b-5p,-0.6480610150346668,0.6480610150346668
303,8,VC-LAR-13,VC,mmu-miR-17-5p,mmu-miR-124-3p,-0.35669642288024395,0.35669642288024395
303,8,VC-LAR-13,VC,mmu-miR-17-5p,mmu-let-7c-5p,-0.2638785043243843,0.2638785043243843
303,8,VC-LAR-13,VC,mmu-miR-17-5p,mmu-miR-26a-5p,-0.39842024265866116,0.39842024265866116
303,8,VC-LAR-13,VC,mmu-miR-17-5p,mmu-let-7a-5p,-0.2760544687145739,0.2760544687145739
303,8,VC-LAR-13,VC,mmu-miR-17-5p,mmu-let-7b-5p,-0.13551984553729812,0.13551984553729812
303,8,VC-LAR-13,VC,mmu-miR-18a-5p,mmu-miR-124-3p,-0.4479554081646106,0.4479554081646106
303,8,VC-LAR-13,VC,mmu-miR-18a-5p,mmu-let-7c-5p,0.11942847823011106,0.11942847823011106
303,8,VC-LAR-13,VC,mmu-miR-18a-5p,mmu-miR-26a-5p,-0.13934375919052397,0.13934375919052397
303,8,VC-LAR-13,VC,mmu-miR-18a-5p,mmu-let-7a-5p,0.008748431412823221,0.008748431412823221
303,8,VC-LAR-13,VC,mmu-miR-18a-5p,mmu-let-7b-5p,0.16607879332756675,0.16607879332756675
303,8,VC-LAR-13,VC,mmu-miR-19a-5p,mmu-miR-124-3p,0.2713789781778663,0.2713789781778663
303,8,VC-LAR-13,VC,mmu-miR-19a-5p,mmu-let-7c-5p,-0.14202496990886462,0.14202496990886462
303,8,VC-LAR-13,VC,mmu-miR-19a-5p,mmu-miR-26a-5p,-0.09401155931506444,0.09401155931506444
303,8,VC-LAR-13,VC,mmu-miR-19a-5p,mmu-let-7a-5p,-0.13854121513092346,0.13854121513092346
303,8,VC-LAR-13,VC,mmu-miR-19a-5p,mmu-let-7b-5p,-0.17375775153341239,0.17375775153341239
303,8,VC-LAR-13,VC,mmu-miR-20a-5p,mmu-miR-124-3p,0.08719365858317674,0.08719365858317674
303,8,VC-LAR-13,VC,mmu-miR-20a-5p,mmu-let-7c-5p,0.23729467707792853,0.23729467707792853
303,8,VC-LAR-13,VC,mmu-miR-20a-5p,mmu-miR-26a-5p,0.3629020119347843,0.3629020119347843
303,8,VC-LAR-13,VC,mmu-miR-20a-5p,mmu-let-7a-5p,0.31954663524932897,0.31954663524932897
303,8,VC-LAR-13,VC,mmu-miR-20a-5p,mmu-let-7b-5p,0.14382622318347182,0.14382622318347182
303,8,VC-LAR-13,VC,mmu-miR-92a-1-5p,mmu-miR-124-3p,0.2533744758809917,0.2533744758809917
303,8,VC-LAR-13,VC,mmu-miR-92a-1-5p,mmu-let-7c-5p,0.042326681900158314,0.042326681900158314
303,8,VC-LAR-13,VC,mmu-miR-92a-1-5p,mmu-miR-26a-5p,0.07790931676087587,0.07790931676087587
303,8,VC-LAR-13,VC,mmu-miR-92a-1-5p,mmu-let-7a-5p,0.00935945024272475,0.00935945024272475
303,8,VC-LAR-13,VC,mmu-miR-92a-1-5p,mmu-let-7b-5p,-0.005980276640184523,0.005980276640184523
303,9,VC-LAR-5,VC,mmu-miR-122-5p,mmu-miR-124-3p,-0.04173749390077601,0.04173749390077601
303,9,VC-LAR-5,VC,mmu-miR-122-5p,mmu-let-7c-5p,-0.041122038264196144,0.041122038264196144
303,9,VC-LAR-5,VC,mmu-miR-122-5p,mmu-miR-26a-5p,-0.08629793652410914,0.08629793652410914
303,9,VC-LAR-5,VC,mmu-miR-122-5p,mmu-let-7a-5p,-0.06316629406161733,0.06316629406161733
303,9,VC-LAR-5,VC,mmu-miR-122-5p,mmu-let-7b-5p,-0.04941865273091649,0.04941865273091649
303,9,VC-LAR-5,VC,mmu-miR-17-5p,mmu-miR-124-3p,-0.07245196417691953,0.07245196417691953
303,9,VC-LAR-5,VC,mmu-miR-17-5p,mmu-let-7c-5p,-0.6636910828579858,0.6636910828579858
303,9,VC-LAR-5,VC,mmu-miR-17-5p,mmu-miR-26a-5p,-0.6546489957836458,0.6546489957836458
303,9,VC-LAR-5,VC,mmu-miR-17-5p,mmu-let-7a-5p,-0.6640060524009945,0.6640060524009945
303,9,VC-LAR-5,VC,mmu-miR-17-5p,mmu-let-7b-5p,-0.6516800466362234,0.6516800466362234
303,9,VC-LAR-5,VC,mmu-miR-18a-5p,mmu-miR-124-3p,-0.2619135547846479,0.2619135547846479
303,9,VC-LAR-5,VC,mmu-miR-18a-5p,mmu-let-7c-5p,0.5880615387740058,0.5880615387740058
303,9,VC-LAR-5,VC,mmu-miR-18a-5p,mmu-miR-26a-5p,0.5047278488132481,0.5047278488132481
303,9,VC-LAR-5,VC,mmu-miR-18a-5p,mmu-let-7a-5p,0.6007409642984081,0.6007409642984081
303,9,VC-LAR-5,VC,mmu-miR-18a-5p,mmu-let-7b-5p,0.6664632688276471,0.6664632688276471
303,9,VC-LAR-5,VC,mmu-miR-19a-5p,mmu-miR-124-3p,-0.26073440774052886,0.26073440774052886
303,9,VC-LAR-5,VC,mmu-miR-19a-5p,mmu-let-7c-5p,0.6657726323355745,0.6657726323355745
303,9,VC-LAR-5,VC,mmu-miR-19a-5p,mmu-miR-26a-5p,0.7714835894313484,0.7714835894313484
303,9,VC-LAR-5,VC,mmu-miR-19a-5p,mmu-let-7a-5p,0.9469596883815639,0.9469596883815639
303,9,VC-LAR-5,VC,mmu-miR-19a-5p,mmu-let-7b-5p,0.7217509653031206,0.7217509653031206
303,9,VC-LAR-5,VC,mmu-miR-20a-5p,mmu-miR-124-3p,-0.43007472027481225,0.43007472027481225
303,9,VC-LAR-5,VC,mmu-miR-20a-5p,mmu-let-7c-5p,0.23877796760692366,0.23877796760692366
303,9,VC-LAR-5,VC,mmu-miR-20a-5p,mmu-miR-26a-5p,0.17469612719335906,0.17469612719335906
303,9,VC-LAR-5,VC,mmu-miR-20a-5p,mmu-let-7a-5p,0.45987959041667625,0.45987959041667625
303,9,VC-LAR-5,VC,mmu-miR-20a-5p,mmu-let-7b-5p,0.1489115766657051,0.1489115766657051
303,9,VC-LAR-5,VC,mmu-miR-92a-1-5p,mmu-miR-124-3p,0.09872359241708173,0.09872359241708173
303,9,VC-LAR-5,VC,mmu-miR-92a-1-5p,mmu-let-7c-5p,-0.023110684097870537,0.023110684097870537
303,9,VC-LAR-5,VC,mmu-miR-92a-1-5p,mmu-miR-26a-5p,0.009383554397694227,0.009383554397694227
303,9,VC-LAR-5,VC,mmu-miR-92a-1-5p,mmu-let-7a-5p,-0.07715529612808819,0.07715529612808819
303,9,VC-LAR-5,VC,mmu-miR-92a-1-5p,mmu-let-7b-5p,0.002310183328033233,0.002310183328033233
404,1,FL-LAR-1,FL,mmu-miR-122-5p,mmu-miR-124-3p,-0.22523358005758684,0.22523358005758684
404,1,FL-LAR-1,FL,mmu-miR-122-5p,mmu-let-7c-5p,0.15196314466108246,0.15196314466108246
404,1,FL-LAR-1,FL,mmu-miR-122-5p,mmu-miR-26a-5p,-0.07143832928898813,0.07143832928898813
404,1,FL-LAR-1,FL,mmu-miR-122-5p,mmu-let-7a-5p,0.07380971266150782,0.07380971266150782
404,1,FL-LAR-1,FL,mmu-miR-122-5p,mmu-let-7b-5p,0.20120757590145025,0.20120757590145025
404,1,FL-LAR-1,FL,mmu-miR-17-5p,mmu-miR-124-3p,0.05193684695987035,0.05193684695987035
404,1,FL-LAR-1,FL,mmu-miR-17-5p,mmu-let-7c-5p,0.5259433398571371,0.5259433398571371
404,1,FL-LAR-1,FL,mmu-miR-17-5p,mmu-miR-26a-5p,0.6025864494367853,0.6025864494367853
404,1,FL-LAR-1,FL,mmu-miR-17-5p,mmu-let-7a-5p,0.5157143407695307,0.5157143407695307
404,1,FL-LAR-1,FL,mmu-miR-17-5p,mmu-let-7b-5p,0.48504668285119523,0.48504668285119523
404,1,FL-LAR-1,FL,mmu-miR-18a-5p,mmu-miR-124-3p,0.30562070788000717,0.30562070788000717
404,1,FL-LAR-1,FL,mmu-miR-18a-5p,mmu-let-7c-5p,-0.09912106074237581,0.09912106074237581
404,1,FL-LAR-1,FL,mmu-miR-18a-5p,mmu-miR-26a-5p,-0.11431866594660586,0.11431866594660586
404,1,FL-LAR-1,FL,mmu-miR-18a-5p,mmu-let-7a-5p,-0.1955325987073593,0.1955325987073593
404,1,FL-LAR-1,FL,mmu-miR-18a-5p,mmu-let-7b-5p,-0.17455560809418486,0.17455560809418486
404,1,FL-LAR-1,FL,mmu-miR-19a-5p,mmu-miR-124-3p,0.04170052840587843,0.04170052840587843
404,1,FL-LAR-1,FL,mmu-miR-19a-5p,mmu-let-7c-5p,-0.035514409046542406,0.035514409046542406
404,1,FL-LAR-1,FL,mmu-miR-19a-5p,mmu-miR-26a-5p,-0.2807450605552732,0.2807450605552732
404,1,FL-LAR-1,FL,mmu-miR-19a-5p,mmu-let-7a-5p,-0.17911933334059238,0.17911933334059238
404,1,FL-LAR-1,FL,mmu-miR-19a-5p,mmu-let-7b-5p,-0.08924400076066369,0.08924400076066369
404,1,FL-LAR-1,FL,mmu-miR-20a-5p,mmu-miR-124-3p,-8.407398321041981e-05,8.407398321041981e-05
404,1,FL-LAR-1,FL,mmu-miR-20a-5p,mmu-let-7c-5p,-0.35952309325269505,0.35952309325269505
404,1,FL-LAR-1,FL,mmu-miR-20a-5p,mmu-miR-26a-5p,-0.2304147557921775,0.2304147557921775
404,1,FL-LAR-1,FL,mmu-miR-20a-5p,mmu-let-7a-5p,-0.2895278352361252,0.2895278352361252
404,1,FL-LAR-1,FL,mmu-miR-20a-5p,mmu-let-7b-5p,-0.31290712804329823,0.31290712804329823
404,1,FL-LAR-1,FL,mmu-miR-92a-1-5p,mmu-miR-124-3p,-0.6655443262745395,0.6655443262745395
404,1,FL-LAR-1,FL,mmu-miR-92a-1-5p,mmu-let-7c-5p,0.15553027730202298,0.15553027730202298
404,1,FL-LAR-1,FL,mmu-miR-92a-1-5p,mmu-miR-26a-5p,-0.2526231267400969,0.2526231267400969
404,1,FL-LAR-1,FL,mmu-miR-92a-1-5p,mmu-let-7a-5p,0.24707589704970218,0.24707589704970218
404,1,FL-LAR-1,FL,mmu-miR-92a-1-5p,mmu-let-7b-5p,0.1568040829797003,0.1568040829797003
404,2,FL-LAR-13,FL,mmu-miR-122-5p,mmu-miR-124-3p,-0.13925713030524398,0.13925713030524398
404,2,FL-LAR-13,FL,mmu-miR-122-5p,mmu-let-7c-5p,-0.03909376005928305,0.03909376005928305
404,2,FL-LAR-13,FL,mmu-miR-122-5p,mmu-miR-26a-5p,-0.14398828963361063,0.14398828963361063
404,2,FL-LAR-13,FL,mmu-miR-122-5p,mmu-let-7a-5p,-0.08003162666767218,0.08003162666767218
404,2,FL-LAR-13,FL,mmu-miR-122-5p,mmu-let-7b-5p,-0.02526911807775234,0.02526911807775234
404,2,FL-LAR-13,FL,mmu-miR-17-5p,mmu-miR-124-3p,0.2475757645753523,0.2475757645753523
404,2,FL-LAR-13,FL,mmu-miR-17-5p,mmu-let-7c-5p,0.5487966978721186,0.5487966978721186
404,2,FL-LAR-13,FL,mmu-miR-17-5p,mmu-miR-26a-5p,0.6141819063186026,0.6141819063186026
404,2,FL-LAR-13,FL,mmu-miR-17-5p,mmu-let-7a-5p,0.5199094529477104,0.5199094529477104
404,2,FL-LAR-13,FL,mmu-miR-17-5p,mmu-let-7b-5p,0.48073517356703344,0.48073517356703344
404,2,FL-LAR-13,FL,mmu-miR-18a-5p,mmu-miR-124-3p,0.0883895923897702,0.0883895923897702
404,2,FL-LAR-13,FL,mmu-miR-18a-5p,mmu-let-7c-5p,-0.13907946430432894,0.13907946430432894
404,2,FL-LAR-13,FL,mmu-miR-18a-5p,mmu-miR-26a-5p,-0.15622745766498464,0.15622745766498464
404,2,FL-LAR-13,FL,mmu-miR-18a-5p,mmu-let-7a-5p,-0.10992691905509372,0.10992691905509372
404,2,FL-LAR-13,FL,mmu-miR-18a-5p,mmu-let-7b-5p,-0.11697721936652677,0.11697721936652677
404,2,FL-LAR-13,FL,mmu-miR-19a-5p,mmu-miR-124-3p,-0.1744089364074171,0.1744089364074171
404,2,FL-LAR-13,FL,mmu-miR-19a-5p,mmu-let-7c-5p,0.15291601346859054,0.15291601346859054
404,2,FL-LAR-13,FL,mmu-miR-19a-5p,mmu-miR-26a-5p,0.12548929811843354,0.12548929811843354
404,2,FL-LAR-13,FL,mmu-miR-19a-5p,mmu-let-7a-5p,0.1375309428782202,0.1375309428782202
404,2,FL-LAR-13,FL,mmu-miR-19a-5p,mmu-let-7b-5p,0.1551898744563611,0.1551898744563611
404,2,FL-LAR-13,FL,mmu-miR-20a-5p,mmu-miR-124-3p,0.1747750301534931,0.1747750301534931
404,2,FL-LAR-13,FL,mmu-miR-20a-5p,mmu-let-7c-5p,-0.019448172515937223,0.019448172515937223
404,2,FL-LAR-13,FL,mmu-miR-20a-5p,mmu-miR-26a-5p,-0.005719114525709279,0.005719114525709279
404,2,FL-LAR-13,FL,mmu-miR-20a-5p,mmu-let-7a-5p,-0.08747048788160712,0.08747048788160712
404,2,FL-LAR-13,FL,mmu-miR-20a-5p,mmu-let-7b-5p,-0.03101980296026652,0.03101980296026652
404,2,FL-LAR-13,FL,mmu-miR-92a-1-5p,mmu-miR-124-3p,-0.13755162270390434,0.13755162270390434
404,2,FL-LAR-13,FL,mmu-miR-92a-1-5p,mmu-let-7c-5p,-0.07388517395787257,0.07388517395787257
404,2,FL-LAR-13,FL,mmu-miR-92a-1-5p,mmu-miR-26a-5p,-0.13587347758196608,0.13587347758196608
404,2,FL-LAR-13,FL,mmu-miR-92a-1-5p,mmu-let-7a-5p,-0.07067944036098195,0.07067944036098195
404,2,FL-LAR-13,FL,mmu-miR-92a-1-5p,mmu-let-7b-5p,-0.07299636477279517,0.07299636477279517
404,3,FL-LAR-5,FL,mmu-miR-122-5p,mmu-miR-124-3p,0.2996565663427946,0.2996565663427946
404,3,FL-LAR-5,FL,mmu-miR-122-5p,mmu-let-7c-5p,-0.23099087770048463,0.23099087770048463
404,3,FL-LAR-5,FL,mmu-miR-122-5p,mmu-miR-26a-5p,-0.039544034373345,0.039544034373345
404,3,FL-LAR-5,FL,mmu-miR-122-5p,mmu-let-7a-5p,-0.20740535475633812,0.20740535475633812
404,3,FL-LAR-5,FL,mmu-miR-122-5p,mmu-let-7b-5p,-0.25696531767365144,0.25696531767365144
404,3,FL-LAR-5,FL,mmu-miR-17-5p,mmu-miR-124-3p,0.46491603387839864,0.46491603387839864
404,3,FL-LAR-5,FL,mmu-miR-17-5p,mmu-let-7c-5p,0.8092388051569288,0.8092388051569288
404,3,FL-LAR-5,FL,mmu-miR-17-5p,mmu-miR-26a-5p,0.8964950446160705,0.8964950446160705
404,3,FL-LAR-5,FL,mmu-miR-17-5p,mmu-let-7a-5p,0.7748177022702297,0.7748177022702297
404,3,FL-LAR-5,FL,mmu-miR-17-5p,mmu-let-7b-5p,0.6953573940557063,0.6953573940557063
404,3,FL-LAR-5,FL,mmu-miR-18a-5p,mmu-miR-124-3p,0.6312528766340016,0.6312528766340016
404,3,FL-LAR-5,FL,mmu-miR-18a-5p,mmu-let-7c-5p,-0.0817811073863899,0.0817811073863899
404,3,FL-LAR-5,FL,mmu-miR-18a-5p,mmu-miR-26a-5p,0.21991497764490006,0.21991497764490006
404,3,FL-LAR-5,FL,mmu-miR-18a-5p,mmu-let-7a-5p,-0.03560797712852958,0.03560797712852958
404,3,FL-LAR-5,FL,mmu-miR-18a-5p,mmu-let-7b-5p,-0.12108126015057988,0.12108126015057988
404,3,FL-LAR-5,FL,mmu-miR-19a-5p,mmu-miR-124-3p,-0.3028746587110316,0.3028746587110316
404,3,FL-LAR-5,FL,mmu-miR-19a-5p,mmu-let-7c-5p,0.05781295344034633,0.05781295344034633
404,3,FL-LAR-5,FL,mmu-miR-19a-5p,mmu-miR-26a-5p,0.004874250716238593,0.004874250716238593
404,3,FL-LAR-5,FL,mmu-miR-19a-5p,mmu-let-7a-5p,0.06835715098568469,0.06835715098568469
404,3,FL-LAR-5,FL,mmu-miR-19a-5p,mmu-let-7b-5p,0.08813168691267487,0.08813168691267487
404,3,FL-LAR-5,FL,mmu-miR-20a-5p,mmu-miR-124-3p,-0.1675769936780851,0.1675769936780851
404,3,FL-LAR-5,FL,mmu-miR-20a-5p,mmu-let-7c-5p,-0.3528465849631176,0.3528465849631176
404,3,FL-LAR-5,FL,mmu-miR-20a-5p,mmu-miR-26a-5p,-0.5129949557696819,0.5129949557696819
404,3,FL-LAR-5,FL,mmu-miR-20a-5p,mmu-let-7a-5p,-0.3993808542193924,0.3993808542193924
404,3,FL-LAR-5,FL,mmu-miR-20a-5p,mmu-let-7b-5p,-0.2854954000424188,0.2854954000424188
404,3,FL-LAR-5,FL,mmu-miR-92a-1-5p,mmu-miR-124-3p,-0.25353547573467955,0.25353547573467955
404,3,FL-LAR-5,FL,mmu-miR-92a-1-5p,mmu-let-7c-5p,-0.01342827387610035,0.01342827387610035
404,3,FL-LAR-5,FL,mmu-miR-92a-1-5p,mmu-miR-26a-5p,-0.08142905997277321,0.08142905997277321
404,3,FL-LAR-5,FL,mmu-miR-92a-1-5p,mmu-let-7a-5p,0.0077577794237488895,0.0077577794237488895
404,3,FL-LAR-5,FL,mmu-miR-92a-1-5p,mmu-let-7b-5p,0.009640189569472574,0.009640189569472574
404,4,HC-LAR-1,HC,mmu-miR-122-5p,mmu-miR-124-3p,0.33737211264463746,0.33737211264463746
404,4,HC-LAR-1,HC,mmu-miR-122-5p,mmu-let-7c-5p,-0.1990688704846737,0.1990688704846737
404,4,HC-LAR-1,HC,mmu-miR-122-5p,mmu-miR-26a-5p,0.26483562776799485,0.26483562776799485
404,4,HC-LAR-1,HC,mmu-miR-122-5p,mmu-let-7a-5p,-0.04892497662416084,0.04892497662416084
404,4,HC-LAR-1,HC,mmu-miR-122-5p,mmu-let-7b-5p,-0.2612110020088341,0.2612110020088341
404,4,HC-LAR-1,HC,mmu-miR-17-5p,mmu-miR-124-3p,-0.4211234376221305,0.4211234376221305
404,4,HC-LAR-1,HC,mmu-miR-17-5p,mmu-let-7c-5p,-1.113763386641707,1.113763386641707
404,4,HC-LAR-1,HC,mmu-miR-17-5p,mmu-miR-26a-5p,-2.016027449397371,2.016027449397371
404,4,HC-LAR-1,HC,mmu-miR-17-5p,mmu-let-7a-5p,-1.3846535445676031,1.3846535445676031
404,4,HC-LAR-1,HC,mmu-miR-17-5p,mmu-let-7b-5p,-0.9443297565992302,0.9443297565992302
404,4,HC-LAR-1,HC,mmu-miR-18a-5p,mmu-miR-124-3p,-0.25523551951300766,0.25523551951300766
404,4,HC-LAR-1,HC,mmu-miR-18a-5p,mmu-let-7c-5p,0.4888402429132841,0.4888402429132841
404,4,HC-LAR-1,HC,mmu-miR-18a-5p,mmu-miR-26a-5p,0.6280397352646109,0.6280397352646109
404,4,HC-LAR-1,HC,mmu-miR-18a-5p,mmu-let-7a-5p,0.5006737070643189,0.5006737070643189
404,4,HC-LAR-1,HC,mmu-miR-18a-5p,mmu-let-7b-5p,0.606439971663834,0.606439971663834
404,4,HC-LAR-1,HC,mmu-miR-19a-5p,mmu-miR-124-3p,0.4946484873385394,0.4946484873385394
404,4,HC-LAR-1,HC,mmu-miR-19a-5p,mmu-let-7c-5p,-0.3603420850922704,0.3603420850922704
404,4,HC-LAR-1,HC,mmu-miR-19a-5p,mmu-miR-26a-5p,-0.3851677234139061,0.3851677234139061
404,4,HC-LAR-1,HC,mmu-miR-19a-5p,mmu-let-7a-5p,-0.3358160454876876,0.3358160454876876
404,4,HC-LAR-1,HC,mmu-miR-19a-5p,mmu-let-7b-5p,-0.38323136841451444,0.38323136841451444
404,4,HC-LAR-1,HC,mmu-miR-20a-5p,mmu-miR-124-3p,-0.24381831988102934,0.24381831988102934
404,4,HC-LAR-1,HC,mmu-miR-20a-5p,mmu-let-7c-5p,0.6251849385982495,0.6251849385982495
404,4,HC-LAR-1,HC,mmu-miR-20a-5p,mmu-miR-26a-5p,0.9821110140648676,0.9821110140648676
404,4,HC-LAR-1,HC,mmu-miR-20a-5p,mmu-let-7a-5p,0.8983553302493728,0.8983553302493728
404,4,HC-LAR-1,HC,mmu-miR-20a-5p,mmu-let-7b-5p,0.47731563725004295,0.47731563725004295
404,4,HC-LAR-1,HC,mmu-miR-92a-1-5p,mmu-miR-124-3p,0.11375524960009595,0.11375524960009595
404,4,HC-LAR-1,HC,mmu-miR-92a-1-5p,mmu-let-7c-5p,-0.028853815322993914,0.028853815322993914
404,4,HC-LAR-1,HC,mmu-miR-92a-1-5p,mmu-miR-26a-5p,-0.14496066503731253,0.14496066503731253
404,4,HC-LAR-1,HC,mmu-miR-92a-1-5p,mmu-let-7a-5p,-0.11986876740314381,0.11986876740314381
404,4,HC-LAR-1,HC,mmu-miR-92a-1-5p,mmu-let-7b-5p,-0.0565094525887011,0.0565094525887011
404,5,HC-LAR-13,HC,mmu-miR-122-5p,mmu-miR-124-3p,-0.1590472211129964,0.1590472211129964
404,5,HC-LAR-13,HC,mmu-miR-122-5p,mmu-let-7c-5p,-0.0023951153195715946,0.0023951153195715946
404,5,HC-LAR-13,HC,mmu-miR-122-5p,mmu-miR-26a-5p,-0.0479015118033812,0.0479015118033812
404,5,HC-LAR-13,HC,mmu-miR-122-5p,mmu-let-7a-5p,-0.011916127669731713,0.011916127669731713
404,5,HC-LAR-13,HC,mmu-miR-122-5p,mmu-let-7b-5p,0.006419062154600322,0.006419062154600322
404,5,HC-LAR-13,HC,mmu-miR-17-5p,mmu-miR-124-3p,0.08567095949159312,0.08567095949159312
404,5,HC-LAR-13,HC,mmu-miR-17-5p,mmu-let-7c-5p,-0.7725130758439873,0.7725130758439873
404,5,HC-LAR-13,HC,mmu-miR-17-5p,mmu-miR-26a-5p,-0.8551746703034345,0.8551746703034345
404,5,HC-LAR-13,HC,mmu-miR-17-5p,mmu-let-7a-5p,-0.8244264164684867,0.8244264164684867
404,5,HC-LAR-13,HC,mmu-miR-17-5p,mmu-let-7b-5p,-0.6908869398893636,0.6908869398893636
404,5,HC-LAR-13,HC,mmu-miR-18a-5p,mmu-miR-124-3p,-0.493284552183468,0.493284552183468
404,5,HC-LAR-13,HC,mmu-miR-18a-5p,mmu-let-7c-5p,0.5496700774589652,0.5496700774589652
404,5,HC-LAR-13,HC,mmu-miR-18a-5p,mmu-miR-26a-5p,0.4799445562749802,0.4799445562749802
404,5,HC-LAR-13,HC,mmu-miR-18a-5p,mmu-let-7a-5p,0.5275128797979659,0.5275128797979659
404,5,HC-LAR-13,HC,mmu-miR-18a-5p,mmu-let-7b-5p,0.5040014583753268,0.5040014583753268
404,5,HC-LAR-13,HC,mmu-miR-19a-5p,mmu-miR-124-3p,0.1608091080988136,0.1608091080988136
404,5,HC-LAR-13,HC,mmu-miR-19a-5p,mmu-let-7c-5p,-0.21592414783663105,0.21592414783663105
404,5,HC-LAR-13,HC,mmu-miR-19a-5p,mmu-miR-26a-5p,-0.28296676826321343,0.28296676826321343
404,5,HC-LAR-13,HC,mmu-miR-19a-5p,mmu-let-7a-5p,-0.2572926933287818,0.2572926933287818
404,5,HC-LAR-13,HC,mmu-miR-19a-5p,mmu-let-7b-5p,-0.21609032976169448,0.21609032976169448
404,5,HC-LAR-13,HC,mmu-miR-20a-5p,mmu-miR-124-3p,-0.17276348256661253,0.17276348256661253
404,5,HC-LAR-13,HC,mmu-miR-20a-5p,mmu-let-7c-5p,0.10395685418043288,0.10395685418043288
404,5,HC-LAR-13,HC,mmu-miR-20a-5p,mmu-miR-26a-5p,0.10802890544546247,0.10802890544546247
404,5,HC-LAR-13,HC,mmu-miR-20a-5p,mmu-let-7a-5p,0.13819066669845304,0.13819066669845304
404,5,HC-LAR-13,HC,mmu-miR-20a-5p,mmu-let-7b-5p,0.06409523124845391,0.06409523124845391
404,5,HC-LAR-13,HC,mmu-miR-92a-1-5p,mmu-miR-124-3p,0.5894323798362169,0.5894323798362169
404,5,HC-LAR-13,HC,mmu-miR-92a-1-5p,mmu-let-7c-5p,0.1932547308152911,0.1932547308152911
404,5,HC-LAR-13,HC,mmu-miR-92a-1-5p,mmu-miR-26a-5p,0.07153520325324889,0.07153520325324889
404,5,HC-LAR-13,HC,mmu-miR-92a-1-5p,mmu-let-7a-5p,0.05143570006839582,0.05143570006839582
404,5,HC-LAR-13,HC,mmu-miR-92a-1-5p,mmu-let-7b-5p,0.33799313996957314,0.33799313996957314
404,6,HC-LAR-5,HC,mmu-miR-122-5p,mmu-miR-124-3p,-0.3109325853974347,0.3109325853974347
404,6,HC-LAR-5,HC,mmu-miR-122-5p,mmu-let-7c-5p,0.28368609019744323,0.28368609019744323
404,6,HC-LAR-5,HC,mmu-miR-122-5p,mmu-miR-26a-5p,0.039978128023115796,0.039978128023115796
404,6,HC-LAR-5,HC,mmu-miR-122-5p,mmu-let-7a-5p,0.21323849626351143,0.21323849626351143
404,6,HC-LAR-5,HC,mmu-miR-122-5p,mmu-let-7b-5p,0.325267608355413,0.325267608355413
404,6,HC-LAR-5,HC,mmu-miR-17-5p,mmu-miR-124-3p,-0.097824707922458,0.097824707922458
404,6,HC-LAR-5,HC,mmu-miR-17-5p,mmu-let-7c-5p,0.7648532992939486,0.7648532992939486
404,6,HC-LAR-5,HC,mmu-miR-17-5p,mmu-miR-26a-5p,0.849452925953665,0.849452925953665
404,6,HC-LAR-5,HC,mmu-miR-17-5p,mmu-let-7a-5p,0.790523028544461,0.790523028544461
404,6,HC-LAR-5,HC,mmu-miR-17-5p,mmu-let-7b-5p,0.858745311508089,0.858745311508089
404,6,HC-LAR-5,HC,mmu-miR-18a-5p,mmu-miR-124-3p,0.6843940879730027,0.6843940879730027
404,6,HC-LAR-5,HC,mmu-miR-18a-5p,mmu-let-7c-5p,-0.13233818935914313,0.13233818935914313
404,6,HC-LAR-5,HC,mmu-miR-18a-5p,mmu-miR-26a-5p,-0.009445676068329134,0.009445676068329134
404,6,HC-LAR-5,HC,mmu-miR-18a-5p,mmu-let-7a-5p,-0.12250651430804295,0.12250651430804295
404,6,HC-LAR-5,HC,mmu-miR-18a-5p,mmu-let-7b-5p,-0.1972161605172612,0.1972161605172612
404,6,HC-LAR-5,HC,mmu-miR-19a-5p,mmu-miR-124-3p,-0.059509428303378464,0.059509428303378464
404,6,HC-LAR-5,HC,mmu-miR-19a-5p,mmu-let-7c-5p,0.18956840266109792,0.18956840266109792
404,6,HC-LAR-5,HC,mmu-miR-19a-5p,mmu-miR-26a-5p,0.15173779361988032,0.15173779361988032
404,6,HC-LAR-5,HC,mmu-miR-19a-5p,mmu-let-7a-5p,0.1950981095045184,0.1950981095045184
404,6,HC-LAR-5,HC,mmu-miR-19a-5p,mmu-let-7b-5p,0.11923105833175211,0.11923105833175211
404,6,HC-LAR-5,HC,mmu-miR-20a-5p,mmu-miR-124-3p,0.5982300749630669,0.5982300749630669
404,6,HC-LAR-5,HC,mmu-miR-20a-5p,mmu-let-7c-5p,-0.1725776609389869,0.1725776609389869
404,6,HC-LAR-5,HC,mmu-miR-20a-5p,mmu-miR-26a-5p,-0.2498998963924048,0.2498998963924048
404,6,HC-LAR-5,HC,mmu-miR-20a-5p,mmu-let-7a-5p,-0.3128550776086438,0.3128550776086438
404,6,HC-LAR-5,HC,mmu-miR-20a-5p,mmu-let-7b-5p,-0.4323034283193921,0.4323034283193921
404,6,HC-LAR-5,HC,mmu-miR-92a-1-5p,mmu-miR-124-3p,-0.16826542692554855,0.16826542692554855
404,6,HC-LAR-5,HC,mmu-miR-92a-1-5p,mmu-let-7c-5p,-0.10811182604059799,0.10811182604059799
404,6,HC-LAR-5,HC,mmu-miR-92a-1-5p,mmu-miR-26a-5p,-0.10744338993924135,0.10744338993924135
404,6,HC-LAR-5,HC,mmu-miR-92a-1-5p,mmu-let-7a-5p,-0.07719179118284958,0.07719179118284958
404,6,HC-LAR-5,HC,mmu-miR-92a-1-5p,mmu-let-7b-5p,-0.07350879879965455,0.07350879879965455
404,7,VC-LAR-1,VC,mmu-miR-122-5p,mmu-miR-124-3p,-0.8645103329976946,0.8645103329976946
404,7,VC-LAR-1,VC,mmu-miR-122-5p,mmu-let-7c-5p,0.5059062149089487,0.5059062149089487
404,7,VC-LAR-1,VC,mmu-miR-122-5p,mmu-miR-26a-5p,-0.11202183063142003,0.11202183063142003
404,7,VC-LAR-1,VC,mmu-miR-122-5p,mmu-let-7a-5p,0.38696848636027426,0.38696848636027426
404,7,VC-LAR-1,VC,mmu-miR-122-5p,mmu-let-7b-5p,0.7309298947198841,0.7309298947198841
404,7,VC-LAR-1,VC,mmu-miR-17-5p,mmu-miR-124-3p,0.2851968420776152,0.2851968420776152
404,7,VC-LAR-1,VC,mmu-miR-17-5p,mmu-let-7c-5p,1.1401281614191254,1.1401281614191254
404,7,VC-LAR-1,VC,mmu-miR-17-5p,mmu-miR-26a-5p,1.0230085416308918,1.0230085416308918
404,7,VC-LAR-1,VC,mmu-miR-17-5p,mmu-let-7a-5p,1.0424016746187894,1.0424016746187894
404,7,VC-LAR-1,VC,mmu-miR-17-5p,mmu-let-7b-5p,1.02422533262846,1.02422533262846
404,7,VC-LAR-1,VC,mmu-miR-18a-5p,mmu-miR-124-3p,0.17366605026278806,0.17366605026278806
404,7,VC-LAR-1,VC,mmu-miR-18a-5p,mmu-let-7c-5p,-0.0803140042262385,0.0803140042262385
404,7,VC-LAR-1,VC,mmu-miR-18a-5p,mmu-miR-26a-5p,0.07033960101931964,0.07033960101931964
404,7,VC-LAR-1,VC,mmu-miR-18a-5p,mmu-let-7a-5p,-0.07428072114125824,0.07428072114125824
404,7,VC-LAR-1,VC,mmu-miR-18a-5p,mmu-let-7b-5p,-0.1927720669707923,0.1927720669707923
404,7,VC-LAR-1,VC,mmu-miR-19a-5p,mmu-miR-124-3p,-0.10133354140270952,0.10133354140270952
404,7,VC-LAR-1,VC,mmu-miR-19a-5p,mmu-let-7c-5p,0.07799193618217615,0.07799193618217615
404,7,VC-LAR-1,VC,mmu-miR-19a-5p,mmu-miR-26a-5p,0.04358143005520105,0.04358143005520105
404,7,VC-LAR-1,VC,mmu-miR-19a-5p,mmu-let-7a-5p,0.06556897027961289,0.06556897027961289
404,7,VC-LAR-1,VC,mmu-miR-19a-5p,mmu-let-7b-5p,0.08460560514868165,0.08460560514868165
404,7,VC-LAR-1,VC,mmu-miR-20a-5p,mmu-miR-124-3p,0.13769175614482582,0.13769175614482582
404,7,VC-LAR-1,VC,mmu-miR-20a-5p,mmu-let-7c-5p,-0.3778744034988148,0.3778744034988148
404,7,VC-LAR-1,VC,mmu-miR-20a-5p,mmu-miR-26a-5p,-0.5123221313367444,0.5123221313367444
404,7,VC-LAR-1,VC,mmu-miR-20a-5p,mmu-let-7a-5p,-0.47674631288391556,0.47674631288391556
404,7,VC-LAR-1,VC,mmu-miR-20a-5p,mmu-let-7b-5p,-0.31468438080022093,0.31468438080022093
404,7,VC-LAR-1,VC,mmu-miR-92a-1-5p,mmu-miR-124-3p,-0.07027219513644634,0.07027219513644634
404,7,VC-LAR-1,VC,mmu-miR-92a-1-5p,mmu-let-7c-5p,-0.1567859265696219,0.1567859265696219
404,7,VC-LAR-1,VC,mmu-miR-92a-1-5p,mmu-miR-26a-5p,-0.037262900387092235,0.037262900387092235
404,7,VC-LAR-1,VC,mmu-miR-92a-1-5p,mmu-let-7a-5p,-0.06072349937555055,0.06072349937555055
404,7,VC-LAR-1,VC,mmu-miR-92a-1-5p,mmu-let-7b-5p,-0.1445178800997384,0.1445178800997384
404,8,VC-LAR-13,VC,mmu-miR-122-5p,mmu-miR-124-3p,0.4973628858181958,0.4973628858181958
404,8,VC-LAR-13,VC,mmu-miR-122-5p,mmu-let-7c-5p,-0.6179913783203426,0.6179913783203426
404,8,VC-LAR-13,VC,mmu-miR-122-5p,mmu-miR-26a-5p,-0.3761712898509964,0.3761712898509964
404,8,VC-LAR-13,VC,mmu-miR-122-5p,mmu-let-7a-5p,-0.5133552295585105,0.5133552295585105
404,8,VC-LAR-13,VC,mmu-miR-122-5p,mmu-let-7b-5p,-0.7227058085806979,0.7227058085806979
404,8,VC-LAR-13,VC,mmu-miR-17-5p,mmu-miR-124-3p,-0.04647454282045749,0.04647454282045749
404,8,VC-LAR-13,VC,mmu-miR-17-5p,mmu-let-7c-5p,-0.11105762307124678,0.11105762307124678
404,8,VC-LAR-13,VC,mmu-miR-17-5p,mmu-miR-26a-5p,-0.19572009110803876,0.19572009110803876
404,8,VC-LAR-13,VC,mmu-miR-17-5p,mmu-let-7a-5p,-0.14461536466260452,0.14461536466260452
404,8,VC-LAR-13,VC,mmu-miR-17-5p,mmu-let-7b-5p,-0.10549950370332216,0.10549950370332216
404,8,VC-LAR-13,VC,mmu-miR-18a-5p,mmu-miR-124-3p,-0.4663696317894695,0.4663696317894695
404,8,VC-LAR-13,VC,mmu-miR-18a-5p,mmu-let-7c-5p,-0.07934936671420767,0.07934936671420767
404,8,VC-LAR-13,VC,mmu-miR-18a-5p,mmu-miR-26a-5p,-0.19779395654816953,0.19779395654816953
404,8,VC-LAR-13,VC,mmu-miR-18a-5p,mmu-let-7a-5p,-0.07233755565054392,0.07233755565054392
404,8,VC-LAR-13,VC,mmu-miR-18a-5p,mmu-let-7b-5p,-0.010277405505379145,0.010277405505379145
404,8,VC-LAR-13,VC,mmu-miR-19a-5p,mmu-miR-124-3p,0.10850631801392106,0.10850631801392106
404,8,VC-LAR-13,VC,mmu-miR-19a-5p,mmu-let-7c-5p,-0.1991850248305125,0.1991850248305125
404,8,VC-LAR-13,VC,mmu-miR-19a-5p,mmu-miR-26a-5p,-0.20697899080793516,0.20697899080793516
404,8,VC-LAR-13,VC,mmu-miR-19a-5p,mmu-let-7a-5p,-0.22433282763207285,0.22433282763207285
404,8,VC-LAR-13,VC,mmu-miR-19a-5p,mmu-let-7b-5p,-0.17594905141352984,0.17594905141352984
404,8,VC-LAR-13,VC,mmu-miR-20a-5p,mmu-miR-124-3p,-0.16414123863990734,0.16414123863990734
404,8,VC-LAR-13,VC,mmu-miR-20a-5p,mmu-let-7c-5p,0.0696300625849593,0.0696300625849593
404,8,VC-LAR-13,VC,mmu-miR-20a-5p,mmu-miR-26a-5p,0.20849696973455134,0.20849696973455134
404,8,VC-LAR-13,VC,mmu-miR-20a-5p,mmu-let-7a-5p,0.15597068070589248,0.15597068070589248
404,8,VC-LAR-13,VC,mmu-miR-20a-5p,mmu-let-7b-5p,0.06097803291631859,0.06097803291631859
404,8,VC-LAR-13,VC,mmu-miR-92a-1-5p,mmu-miR-124-3p,0.11806559787704228,0.11806559787704228
404,8,VC-LAR-13,VC,mmu-miR-92a-1-5p,mmu-let-7c-5p,0.010663749425051217,0.010663749425051217
404,8,VC-LAR-13,VC,mmu-miR-92a-1-5p,mmu-miR-26a-5p,-0.12632686203384477,0.12632686203384477
404,8,VC-LAR-13,VC,mmu-miR-92a-1-5p,mmu-let-7a-5p,-0.08676696451536071,0.08676696451536071
404,8,VC-LAR-13,VC,mmu-miR-92a-1-5p,mmu-let-7b-5p,0.024810962285846578,0.024810962285846578
404,9,VC-LAR-5,VC,mmu-miR-122-5p,mmu-miR-124-3p,-0.11467543841718016,0.11467543841718016
404,9,VC-LAR-5,VC,mmu-miR-122-5p,mmu-let-7c-5p,0.05170151397918129,0.05170151397918129
404,9,VC-LAR-5,VC,mmu-miR-122-5p,mmu-miR-26a-5p,0.006035979405229597,0.006035979405229597
404,9,VC-LAR-5,VC,mmu-miR-122-5p,mmu-let-7a-5p,0.027565735285558057,0.027565735285558057
404,9,VC-LAR-5,VC,mmu-miR-122-5p,mmu-let-7b-5p,0.07965006489733516,0.07965006489733516
404,9,VC-LAR-5,VC,mmu-miR-17-5p,mmu-miR-124-3p,-0.20689879406854728,0.20689879406854728
404,9,VC-LAR-5,VC,mmu-miR-17-5p,mmu-let-7c-5p,-0.3392016317549863,0.3392016317549863
404,9,VC-LAR-5,VC,mmu-miR-17-5p,mmu-miR-26a-5p,-0.435401128500477,0.435401128500477
404,9,VC-LAR-5,VC,mmu-miR-17-5p,mmu-let-7a-5p,-0.33370508398511456,0.33370508398511456
404,9,VC-LAR-5,VC,mmu-miR-17-5p,mmu-let-7b-5p,-0.2236288349163565,0.2236288349163565
404,9,VC-LAR-5,VC,mmu-miR-18a-5p,mmu-miR-124-3p,-1.0718106865063117,1.0718106865063117
404,9,VC-LAR-5,VC,mmu-miR-18a-5p,mmu-let-7c-5p,0.7159500656267487,0.7159500656267487
404,9,VC-LAR-5,VC,mmu-miR-18a-5p,mmu-miR-26a-5p,0.19051863579831385,0.19051863579831385
404,9,VC-LAR-5,VC,mmu-miR-18a-5p,mmu-let-7a-5p,0.4477909829739169,0.4477909829739169
404,9,VC-LAR-5,VC,mmu-miR-18a-5p,mmu-let-7b-5p,0.9099502780009067,0.9099502780009067
404,9,VC-LAR-5,VC,mmu-miR-19a-5p,mmu-miR-124-3p,-0.7007820578466637,0.7007820578466637
404,9,VC-LAR-5,VC,mmu-miR-19a-5p,mmu-let-7c-5p,1.195636662352384,1.195636662352384
404,9,VC-LAR-5,VC,mmu-miR-19a-5p,mmu-miR-26a-5p,0.84121251023001,0.84121251023001
404,9,VC-LAR-5,VC,mmu-miR-19a-5p,mmu-let-7a-5p,0.8739897433513157,0.8739897433513157
404,9,VC-LAR-5,VC,mmu-miR-19a-5p,mmu-let-7b-5p,1.1820175395405388,1.1820175395405388
404,9,VC-LAR-5,VC,mmu-miR-20a-5p,mmu-miR-124-3p,0.8136319742596246,0.8136319742596246
404,9,VC-LAR-5,VC,mmu-miR-20a-5p,mmu-let-7c-5p,0.5069731064127457,0.5069731064127457
404,9,VC-LAR-5,VC,mmu-miR-20a-5p,mmu-miR-26a-5p,1.096255734082418,1.096255734082418
404,9,VC-LAR-5,VC,mmu-miR-20a-5p,mmu-let-7a-5p,0.8576937641152962,0.8576937641152962
404,9,VC-LAR-5,VC,mmu-miR-20a-5p,mmu-let-7b-5p,0.16652203342722113,0.16652203342722113
404,9,VC-LAR-5,VC,mmu-miR-92a-1-5p,mmu-miR-124-3p,0.12300545849381406,0.12300545849381406
404,9,VC-LAR-5,VC,mmu-miR-92a-1-5p,mmu-let-7c-5p,-0.042731198642650625,0.042731198642650625
404,9,VC-LAR-5,VC,mmu-miR-92a-1-5p,mmu-miR-26a-5p,-0.019405087220123535,0.019405087220123535
404,9,VC-LAR-5,VC,mmu-miR-92a-1-5p,mmu-let-7a-5p,-0.06927832221263111,0.06927832221263111
404,9,VC-LAR-5,VC,mmu-miR-92a-1-5p,mmu-let-7b-5p,-0.08170145556990382,0.08170145556990382
505,1,FL-LAR-1,FL,mmu-miR-122-5p,mmu-miR-124-3p,-0.32652864045376184,0.32652864045376184
505,1,FL-LAR-1,FL,mmu-miR-122-5p,mmu-let-7c-5p,0.28645278627921766,0.28645278627921766
505,1,FL-LAR-1,FL,mmu-miR-122-5p,mmu-miR-26a-5p,0.08748982025669345,0.08748982025669345
505,1,FL-LAR-1,FL,mmu-miR-122-5p,mmu-let-7a-5p,0.26800851970814027,0.26800851970814027
505,1,FL-LAR-1,FL,mmu-miR-122-5p,mmu-let-7b-5p,0.33368593214339237,0.33368593214339237
505,1,FL-LAR-1,FL,mmu-miR-17-5p,mmu-miR-124-3p,0.07874492339760775,0.07874492339760775
505,1,FL-LAR-1,FL,mmu-miR-17-5p,mmu-let-7c-5p,0.6413054002870165,0.6413054002870165
505,1,FL-LAR-1,FL,mmu-miR-17-5p,mmu-miR-26a-5p,0.7116804695587234,0.7116804695587234
505,1,FL-LAR-1,FL,mmu-miR-17-5p,mmu-let-7a-5p,0.6317938034956266,0.6317938034956266
505,1,FL-LAR-1,FL,mmu-miR-17-5p,mmu-let-7b-5p,0.5389911102830716,0.5389911102830716
505,1,FL-LAR-1,FL,mmu-miR-18a-5p,mmu-miR-124-3p,0.2819330415266451,0.2819330415266451
505,1,FL-LAR-1,FL,mmu-miR-18a-5p,mmu-let-7c-5p,-0.11957050495507249,0.11957050495507249
505,1,FL-LAR-1,FL,mmu-miR-18a-5p,mmu-miR-26a-5p,-0.08613768261187343,0.08613768261187343
505,1,FL-LAR-1,FL,mmu-miR-18a-5p,mmu-let-7a-5p,-0.1294407833998169,0.1294407833998169
505,1,FL-LAR-1,FL,mmu-miR-18a-5p,mmu-let-7b-5p,-0.16209500806689903,0.16209500806689903
505,1,FL-LAR-1,FL,mmu-miR-19a-5p,mmu-miR-124-3p,0.3685869739783813,0.3685869739783813
505,1,FL-LAR-1,FL,mmu-miR-19a-5p,mmu-let-7c-5p,0.3311602333756128,0.3311602333756128
505,1,FL-LAR-1,FL,mmu-miR-19a-5p,mmu-miR-26a-5p,0.010143491583009465,0.010143491583009465
505,1,FL-LAR-1,FL,mmu-miR-19a-5p,mmu-let-7a-5p,0.21296244655774585,0.21296244655774585
505,1,FL-LAR-1,FL,mmu-miR-19a-5p,mmu-let-7b-5p,0.3035986841744794,0.3035986841744794
505,1,FL-LAR-1,FL,mmu-miR-20a-5p,mmu-miR-124-3p,0.2617783722744208,0.2617783722744208
505,1,FL-LAR-1,FL,mmu-miR-20a-5p,mmu-let-7c-5p,-0.5772378114484583,0.5772378114484583
505,1,FL-LAR-1,FL,mmu-miR-20a-5p,mmu-miR-26a-5p,-0.5567363719533508,0.5567363719533508
505,1,FL-LAR-1,FL,mmu-miR-20a-5p,mmu-let-7a-5p,-0.6547545202396579,0.6547545202396579
505,1,FL-LAR-1,FL,mmu-miR-20a-5p,mmu-let-7b-5p,-0.4539089665193994,0.4539089665193994
505,1,FL-LAR-1,FL,mmu-miR-92a-1-5p,mmu-miR-124-3p,-0.9166140804227331,0.9166140804227331
505,1,FL-LAR-1,FL,mmu-miR-92a-1-5p,mmu-let-7c-5p,0.20743903903098723,0.20743903903098723
505,1,FL-LAR-1,FL,mmu-miR-92a-1-5p,mmu-miR-26a-5p,-0.20052787277469802,0.20052787277469802
505,1,FL-LAR-1,FL,mmu-miR-92a-1-5p,mmu-let-7a-5p,0.3753982564764252,0.3753982564764252
505,1,FL-LAR-1,FL,mmu-miR-92a-1-5p,mmu-let-7b-5p,0.29896252141904045,0.29896252141904045
505,2,FL-LAR-13,FL,mmu-miR-122-5p,mmu-miR-124-3p,-0.09865900592024746,0.09865900592024746
505,2,FL-LAR-13,FL,mmu-miR-122-5p,mmu-let-7c-5p,-0.026199983563371183,0.026199983563371183
505,2,FL-LAR-13,FL,mmu-miR-122-5p,mmu-miR-26a-5p,-0.07180494346345467,0.07180494346345467
505,2,FL-LAR-13,FL,mmu-miR-122-5p,mmu-let-7a-5p,-0.037046456028429105,0.037046456028429105
505,2,FL-LAR-13,FL,mmu-miR-122-5p,mmu-let-7b-5p,-0.0034967001896195615,0.0034967001896195615
505,2,FL-LAR-13,FL,mmu-miR-17-5p,mmu-miR-124-3p,0.10504502448214521,0.10504502448214521
505,2,FL-LAR-13,FL,mmu-miR-17-5p,mmu-let-7c-5p,0.5949615602439737,0.5949615602439737
505,2,FL-LAR-13,FL,mmu-miR-17-5p,mmu-miR-26a-5p,0.6402843970145721,0.6402843970145721
505,2,FL-LAR-13,FL,mmu-miR-17-5p,mmu-let-7a-5p,0.5837852773054846,0.5837852773054846
505,2,FL-LAR-13,FL,mmu-miR-17-5p,mmu-let-7b-5p,0.5416143792341852,0.5416143792341852
505,2,FL-LAR-13,FL,mmu-miR-18a-5p,mmu-miR-124-3p,0.33746475335404597,0.33746475335404597
505,2,FL-LAR-13,FL,mmu-miR-18a-5p,mmu-let-7c-5p,-0.01895818744621164,0.01895818744621164
505,2,FL-LAR-13,FL,mmu-miR-18a-5p,mmu-miR-26a-5p,0.003464311815332688,0.003464311815332688
505,2,FL-LAR-13,FL,mmu-miR-18a-5p,mmu-let-7a-5p,-0.09107402282393201,0.09107402282393201
505,2,FL-LAR-13,FL,mmu-miR-18a-5p,mmu-let-7b-5p,-0.04455069978915477,0.04455069978915477
505,2,FL-LAR-13,FL,mmu-miR-19a-5p,mmu-miR-124-3p,-0.0815507211295578,0.0815507211295578
505,2,FL-LAR-13,FL,mmu-miR-19a-5p,mmu-let-7c-5p,0.09124142568616654,0.09124142568616654
505,2,FL-LAR-13,FL,mmu-miR-19a-5p,mmu-miR-26a-5p,0.07670609335958331,0.07670609335958331
505,2,FL-LAR-13,FL,mmu-miR-19a-5p,mmu-let-7a-5p,0.07144669719083745,0.07144669719083745
505,2,FL-LAR-13,FL,mmu-miR-19a-5p,mmu-let-7b-5p,0.09677507558468892,0.09677507558468892
505,2,FL-LAR-13,FL,mmu-miR-20a-5p,mmu-miR-124-3p,0.15517990783846475,0.15517990783846475
505,2,FL-LAR-13,FL,mmu-miR-20a-5p,mmu-let-7c-5p,-0.17831205361871993,0.17831205361871993
505,2,FL-LAR-13,FL,mmu-miR-20a-5p,mmu-miR-26a-5p,-0.20021043161783997,0.20021043161783997
505,2,FL-LAR-13,FL,mmu-miR-20a-5p,mmu-let-7a-5p,-0.23873583317695196,0.23873583317695196
505,2,FL-LAR-13,FL,mmu-miR-20a-5p,mmu-let-7b-5p,-0.17429257091716868,0.17429257091716868
505,2,FL-LAR-13,FL,mmu-miR-92a-1-5p,mmu-miR-124-3p,-0.14631813602269786,0.14631813602269786
505,2,FL-LAR-13,FL,mmu-miR-92a-1-5p,mmu-let-7c-5p,-0.024278643675885787,0.024278643675885787
505,2,FL-LAR-13,FL,mmu-miR-92a-1-5p,mmu-miR-26a-5p,-0.036619391680384646,0.036619391680384646
505,2,FL-LAR-13,FL,mmu-miR-92a-1-5p,mmu-let-7a-5p,0.019459951841705903,0.019459951841705903
505,2,FL-LAR-13,FL,mmu-miR-92a-1-5p,mmu-let-7b-5p,-0.0228674251042928,0.0228674251042928
505,3,FL-LAR-5,FL,mmu-miR-122-5p,mmu-miR-124-3p,0.7286205777919348,0.7286205777919348
505,3,FL-LAR-5,FL,mmu-miR-122-5p,mmu-let-7c-5p,-0.12769002953106498,0.12769002953106498
505,3,FL-LAR-5,FL,mmu-miR-122-5p,mmu-miR-26a-5p,0.19806260549570032,0.19806260549570032
505,3,FL-LAR-5,FL,mmu-miR-122-5p,mmu-let-7a-5p,0.04528819963258359,0.04528819963258359
505,3,FL-LAR-5,FL,mmu-miR-122-5p,mmu-let-7b-5p,-0.178177822661625,0.178177822661625
505,3,FL-LAR-5,FL,mmu-miR-17-5p,mmu-miR-124-3p,0.2949806386430888,0.2949806386430888
505,3,FL-LAR-5,FL,mmu-miR-17-5p,mmu-let-7c-5p,0.6353700985737305,0.6353700985737305
505,3,FL-LAR-5,FL,mmu-miR-17-5p,mmu-miR-26a-5p,0.7155048864474036,0.7155048864474036
505,3,FL-LAR-5,FL,mmu-miR-17-5p,mmu-let-7a-5p,0.5193641633066973,0.5193641633066973
505,3,FL-LAR-5,FL,mmu-miR-17-5p,mmu-let-7b-5p,0.5311165827258569,0.5311165827258569
505,3,FL-LAR-5,FL,mmu-miR-18a-5p,mmu-miR-124-3p,0.266300265052572,0.266300265052572
505,3,FL-LAR-5,FL,mmu-miR-18a-5p,mmu-let-7c-5p,-0.05914097385260301,0.05914097385260301
505,3,FL-LAR-5,FL,mmu-miR-18a-5p,mmu-miR-26a-5p,0.052119703639133604,0.052119703639133604
505,3,FL-LAR-5,FL,mmu-miR-18a-5p,mmu-let-7a-5p,0.040214527347901256,0.040214527347901256
505,3,FL-LAR-5,FL,mmu-miR-18a-5p,mmu-let-7b-5p,-0.037635451348614936,0.037635451348614936
505,3,FL-LAR-5,FL,mmu-miR-19a-5p,mmu-miR-124-3p,-0.0763249951050966,0.0763249951050966
505,3,FL-LAR-5,FL,mmu-miR-19a-5p,mmu-let-7c-5p,0.1476591639495382,0.1476591639495382
505,3,FL-LAR-5,FL,mmu-miR-19a-5p,mmu-miR-26a-5p,0.17660935770957933,0.17660935770957933
505,3,FL-LAR-5,FL,mmu-miR-19a-5p,mmu-let-7a-5p,0.18463457940379158,0.18463457940379158
505,3,FL-LAR-5,FL,mmu-miR-19a-5p,mmu-let-7b-5p,0.15274987784505348,0.15274987784505348
505,3,FL-LAR-5,FL,mmu-miR-20a-5p,mmu-miR-124-3p,0.19262983289824356,0.19262983289824356
505,3,FL-LAR-5,FL,mmu-miR-20a-5p,mmu-let-7c-5p,-0.02541414981060347,0.02541414981060347
505,3,FL-LAR-5,FL,mmu-miR-20a-5p,mmu-miR-26a-5p,-0.05060794922513512,0.05060794922513512
505,3,FL-LAR-5,FL,mmu-miR-20a-5p,mmu-let-7a-5p,-0.04515334176830943,0.04515334176830943
505,3,FL-LAR-5,FL,mmu-miR-20a-5p,mmu-let-7b-5p,-0.02295884968965145,0.02295884968965145
505,3,FL-LAR-5,FL,mmu-miR-92a-1-5p,mmu-miR-124-3p,-0.11917000094878583,0.11917000094878583
505,3,FL-LAR-5,FL,mmu-miR-92a-1-5p,mmu-let-7c-5p,-0.10844772370637659,0.10844772370637659
505,3,FL-LAR-5,FL,mmu-miR-92a-1-5p,mmu-miR-26a-5p,-0.15742144824059015,0.15742144824059015
505,3,FL-LAR-5,FL,mmu-miR-92a-1-5p,mmu-let-7a-5p,-0.07279339392359069,0.07279339392359069
505,3,FL-LAR-5,FL,mmu-miR-92a-1-5p,mmu-let-7b-5p,-0.09997155249487459,0.09997155249487459
505,4,HC-LAR-1,HC,mmu-miR-122-5p,mmu-miR-124-3p,0.29761329607041875,0.29761329607041875
505,4,HC-LAR-1,HC,mmu-miR-122-5p,mmu-let-7c-5p,-0.08994328408783374,0.08994328408783374
505,4,HC-LAR-1,HC,mmu-miR-122-5p,mmu-miR-26a-5p,0.31232891233084975,0.31232891233084975
505,4,HC-LAR-1,HC,mmu-miR-122-5p,mmu-let-7a-5p,0.03804609205332471,0.03804609205332471
505,4,HC-LAR-1,HC,mmu-miR-122-5p,mmu-let-7b-5p,-0.16226608298966308,0.16226608298966308
505,4,HC-LAR-1,HC,mmu-miR-17-5p,mmu-miR-124-3p,-0.2863911312054674,0.2863911312054674
505,4,HC-LAR-1,HC,mmu-miR-17-5p,mmu-let-7c-5p,-0.8867013636731526,0.8867013636731526
505,4,HC-LAR-1,HC,mmu-miR-17-5p,mmu-miR-26a-5p,-1.438842482026182,1.438842482026182
505,4,HC-LAR-1,HC,mmu-miR-17-5p,mmu-let-7a-5p,-0.834616183142862,0.834616183142862
505,4,HC-LAR-1,HC,mmu-miR-17-5p,mmu-let-7b-5p,-0.7600742663814648,0.7600742663814648
505,4,HC-LAR-1,HC,mmu-miR-18a-5p,mmu-miR-124-3p,-0.4191572994008918,0.4191572994008918
505,4,HC-LAR-1,HC,mmu-miR-18a-5p,mmu-let-7c-5p,0.32060609235801785,0.32060609235801785
505,4,HC-LAR-1,HC,mmu-miR-18a-5p,mmu-miR-26a-5p,-0.0008251345633956131,0.0008251345633956131
505,4,HC-LAR-1,HC,mmu-miR-18a-5p,mmu-let-7a-5p,0.2659117207992192,0.2659117207992192
505,4,HC-LAR-1,HC,mmu-miR-18a-5p,mmu-let-7b-5p,0.41398098175316905,0.41398098175316905
505,4,HC-LAR-1,HC,mmu-miR-19a-5p,mmu-miR-124-3p,0.37513765125189225,0.37513765125189225
505,4,HC-LAR-1,HC,mmu-miR-19a-5p,mmu-let-7c-5p,-0.26117937499924054,0.26117937499924054
505,4,HC-LAR-1,HC,mmu-miR-19a-5p,mmu-miR-26a-5p,-0.28116415385205357,0.28116415385205357
505,4,HC-LAR-1,HC,mmu-miR-19a-5p,mmu-let-7a-5p,-0.2870054561428332,0.2870054561428332
505,4,HC-LAR-1,HC,mmu-miR-19a-5p,mmu-let-7b-5p,-0.24984293837575636,0.24984293837575636
505,4,HC-LAR-1,HC,mmu-miR-20a-5p,mmu-miR-124-3p,-0.2650856412005851,0.2650856412005851
505,4,HC-LAR-1,HC,mmu-miR-20a-5p,mmu-let-7c-5p,0.4582791716187785,0.4582791716187785
505,4,HC-LAR-1,HC,mmu-miR-20a-5p,mmu-miR-26a-5p,0.9711694434125095,0.9711694434125095
505,4,HC-LAR-1,HC,mmu-miR-20a-5p,mmu-let-7a-5p,0.6756678299030684,0.6756678299030684
505,4,HC-LAR-1,HC,mmu-miR-20a-5p,mmu-let-7b-5p,0.4253725375536306,0.4253725375536306
505,4,HC-LAR-1,HC,mmu-miR-92a-1-5p,mmu-miR-124-3p,0.09278545288643725,0.09278545288643725
505,4,HC-LAR-1,HC,mmu-miR-92a-1-5p,mmu-let-7c-5p,0.007427524505571159,0.007427524505571159
505,4,HC-LAR-1,HC,mmu-miR-92a-1-5p,mmu-miR-26a-5p,-0.07325458117362958,0.07325458117362958
505,4,HC-LAR-1,HC,mmu-miR-92a-1-5p,mmu-let-7a-5p,-0.10091885429349833,0.10091885429349833
505,4,HC-LAR-1,HC,mmu-miR-92a-1-5p,mmu-let-7b-5p,0.018830888808103352,0.018830888808103352
505,5,HC-LAR-13,HC,mmu-miR-122-5p,mmu-miR-124-3p,-0.15423316466816078,0.15423316466816078
505,5,HC-LAR-13,HC,mmu-miR-122-5p,mmu-let-7c-5p,0.05149986021084857,0.05149986021084857
505,5,HC-LAR-13,HC,mmu-miR-122-5p,mmu-miR-26a-5p,-0.04853238120437398,0.04853238120437398
505,5,HC-LAR-13,HC,mmu-miR-122-5p,mmu-let-7a-5p,0.009878432190513674,0.009878432190513674
505,5,HC-LAR-13,HC,mmu-miR-122-5p,mmu-let-7b-5p,0.02671025210511302,0.02671025210511302
505,5,HC-LAR-13,HC,mmu-miR-17-5p,mmu-miR-124-3p,-0.0721608345678153,0.0721608345678153
505,5,HC-LAR-13,HC,mmu-miR-17-5p,mmu-let-7c-5p,-0.8768314033727319,0.8768314033727319
505,5,HC-LAR-13,HC,mmu-miR-17-5p,mmu-miR-26a-5p,-0.9792759637236793,0.9792759637236793
505,5,HC-LAR-13,HC,mmu-miR-17-5p,mmu-let-7a-5p,-1.0249158169486694,1.0249158169486694
505,5,HC-LAR-13,HC,mmu-miR-17-5p,mmu-let-7b-5p,-0.8580204837858525,0.8580204837858525
505,5,HC-LAR-13,HC,mmu-miR-18a-5p,mmu-miR-124-3p,-0.22895218158955696,0.22895218158955696
505,5,HC-LAR-13,HC,mmu-miR-18a-5p,mmu-let-7c-5p,0.05044396942782142,0.05044396942782142
505,5,HC-LAR-13,HC,mmu-miR-18a-5p,mmu-miR-26a-5p,0.026825072997113786,0.026825072997113786
505,5,HC-LAR-13,HC,mmu-miR-18a-5p,mmu-let-7a-5p,0.07674009066522568,0.07674009066522568
505,5,HC-LAR-13,HC,mmu-miR-18a-5p,mmu-let-7b-5p,0.11627306101217987,0.11627306101217987
505,5,HC-LAR-13,HC,mmu-miR-19a-5p,mmu-miR-124-3p,0.19737935495019585,0.19737935495019585
505,5,HC-LAR-13,HC,mmu-miR-19a-5p,mmu-let-7c-5p,0.08804414810680697,0.08804414810680697
505,5,HC-LAR-13,HC,mmu-miR-19a-5p,mmu-miR-26a-5p,-0.030962467790231953,0.030962467790231953
505,5,HC-LAR-13,HC,mmu-miR-19a-5p,mmu-let-7a-5p,0.019731642690931132,0.019731642690931132
505,5,HC-LAR-13,HC,mmu-miR-19a-5p,mmu-let-7b-5p,0.04123751413232331,0.04123751413232331
505,5,HC-LAR-13,HC,mmu-miR-20a-5p,mmu-miR-124-3p,-0.03144345328037157,0.03144345328037157
505,5,HC-LAR-13,HC,mmu-miR-20a-5p,mmu-let-7c-5p,0.145430980355013,0.145430980355013
505,5,HC-LAR-13,HC,mmu-miR-20a-5p,mmu-miR-26a-5p,0.17775839188082812,0.17775839188082812
505,5,HC-LAR-13,HC,mmu-miR-20a-5p,mmu-let-7a-5p,0.18744964410828596,0.18744964410828596
505,5,HC-LAR-13,HC,mmu-miR-20a-5p,mmu-let-7b-5p,0.11165253888345127,0.11165253888345127
505,5,HC-LAR-13,HC,mmu-miR-92a-1-5p,mmu-miR-124-3p,-0.17019583003129812,0.17019583003129812
505,5,HC-LAR-13,HC,mmu-miR-92a-1-5p,mmu-let-7c-5p,0.9144021761817087,0.9144021761817087
505,5,HC-LAR-13,HC,mmu-miR-92a-1-5p,mmu-miR-26a-5p,0.48022061298397617,0.48022061298397617
505,5,HC-LAR-13,HC,mmu-miR-92a-1-5p,mmu-let-7a-5p,0.7042397029950737,0.7042397029950737
505,5,HC-LAR-13,HC,mmu-miR-92a-1-5p,mmu-let-7b-5p,0.7965605049066655,0.7965605049066655
505,6,HC-LAR-5,HC,mmu-miR-122-5p,mmu-miR-124-3p,-0.3719419355848611,0.3719419355848611
505,6,HC-LAR-5,HC,mmu-miR-122-5p,mmu-let-7c-5p,0.248065431008096,0.248065431008096
505,6,HC-LAR-5,HC,mmu-miR-122-5p,mmu-miR-26a-5p,0.023353475531863843,0.023353475531863843
505,6,HC-LAR-5,HC,mmu-miR-122-5p,mmu-let-7a-5p,0.217248174334721,0.217248174334721
505,6,HC-LAR-5,HC,mmu-miR-122-5p,mmu-let-7b-5p,0.3151061610978405,0.3151061610978405
505,6,HC-LAR-5,HC,mmu-miR-17-5p,mmu-miR-124-3p,0.2617262994953005,0.2617262994953005
505,6,HC-LAR-5,HC,mmu-miR-17-5p,mmu-let-7c-5p,0.6985610196100119,0.6985610196100119
505,6,HC-LAR-5,HC,mmu-miR-17-5p,mmu-miR-26a-5p,0.765718050978467,0.765718050978467
505,6,HC-LAR-5,HC,mmu-miR-17-5p,mmu-let-7a-5p,0.670330915376932,0.670330915376932
505,6,HC-LAR-5,HC,mmu-miR-17-5p,mmu-let-7b-5p,0.650268893997418,0.650268893997418
505,6,HC-LAR-5,HC,mmu-miR-18a-5p,mmu-miR-124-3p,0.2899905305593468,0.2899905305593468
505,6,HC-LAR-5,HC,mmu-miR-18a-5p,mmu-let-7c-5p,-0.093873336680796,0.093873336680796
505,6,HC-LAR-5,HC,mmu-miR-18a-5p,mmu-miR-26a-5p,-0.023978007212038785,0.023978007212038785
505,6,HC-LAR-5,HC,mmu-miR-18a-5p,mmu-let-7a-5p,-0.06175562807475199,0.06175562807475199
505,6,HC-LAR-5,HC,mmu-miR-18a-5p,mmu-let-7b-5p,-0.1970202615348778,0.1970202615348778
505,6,HC-LAR-5,HC,mmu-miR-19a-5p,mmu-miR-124-3p,-0.10875761599454559,0.10875761599454559
505,6,HC-LAR-5,HC,mmu-miR-19a-5p,mmu-let-7c-5p,0.25248571698466543,0.25248571698466543
505,6,HC-LAR-5,HC,mmu-miR-19a-5p,mmu-miR-26a-5p,0.24270739907733513,0.24270739907733513
505,6,HC-LAR-5,HC,mmu-miR-19a-5p,mmu-let-7a-5p,0.26619923810358154,0.26619923810358154
505,6,HC-LAR-5,HC,mmu-miR-19a-5p,mmu-let-7b-5p,0.24839572615067787,0.24839572615067787
505,6,HC-LAR-5,HC,mmu-miR-20a-5p,mmu-miR-124-3p,0.3710442755361632,0.3710442755361632
505,6,HC-LAR-5,HC,mmu-miR-20a-5p,mmu-let-7c-5p,-0.26079566714809815,0.26079566714809815
505,6,HC-LAR-5,HC,mmu-miR-20a-5p,mmu-miR-26a-5p,-0.20000811271626548,0.20000811271626548
505,6,HC-LAR-5,HC,mmu-miR-20a-5p,mmu-let-7a-5p,-0.31406616693905864,0.31406616693905864
505,6,HC-LAR-5,HC,mmu-miR-20a-5p,mmu-let-7b-5p,-0.268467505836937,0.268467505836937
505,6,HC-LAR-5,HC,mmu-miR-92a-1-5p,mmu-miR-124-3p,-0.2161117571634047,0.2161117571634047
505,6,HC-LAR-5,HC,mmu-miR-92a-1-5p,mmu-let-7c-5p,-0.0944667485867588,0.0944667485867588
505,6,HC-LAR-5,HC,mmu-miR-92a-1-5p,mmu-miR-26a-5p,-0.1397997406895836,0.1397997406895836
505,6,HC-LAR-5,HC,mmu-miR-92a-1-5p,mmu-let-7a-5p,-0.07084404353324016,0.07084404353324016
505,6,HC-LAR-5,HC,mmu-miR-92a-1-5p,mmu-let-7b-5p,-0.09239104779941643,0.09239104779941643
505,7,VC-LAR-1,VC,mmu-miR-122-5p,mmu-miR-124-3p,-0.7362369273861988,0.7362369273861988
505,7,VC-LAR-1,VC,mmu-miR-122-5p,mmu-let-7c-5p,0.2997236629329562,0.2997236629329562
505,7,VC-LAR-1,VC,mmu-miR-122-5p,mmu-miR-26a-5p,-0.22509287938009956,0.22509287938009956
505,7,VC-LAR-1,VC,mmu-miR-122-5p,mmu-let-7a-5p,0.22471923211245057,0.22471923211245057
505,7,VC-LAR-1,VC,mmu-miR-122-5p,mmu-let-7b-5p,0.5519314353143272,0.5519314353143272
505,7,VC-LAR-1,VC,mmu-miR-17-5p,mmu-miR-124-3p,0.11562476678906634,0.11562476678906634
505,7,VC-LAR-1,VC,mmu-miR-17-5p,mmu-let-7c-5p,0.7108269481946389,0.7108269481946389
505,7,VC-LAR-1,VC,mmu-miR-17-5p,mmu-miR-26a-5p,0.9126418534394667,0.9126418534394667
505,7,VC-LAR-1,VC,mmu-miR-17-5p,mmu-let-7a-5p,0.8031365804269932,0.8031365804269932
505,7,VC-LAR-1,VC,mmu-miR-17-5p,mmu-let-7b-5p,0.601275025488576,0.601275025488576
505,7,VC-LAR-1,VC,mmu-miR-18a-5p,mmu-miR-124-3p,0.4225130738234537,0.4225130738234537
505,7,VC-LAR-1,VC,mmu-miR-18a-5p,mmu-let-7c-5p,-0.1631582530494296,0.1631582530494296
505,7,VC-LAR-1,VC,mmu-miR-18a-5p,mmu-miR-26a-5p,-0.12540577235243597,0.12540577235243597
505,7,VC-LAR-1,VC,mmu-miR-18a-5p,mmu-let-7a-5p,-0.23922501518888276,0.23922501518888276
505,7,VC-LAR-1,VC,mmu-miR-18a-5p,mmu-let-7b-5p,-0.2673031686972536,0.2673031686972536
505,7,VC-LAR-1,VC,mmu-miR-19a-5p,mmu-miR-124-3p,-0.06430072584237995,0.06430072584237995
505,7,VC-LAR-1,VC,mmu-miR-19a-5p,mmu-let-7c-5p,0.10095657650648109,0.10095657650648109
505,7,VC-LAR-1,VC,mmu-miR-19a-5p,mmu-miR-26a-5p,0.04149810256591696,0.04149810256591696
505,7,VC-LAR-1,VC,mmu-miR-19a-5p,mmu-let-7a-5p,0.07072964919583072,0.07072964919583072
505,7,VC-LAR-1,VC,mmu-miR-19a-5p,mmu-let-7b-5p,0.09540277868242518,0.09540277868242518
505,7,VC-LAR-1,VC,mmu-miR-20a-5p,mmu-miR-124-3p,0.1036000456859863,0.1036000456859863
505,7,VC-LAR-1,VC,mmu-miR-20a-5p,mmu-let-7c-5p,-0.03928776604855855,0.03928776604855855
505,7,VC-LAR-1,VC,mmu-miR-20a-5p,mmu-miR-26a-5p,-0.2205951241194272,0.2205951241194272
505,7,VC-LAR-1,VC,mmu-miR-20a-5p,mmu-let-7a-5p,-0.17561593236277995,0.17561593236277995
505,7,VC-LAR-1,VC,mmu-miR-20a-5p,mmu-let-7b-5p,-0.021875310824058802,0.021875310824058802
505,7,VC-LAR-1,VC,mmu-miR-92a-1-5p,mmu-miR-124-3p,-0.10609438326743352,0.10609438326743352
505,7,VC-LAR-1,VC,mmu-miR-92a-1-5p,mmu-let-7c-5p,-0.077803923032722,0.077803923032722
505,7,VC-LAR-1,VC,mmu-miR-92a-1-5p,mmu-miR-26a-5p,-0.05665453165226313,0.05665453165226313
505,7,VC-LAR-1,VC,mmu-miR-92a-1-5p,mmu-let-7a-5p,-0.038952365340204076,0.038952365340204076
505,7,VC-LAR-1,VC,mmu-miR-92a-1-5p,mmu-let-7b-5p,-0.0700983630544216,0.0700983630544216
505,8,VC-LAR-13,VC,mmu-miR-122-5p,mmu-miR-124-3p,0.61145725746901,0.61145725746901
505,8,VC-LAR-13,VC,mmu-miR-122-5p,mmu-let-7c-5p,-0.7410312378555927,0.7410312378555927
505,8,VC-LAR-13,VC,mmu-miR-122-5p,mmu-miR-26a-5p,-0.4300888568347241,0.4300888568347241
505,8,VC-LAR-13,VC,mmu-miR-122-5p,mmu-let-7a-5p,-0.6963722589021629,0.6963722589021629
505,8,VC-LAR-13,VC,mmu-miR-122-5p,mmu-let-7b-5p,-0.81835489694422,0.81835489694422
505,8,VC-LAR-13,VC,mmu-miR-17-5p,mmu-miR-124-3p,-0.18653478474249519,0.18653478474249519
505,8,VC-LAR-13,VC,mmu-miR-17-5p,mmu-let-7c-5p,-0.0808726824674523,0.0808726824674523
505,8,VC-LAR-13,VC,mmu-miR-17-5p,mmu-miR-26a-5p,-0.20049241688199507,0.20049241688199507
505,8,VC-LAR-13,VC,mmu-miR-17-5p,mmu-let-7a-5p,-0.11143507300715401,0.11143507300715401
505,8,VC-LAR-13,VC,mmu-miR-17-5p,mmu-let-7b-5p,-0.021901098704256293,0.021901098704256293
505,8,VC-LAR-13,VC,mmu-miR-18a-5p,mmu-miR-124-3p,-0.3797569021980356,0.3797569021980356
505,8,VC-LAR-13,VC,mmu-miR-18a-5p,mmu-let-7c-5p,-0.2739613678316041,0.2739613678316041
505,8,VC-LAR-13,VC,mmu-miR-18a-5p,mmu-miR-26a-5p,-0.35776111214169454,0.35776111214169454
505,8,VC-LAR-13,VC,mmu-miR-18a-5p,mmu-let-7a-5p,-0.19736768552911563,0.19736768552911563
505,8,VC-LAR-13,VC,mmu-miR-18a-5p,mmu-let-7b-5p,-0.08108391828257773,0.08108391828257773
505,8,VC-LAR-13,VC,mmu-miR-19a-5p,mmu-miR-124-3p,0.21272662111975166,0.21272662111975166
505,8,VC-LAR-13,VC,mmu-miR-19a-5p,mmu-let-7c-5p,-0.17341231773122376,0.17341231773122376
505,8,VC-LAR-13,VC,mmu-miR-19a-5p,mmu-miR-26a-5p,-0.182876684416745,0.182876684416745
505,8,VC-LAR-13,VC,mmu-miR-19a-5p,mmu-let-7a-5p,-0.1916731720192122,0.1916731720192122
505,8,VC-LAR-13,VC,mmu-miR-19a-5p,mmu-let-7b-5p,-0.20217882002034449,0.20217882002034449
505,8,VC-LAR-13,VC,mmu-miR-20a-5p,mmu-miR-124-3p,-0.07016492839611588,0.07016492839611588
505,8,VC-LAR-13,VC,mmu-miR-20a-5p,mmu-let-7c-5p,0.13107423321634992,0.13107423321634992
505,8,VC-LAR-13,VC,mmu-miR-20a-5p,mmu-miR-26a-5p,0.1736615429952508,0.1736615429952508
505,8,VC-LAR-13,VC,mmu-miR-20a-5p,mmu-let-7a-5p,0.14377333703423578,0.14377333703423578
505,8,VC-LAR-13,VC,mmu-miR-20a-5p,mmu-let-7b-5p,0.05758696587945433,0.05758696587945433
505,8,VC-LAR-13,VC,mmu-miR-92a-1-5p,mmu-miR-124-3p,0.3214792906689885,0.3214792906689885
505,8,VC-LAR-13,VC,mmu-miR-92a-1-5p,mmu-let-7c-5p,-0.057134539398248155,0.057134539398248155
505,8,VC-LAR-13,VC,mmu-miR-92a-1-5p,mmu-miR-26a-5p,0.07599802584057502,0.07599802584057502
505,8,VC-LAR-13,VC,mmu-miR-92a-1-5p,mmu-let-7a-5p,-0.07586242179419661,0.07586242179419661
505,8,VC-LAR-13,VC,mmu-miR-92a-1-5p,mmu-let-7b-5p,-0.17139483158559124,0.17139483158559124
505,9,VC-LAR-5,VC,mmu-miR-122-5p,mmu-miR-124-3p,-0.015299443722081696,0.015299443722081696
505,9,VC-LAR-5,VC,mmu-miR-122-5p,mmu-let-7c-5p,0.0016488804734162699,0.0016488804734162699
505,9,VC-LAR-5,VC,mmu-miR-122-5p,mmu-miR-26a-5p,-0.013723706068412889,0.013723706068412889
505,9,VC-LAR-5,VC,mmu-miR-122-5p,mmu-let-7a-5p,-0.00965394577748735,0.00965394577748735
505,9,VC-LAR-5,VC,mmu-miR-122-5p,mmu-let-7b-5p,-0.0070717906744297565,0.0070717906744297565
505,9,VC-LAR-5,VC,mmu-miR-17-5p,mmu-miR-124-3p,0.09639312280244983,0.09639312280244983
505,9,VC-LAR-5,VC,mmu-miR-17-5p,mmu-let-7c-5p,-0.37304850072444695,0.37304850072444695
505,9,VC-LAR-5,VC,mmu-miR-17-5p,mmu-miR-26a-5p,-0.3736370926708334,0.3736370926708334
505,9,VC-LAR-5,VC,mmu-miR-17-5p,mmu-let-7a-5p,-0.37199465619050914,0.37199465619050914
505,9,VC-LAR-5,VC,mmu-miR-17-5p,mmu-let-7b-5p,-0.36752989417727805,0.36752989417727805
505,9,VC-LAR-5,VC,mmu-miR-18a-5p,mmu-miR-124-3p,-0.5472609540573711,0.5472609540573711
505,9,VC-LAR-5,VC,mmu-miR-18a-5p,mmu-let-7c-5p,0.28036591899581215,0.28036591899581215
505,9,VC-LAR-5,VC,mmu-miR-18a-5p,mmu-miR-26a-5p,0.03272627772336509,0.03272627772336509
505,9,VC-LAR-5,VC,mmu-miR-18a-5p,mmu-let-7a-5p,0.25322897946268014,0.25322897946268014
505,9,VC-LAR-5,VC,mmu-miR-18a-5p,mmu-let-7b-5p,0.3199758938358477,0.3199758938358477
505,9,VC-LAR-5,VC,mmu-miR-19a-5p,mmu-miR-124-3p,-0.2369087801237281,0.2369087801237281
505,9,VC-LAR-5,VC,mmu-miR-19a-5p,mmu-let-7c-5p,0.739430923234128,0.739430923234128
505,9,VC-LAR-5,VC,mmu-miR-19a-5p,mmu-miR-26a-5p,0.48560334603680533,0.48560334603680533
505,9,VC-LAR-5,VC,mmu-miR-19a-5p,mmu-let-7a-5p,0.6302443033103677,0.6302443033103677
505,9,VC-LAR-5,VC,mmu-miR-19a-5p,mmu-let-7b-5p,0.7146903908559277,0.7146903908559277
505,9,VC-LAR-5,VC,mmu-miR-20a-5p,mmu-miR-124-3p,0.0661510629627931,0.0661510629627931
505,9,VC-LAR-5,VC,mmu-miR-20a-5p,mmu-let-7c-5p,0.7426192473290332,0.7426192473290332
505,9,VC-LAR-5,VC,mmu-miR-20a-5p,mmu-miR-26a-5p,0.8022871091942461,0.8022871091942461
505,9,VC-LAR-5,VC,mmu-miR-20a-5p,mmu-let-7a-5p,0.7898753036686685,0.7898753036686685
505,9,VC-LAR-5,VC,mmu-miR-20a-5p,mmu-let-7b-5p,0.6873220518546684,0.6873220518546684
505,9,VC-LAR-5,VC,mmu-miR-92a-1-5p,mmu-miR-124-3p,0.11183851846435584,0.11183851846435584
505,9,VC-LAR-5,VC,mmu-miR-92a-1-5p,mmu-let-7c-5p,-0.07543210775475022,0.07543210775475022
505,9,VC-LAR-5,VC,mmu-miR-92a-1-5p,mmu-miR-26a-5p,-0.023403556144815815,0.023403556144815815
505,9,VC-LAR-5,VC,mmu-miR-92a-1-5p,mmu-let-7a-5p,-0.07934532816483043,0.07934532816483043
505,9,VC-LAR-5,VC,mmu-miR-92a-1-5p,mmu-let-7b-5p,-0.07831442637737714,0.07831442637737714
